Duration,log_votes,movie_age,Year,genre_drama,genre_action,genre_romance,genre_comedy,genre_crime,genre_thriller,genre_family,genre_musical,genre_mystery,genre_adventure,director_encoded,director_movie_count,actor_1_encoded,actor_1_movie_count,actor_2_encoded,actor_2_movie_count,actor_3_encoded,actor_3_movie_count,Rating
109,2.1972245773362196,7,2019,1,0,0,0,0,0,0,0,0,0,6.010260583720299,1,6.067738868410274,2,6.010260583720299,1,6.010260583720299,1,7.0
110,3.58351893845611,7,2019,0,0,1,1,0,0,0,0,0,0,5.773896947356662,1,5.747524428061553,5,5.773896947356662,1,5.667738868410274,2,4.4
147,6.71901315438526,29,1997,1,0,0,1,0,0,0,1,0,0,5.552514656836931,15,5.189745229318689,18,5.763036100871804,14,5.8910888771868235,11,4.7
142,6.99117688712121,21,2005,1,0,1,0,0,0,0,0,0,0,6.463304151307705,6,5.593762214030777,20,6.147143570840253,3,6.172937023384628,8,7.4
82,5.7899601708972535,14,2012,0,0,0,0,0,1,0,0,1,0,5.8829878564475715,1,5.8829878564475715,1,5.900804151307705,6,5.8829878564475715,1,5.6
116,2.4849066497880004,12,2014,0,1,0,0,1,1,0,0,0,0,5.737533310993026,1,5.737533310993026,1,5.684405535076941,2,5.737533310993026,1,4.0
96,2.8903717578961645,22,2004,1,0,0,0,0,0,0,0,0,0,5.937533310993026,1,5.695643321046164,10,5.680643321046165,10,5.6570541513077055,6,6.2
120,4.0943445622221,10,2016,0,0,0,0,0,0,0,0,0,0,6.08440553507694,2,5.947143570840253,3,5.910260583720299,1,5.910260583720299,1,5.9
161,6.891625897052253,35,1991,0,0,1,0,0,1,0,0,0,0,5.325536100871804,14,5.333601383769235,38,5.955253755513655,21,5.436948473678331,12,6.5
166,6.240275845170769,14,2012,1,0,1,1,0,0,0,0,0,0,5.89207876553848,1,5.976072201743608,2,5.89207876553848,1,5.89207876553848,1,5.7
102,8.797850648931053,8,2018,1,0,0,1,0,0,0,0,0,0,6.000919030065949,4,6.128944742530841,101,6.244152075653853,22,5.9848877063643835,9,7.4
87,5.093750200806762,16,2010,1,0,1,1,0,0,0,0,0,0,6.215204744351664,4,5.946624220083936,1,5.946624220083936,1,6.147143570840253,3,6.3
132,4.290459441148391,68,1958,1,0,0,0,1,0,0,0,1,0,6.212514656836931,15,6.343776172923092,4,6.622579622803425,26,6.446369434205137,14,7.2
105,4.1588830833596715,5,2021,0,0,0,0,0,1,0,0,0,0,5.670066660951704,33,5.3923579264167305,93,5.947143570840253,3,5.670220493917176,3,4.4
116,3.295836866004329,9,2017,0,0,0,1,0,0,0,0,0,0,5.973896947356663,1,5.973896947356663,1,5.973896947356663,1,5.973896947356663,1,6.6
146,8.753055515138222,17,2009,1,0,0,0,0,0,0,0,1,0,6.037533310993027,1,6.275804151307705,6,6.02406664776333,3,5.9356433210461645,10,7.3
116,6.910750787961936,21,2005,1,0,0,0,0,0,0,0,0,0,6.2508041513077055,6,6.6328884004548545,36,6.384048134495738,8,6.054191094728219,5,7.1
168,2.772588722239781,33,1993,1,0,0,0,0,0,0,0,0,0,5.765204744351664,4,5.779490458637378,4,5.736633315780234,4,5.5700868612400996,23,5.6
158,7.119635638017636,24,2002,0,1,0,0,0,1,0,0,0,0,5.840857761394886,5,6.0471435708402534,3,6.036050965936664,7,5.359777075653853,22,6.9
126,2.3978952727983707,12,2014,0,1,0,0,0,0,0,0,0,0,5.692078765538481,1,5.692078765538481,1,5.680643321046165,10,5.3794904586373775,4,3.5
94,2.833213344056216,22,2004,1,0,0,0,0,0,0,0,0,0,5.782987856447572,1,5.782987856447572,1,5.680643321046165,10,5.782987856447572,1,4.5
138,8.03947991910045,18,2008,0,0,1,0,0,0,0,0,1,0,5.080321660523082,30,5.647524428061553,5,5.85091903006595,4,5.955715129174845,1,6.4
120,7.352441100243583,10,2016,0,0,0,0,0,0,0,0,1,0,5.859405535076941,2,5.325643321046165,10,5.746624220083936,1,5.746624220083936,1,4.1
124,7.502186486602924,14,2012,1,0,1,0,0,0,0,0,0,0,5.300919030065949,4,5.5080618872088065,4,5.743776172923092,4,5.810260583720299,1,4.8
144,6.975413927455952,8,2018,0,0,1,0,0,0,0,0,1,0,5.080321660523082,30,5.601072201743608,2,5.782987856447572,1,5.717738868410275,2,4.5
157,8.07837810362652,32,1994,1,1,0,0,0,0,0,0,0,0,6.15958037770137,7,5.644648673347989,53,5.217024067247869,26,5.758187170035511,16,7.2
136,7.545918151209323,19,2007,1,1,0,0,0,0,0,0,0,0,5.95940553507694,2,6.32036761202638,25,6.0471435708402534,3,6.217738868410275,2,8.1
107,3.044522437723423,7,2019,0,0,0,0,0,1,0,0,0,0,5.737533310993026,1,5.737533310993026,1,5.737533310993026,1,5.737533310993026,1,4.0
113,4.672828834461906,9,2017,0,0,0,1,0,0,0,0,0,0,5.873896947356664,1,5.873896947356664,1,5.873896947356664,1,5.873896947356664,1,5.5
80,3.091042453358316,14,2012,0,0,0,0,0,0,0,0,1,1,5.992078765538481,1,5.992078765538481,1,5.992078765538481,1,5.992078765538481,1,6.8
122,3.5263605246161616,23,2003,0,1,0,0,1,1,0,0,0,0,5.828442401902118,1,5.888304151307706,6,5.828442401902118,1,5.567738868410274,2,5.0
149,10.08726638032806,12,2014,1,0,1,1,0,0,0,0,0,0,5.801072201743608,2,5.800804151307705,6,5.783109789466075,7,5.54664870849705,16,6.9
148,9.996021153939061,8,2018,0,1,0,0,0,0,0,0,0,0,6.200989724686408,3,6.032731365321274,24,5.711656055020984,34,5.851072201743608,2,6.2
149,4.727387818712341,28,1998,0,0,0,0,1,1,0,0,1,0,5.407883941515678,17,5.333601383769235,38,5.565084306497744,24,5.884514656836932,15,3.5
130,4.553876891600541,9,2017,0,0,0,1,0,0,0,0,0,0,5.917738868410274,2,5.967738868410275,2,5.928442401902117,1,5.928442401902117,1,6.1
124,2.1972245773362196,8,2018,0,0,0,0,0,1,0,0,0,0,5.928442401902117,1,5.986633315780234,4,5.928442401902117,1,5.928442401902117,1,6.1
121,3.970291913552122,47,1979,1,0,0,0,0,0,0,0,0,0,6.073896947356662,1,6.073896947356662,1,5.648045601101225,9,6.073896947356662,1,7.7
126,5.8916442118257715,7,2019,0,0,0,0,0,0,0,0,0,0,5.928442401902117,1,6.093776172923092,4,5.928442401902117,1,6.177227436524899,7,6.1
188,6.466144724237619,24,2002,1,0,0,0,0,0,0,0,0,0,5.278820279170577,13,5.189745229318689,18,5.5565146568369315,15,5.54664870849705,16,5.1
115,5.272999558563747,52,1974,1,0,0,0,0,0,0,0,0,0,6.00116967462939,1,6.08440553507694,2,5.9937622140307765,20,6.0760722017436075,2,6.9
103,6.244166900663736,12,2014,0,0,1,0,0,0,0,0,0,0,5.759405535076941,2,5.828442401902118,1,5.7427388684102745,2,5.828442401902118,1,5.0
114,5.111987788356544,14,2012,0,0,1,1,0,0,0,0,0,0,5.6177388684102745,2,5.325643321046165,10,5.551072201743608,2,5.6738969473566625,1,3.3
115,7.750614732770409,23,2003,1,0,0,0,1,0,0,0,0,0,6.519660305758252,11,6.137978611715534,43,5.217024067247869,26,5.763036100871804,14,7.8
122,3.58351893845611,7,2019,0,0,0,1,0,0,0,0,0,0,5.92406664776333,3,6.00116967462939,1,6.00116967462939,1,5.917738868410274,2,6.9
170,12.78798095559819,17,2009,1,0,0,1,0,0,0,0,0,0,6.627524428061552,5,6.578877771926745,32,6.053698024760193,7,6.137533310993026,1,8.4
100,5.883322388488279,8,2018,1,0,0,0,0,0,0,0,0,0,6.00116967462939,1,6.00116967462939,1,6.00116967462939,1,5.925804151307705,6,6.9
99,1.9459101490553132,11,2015,1,0,0,0,0,0,0,0,0,1,5.764806038265753,1,5.785605109301792,3,5.764806038265753,1,5.764806038265753,1,4.3
109,5.476463551931511,11,2015,1,1,0,0,0,0,0,0,0,0,5.90116967462939,1,5.901072201743607,2,5.90116967462939,1,6.017738868410274,2,5.8
140,8.383433201236713,20,2006,0,0,0,1,0,1,0,0,1,0,5.825459515032975,18,5.825459515032975,18,5.9695541513077055,6,5.8043410161893565,16,5.7
122,5.973809611869261,45,1981,1,0,1,0,0,0,0,0,0,0,6.2508041513077055,6,6.055715129174845,1,6.055715129174845,1,6.055715129174845,1,7.5
128,5.53338948872752,6,2020,0,0,0,0,1,1,0,0,0,0,5.89207876553848,1,5.89207876553848,1,5.89207876553848,1,5.89207876553848,1,5.7
93,4.543294782270004,7,2019,1,0,0,0,0,0,0,0,0,0,6.016374340071023,3,5.805643321046165,10,6.017738868410274,2,6.100804151307706,6,5.6
102,4.394449154672439,41,1985,0,0,0,0,0,0,0,0,0,0,5.593762214030777,20,5.8264024600341955,17,5.83440553507694,2,5.962528186224868,3,5.6
125,7.029087564149662,13,2013,0,0,0,0,0,1,0,0,0,0,5.6177388684102745,2,5.6177388684102745,2,5.593297416994099,3,5.851072201743608,2,3.6
145,1.9459101490553132,7,2019,0,0,0,0,0,0,0,0,0,0,5.946624220083936,1,5.946624220083936,1,5.6937761729230925,4,5.946624220083936,1,6.3
121,7.8434564043761155,15,2011,1,0,0,0,0,1,0,0,1,0,5.79419109472822,5,6.037533310993027,1,6.037533310993027,1,6.067738868410274,2,7.3
75,2.302585092994046,10,2016,1,0,0,0,0,0,0,0,0,0,5.810260583720299,1,5.810260583720299,1,5.810260583720299,1,5.810260583720299,1,4.8
113,3.091042453358316,14,2012,1,0,0,0,0,0,1,1,0,0,6.082987856447573,1,6.082987856447573,1,6.082987856447573,1,6.109405535076941,2,7.8
111,4.330733340286331,14,2012,0,0,0,0,0,1,0,0,0,0,5.793776172923093,4,5.739451263147946,3,5.667738868410274,2,6.139451263147945,3,5.7
134,3.6109179126442243,52,1974,0,1,0,1,0,0,0,0,0,0,6.167381467829071,8,5.964806038265754,1,6.1419333188778396,7,5.964806038265754,1,6.5
110,2.995732273553991,15,2011,0,1,0,0,0,0,0,0,0,1,5.792078765538481,1,5.792078765538481,1,5.792078765538481,1,5.792078765538481,1,4.6
104,5.147494476813453,12,2014,0,0,0,0,0,0,0,0,0,0,5.7557151291748445,1,5.734405535076941,2,5.7557151291748445,1,5.7557151291748445,1,4.2
92,3.4657359027997265,19,2007,1,0,0,0,0,0,0,0,0,0,6.093776172923092,4,5.937533310993026,1,5.937533310993026,1,5.917738868410274,2,6.2
136,5.641907070938114,21,2005,1,0,0,1,0,0,0,0,0,0,5.416374340071022,3,5.812521554171958,7,5.850536100871803,14,6.288304151307706,6,5.3
126,2.0794415416798357,38,1988,0,1,0,0,0,0,0,0,0,0,5.828442401902118,1,5.717738868410275,2,5.842738868410275,2,5.9317589554556385,3,5.0
115,5.988961416889864,10,2016,0,0,0,0,1,1,0,0,0,0,5.901072201743607,2,5.917738868410274,2,5.89207876553848,1,5.884405535076941,2,5.7
100,2.3978952727983707,20,2006,0,0,0,0,0,0,0,0,0,0,5.937533310993026,1,5.937533310993026,1,6.101072201743608,2,6.15775554385349,11,6.2
137,8.637816633739977,15,2011,1,0,0,0,0,1,0,0,1,0,6.505643321046165,10,5.90627035671796,8,5.928442401902117,1,5.907524428061553,5,6.1
127,3.5553480614894135,39,1987,1,0,0,0,0,0,0,1,0,0,5.484405535076941,2,5.894191094728219,5,5.876072201743607,2,5.700804151307706,6,4.1
120,6.1092475827643655,7,2019,0,0,0,0,0,1,0,0,0,0,5.855715129174845,1,6.234048134495739,8,5.739451263147946,3,5.745159245606849,8,5.3
130,5.521460917862246,7,2019,1,1,0,0,0,0,0,0,0,0,5.855715129174845,1,5.776072201743607,2,5.855715129174845,1,5.83440553507694,2,5.3
122,8.605204068738951,17,2009,0,1,0,0,0,0,0,0,1,0,6.519660305758252,11,5.528400721966557,82,5.778492578940183,8,5.436948473678331,12,5.4
115,3.091042453358316,5,2021,1,0,0,0,0,0,0,0,1,1,5.973896947356663,1,5.973896947356663,1,5.973896947356663,1,5.973896947356663,1,6.6
119,4.204692619390966,23,2003,0,0,0,0,0,1,0,0,1,0,5.892738868410274,2,5.908682032378715,3,5.62234760149452,4,5.80116967462939,1,4.7
124,2.302585092994046,9,2017,0,1,0,0,0,0,0,0,0,0,5.855715129174845,1,5.39015086425912,9,5.855715129174845,1,5.855715129174845,1,5.3
135,7.92588031673756,17,2009,1,0,0,1,1,0,0,0,0,0,6.127524428061552,5,6.127524428061552,5,5.687524428061552,5,5.900804151307705,6,7.3
128,7.550661243105336,7,2019,0,0,1,0,0,0,0,1,0,0,6.0466242200839355,1,6.0466242200839355,1,6.0466242200839355,1,6.0466242200839355,1,7.4
90,3.6635616461296463,21,2005,1,0,0,0,1,0,0,0,0,0,5.810260583720299,1,5.322347601494521,4,5.810260583720299,1,5.810260583720299,1,4.8
105,6.023447592961033,10,2016,1,0,0,0,0,0,0,0,0,0,6.110260583720299,1,6.110260583720299,1,6.110260583720299,1,6.110260583720299,1,8.1
145,2.3978952727983707,9,2017,1,0,0,0,0,0,0,0,0,0,5.946624220083936,1,5.946624220083936,1,5.946624220083936,1,5.946624220083936,1,6.3
110,8.442038517815478,10,2016,1,0,0,0,0,1,0,0,0,0,6.055715129174845,1,6.243776172923092,4,5.9548358785325615,3,5.807524428061553,5,7.5
72,2.3978952727983707,11,2015,0,0,0,0,0,0,0,0,0,0,6.073896947356662,1,7.100201037826927,54,7.047450176569067,83,6.927791280160949,120,7.7
150,5.19295685089021,21,2005,0,0,0,0,0,0,0,0,1,0,5.992078765538481,1,5.579490458637379,4,5.992078765538481,1,5.992078765538481,1,6.8
103,5.313205979041787,16,2010,1,0,1,0,0,0,0,0,0,0,5.526072201743607,2,5.593762214030777,20,5.542738868410274,2,5.609405535076941,2,4.5
151,8.329899292995725,10,2016,0,1,0,1,0,0,0,0,0,1,5.244554151307706,6,4.988304151307705,6,5.2508041513077055,6,5.646624220083935,1,3.0
109,5.204006687076795,6,2020,0,0,1,1,0,0,0,0,0,0,5.793297416994099,3,5.946624220083936,1,5.946624220083936,1,5.946624220083936,1,6.3
145,8.561784074744113,9,2017,0,1,0,1,0,0,0,0,0,0,6.127524428061552,5,6.127524428061552,5,5.800989724686407,3,5.708682032378714,3,6.2
95,3.5263605246161616,7,2019,1,0,1,0,0,0,0,0,0,0,6.10116967462939,1,6.10116967462939,1,5.95940553507694,2,5.9317589554556385,3,8.0
127,2.8903717578961645,13,2013,1,0,0,0,0,0,0,0,0,0,6.037533310993027,1,6.037533310993027,1,6.037533310993027,1,6.037533310993027,1,7.3
140,4.394449154672439,13,2013,0,0,1,0,0,0,0,0,0,0,6.008682032378715,3,5.9193514928112085,1,5.9193514928112085,1,5.9193514928112085,1,6.0
89,2.772588722239781,6,2020,0,0,0,0,0,0,0,0,0,0,5.992078765538481,1,5.992078765538481,1,5.992078765538481,1,6.927791280160949,120,6.8
112,4.962844630259907,10,2016,0,0,0,0,0,1,0,0,0,0,5.416374340071022,3,5.655715129174845,1,5.655715129174845,1,5.822347601494521,4,3.1
143,6.4425401664681985,21,2005,1,0,1,0,0,0,0,0,0,0,5.063835074785437,9,5.189745229318689,18,5.081565067663014,11,5.558869434205136,14,3.8
90,5.823045895483019,9,2017,0,0,0,0,0,0,0,0,0,0,6.00116967462939,1,6.00116967462939,1,6.00116967462939,1,6.927791280160949,120,6.9
104,3.2188758248682006,7,2019,1,0,0,0,0,0,0,0,0,0,6.142738868410274,2,6.0920787655384805,1,5.808682032378714,3,6.142738868410274,2,7.9
104,11.22682880175946,18,2008,1,1,0,0,1,0,0,0,0,0,6.4275244280615516,5,5.888514656836931,15,6.387511820029784,21,6.177227436524899,7,8.1
177,7.3914152346753585,27,1999,1,0,1,0,0,0,0,1,0,0,5.873896947356664,1,6.491721282179798,73,5.9695541513077055,6,6.039603690051294,8,5.5
121,5.521460917862246,8,2018,1,0,0,0,0,0,0,0,0,0,6.10116967462939,1,6.10116967462939,1,6.10116967462939,1,5.870220493917175,3,8.0
117,6.7650389767805414,17,2009,0,1,0,0,0,1,0,0,0,0,5.828442401902118,1,5.534191094728219,5,5.081565067663014,11,5.828442401902118,1,5.0
148,5.855071922202427,53,1973,1,1,1,0,0,0,0,0,0,0,6.310788497273217,19,6.249591938691465,81,6.724115867164841,32,6.084549116340087,28,7.2
158,4.7535901911063645,32,1994,0,0,1,0,0,0,0,0,1,0,5.5760722017436075,2,5.767738868410274,2,5.379754014514597,19,5.570321660523082,30,4.4
123,5.8289456176102075,9,2017,0,1,0,0,0,0,0,0,0,0,5.619351492811209,1,4.990967175706513,55,5.619351492811209,1,5.619351492811209,1,2.7
120,2.833213344056216,10,2016,1,0,0,0,0,0,0,0,0,0,5.992078765538481,1,5.992078765538481,1,5.992078765538481,1,5.992078765538481,1,6.8
144,5.579729825986222,22,2004,0,0,0,0,0,0,0,0,0,0,5.5920787655384805,1,5.5920787655384805,1,5.500989724686407,3,5.5320541513077055,6,2.4
170,3.091042453358316,58,1968,1,0,0,1,1,0,0,0,0,0,5.976072201743608,2,6.47834521208835,91,5.916374340071022,3,6.400643321046165,10,5.5
72,5.017279836814924,8,2018,0,0,0,0,0,0,0,0,0,0,5.9548358785325615,3,6.0466242200839355,1,5.9548358785325615,3,6.0466242200839355,1,7.4
105,3.367295829986474,44,1982,1,1,0,0,1,0,0,0,0,0,5.682054151307705,6,5.3923579264167305,93,5.677912801609484,3,6.047815671819016,7,5.5
132,2.9444389791664403,49,1977,0,1,0,0,0,0,0,0,0,0,5.8375333109930265,1,5.916374340071022,3,5.858479561965267,21,6.277857564587422,12,5.1
107,4.248495242049359,7,2019,1,0,0,0,0,0,0,0,0,0,6.064806038265754,1,6.226072201743608,2,5.907524428061553,5,6.200612686710633,11,7.6
154,2.995732273553991,44,1982,1,0,0,0,0,0,0,0,0,0,5.955715129174845,1,5.95940553507694,2,6.009405535076941,2,5.829490458637379,4,6.4
157,6.343880434126331,13,2013,0,1,0,0,1,1,0,0,0,0,5.864806038265754,1,5.864806038265754,1,6.02406664776333,3,5.864806038265754,1,5.4
115,2.302585092994046,76,1950,1,0,1,0,0,0,0,0,0,0,5.982987856447571,1,5.982987856447571,1,5.95940553507694,2,6.175804151307705,6,6.7
175,5.2832037287379885,58,1968,1,0,1,0,0,0,0,0,0,0,6.421369434205137,14,6.759304267203161,29,6.622579622803425,26,6.162528186224869,3,6.8
153,4.584967478670572,33,1993,1,1,0,0,1,0,0,0,0,0,5.567524428061552,5,5.887524428061552,5,5.619554151307706,6,5.614191094728219,5,6.5
142,4.204692619390966,35,1991,0,0,0,0,0,0,0,0,0,0,5.743469829567776,11,5.982987856447571,1,6.009405535076941,2,5.9531351783589805,26,6.7
168,5.0106352940962555,57,1969,1,0,1,0,0,1,0,0,0,0,6.641027075653853,22,5.921342085059831,89,6.364745229318689,18,6.3007568482896055,7,6.2
158,4.962844630259907,33,1993,1,0,1,0,0,0,0,0,0,0,5.743469829567776,11,5.4725802696012575,88,5.983224754883523,25,5.400536100871804,14,5.0
78,4.143134726391533,17,2009,1,0,0,0,0,0,0,0,0,0,6.12406664776333,3,6.064806038265754,1,6.064806038265754,1,6.064806038265754,1,7.6
138,3.5553480614894135,49,1977,1,0,0,0,0,0,1,0,0,0,6.132054151307706,6,5.570966659438921,24,5.877912801609484,3,5.967738868410275,2,5.4
145,5.58724865840025,10,2016,0,0,0,0,0,0,0,0,0,0,5.7557151291748445,1,5.7557151291748445,1,5.731758955455637,3,6.008690733914536,26,4.2
148,2.8903717578961645,49,1977,1,0,0,0,1,0,0,0,0,0,5.833946020043966,11,6.186326972424918,11,6.1657768009097085,13,5.785605109301792,3,5.3
138,5.8805329864007,78,1948,0,0,1,0,0,0,0,1,0,0,6.432256127417015,9,6.972277075653853,22,6.247524428061553,5,6.126072201743607,2,7.4
139,5.429345628954441,32,1994,1,1,0,1,0,0,0,0,0,0,5.571345083583723,7,4.990967175706513,55,5.375536100871805,14,5.648045601101225,9,4.6
133,2.6390573296152584,32,1994,0,1,0,0,0,0,0,0,0,0,5.412902075653853,22,5.746624220083936,1,5.5471435708402534,3,5.911468511692314,26,4.1
170,4.543294782270004,39,1987,0,1,0,0,0,0,0,0,0,0,5.581264093112434,16,5.921342085059831,89,5.819266660024954,27,6.100584837314695,12,5.3
180,4.624972813284271,36,1990,1,1,0,0,0,0,0,0,0,0,5.361036596488693,41,5.219562361627795,52,5.565084306497744,24,5.614191094728219,5,4.8
137,3.091042453358316,33,1993,0,1,0,0,0,0,0,0,0,0,5.412902075653853,22,5.921342085059831,89,5.648045601101225,9,5.911468511692314,26,4.8
138,2.0794415416798357,38,1988,0,1,0,0,0,1,0,0,0,0,5.393776172923092,4,5.682987856447571,1,5.458061887208807,4,5.7580618872088065,4,3.4
151,3.970291913552122,37,1989,0,1,0,0,0,0,0,0,0,0,6.089745229318689,18,5.828442401902118,1,5.704030943604403,18,5.769554151307705,6,5.0
78,2.0794415416798357,25,2001,0,0,0,0,0,0,0,0,0,0,5.655715129174845,1,5.655715129174845,1,5.655715129174845,1,5.920857761394886,5,3.1
117,5.945420608606575,17,2009,1,0,0,1,1,0,0,0,0,0,5.828442401902118,1,5.611203495838068,9,5.900584837314695,12,5.828442401902118,1,5.0
153,5.616771097666572,26,2000,1,1,0,0,1,0,0,0,0,0,5.7557151291748445,1,4.91827862617752,29,5.448045601101226,9,5.770220493917176,3,4.2
150,5.62040086571715,73,1953,1,0,1,0,0,0,0,1,0,0,6.213304151307705,6,6.972277075653853,22,6.772514656836932,15,6.116374340071022,3,7.2
135,3.258096538021482,48,1978,1,1,0,0,0,0,0,0,0,0,6.009405535076941,2,6.306652075653853,22,6.594801845025647,26,6.308514656836931,15,6.0
149,6.1070228877422545,33,1993,1,0,1,0,0,0,0,0,0,0,5.739451263147946,3,5.333601383769235,38,5.843474236839166,34,5.54664870849705,16,6.0
150,4.553876891600541,49,1977,1,0,0,0,0,0,0,0,0,0,6.382054151307706,6,5.944554151307706,6,6.1419333188778396,7,6.10091903006595,4,6.8
116,5.641907070938114,39,1987,1,0,0,0,0,0,0,0,0,0,5.785976865733128,39,5.80709554736411,20,6.184777075653853,22,5.964221200951059,12,5.5
144,3.970291913552122,63,1963,1,0,1,0,0,0,0,0,0,0,5.917738868410274,2,6.47834521208835,91,6.24603938276924,12,6.165462730642546,7,5.6
164,6.375024819828097,36,1990,1,1,0,0,1,0,0,0,0,0,4.896369434205138,14,6.128944742530841,101,5.756652075653853,22,5.765204744351664,4,4.7
153,3.713572066704308,41,1985,1,1,0,0,0,0,0,0,0,0,5.619152075653853,22,5.333601383769235,38,5.743469829567776,11,6.285110246958587,16,5.1
147,4.976733742420574,34,1992,0,1,0,0,0,1,0,0,0,0,5.847524428061552,5,6.135342018301013,13,5.7380361008718035,14,5.744496071203626,24,5.3
170,3.1780538303479458,50,1976,0,1,1,0,0,0,0,0,0,0,5.647524428061553,5,5.700612686710633,11,5.837304297111666,52,5.463835074785436,9,3.5
128,3.4657359027997265,26,2000,0,1,0,0,1,0,0,0,0,0,5.764806038265753,1,5.3923579264167305,93,5.608682032378715,3,5.651072201743607,2,4.3
123,2.70805020110221,35,1991,0,1,1,0,0,0,0,0,0,0,5.655715129174845,1,5.200714801162405,8,5.715204744351664,4,5.809405535076941,2,3.1
157,4.189654742026425,42,1984,1,1,0,0,0,0,0,0,0,0,5.714898400996347,11,6.491721282179798,73,6.288118693193251,31,6.2951592456068495,8,5.8
128,3.295836866004329,38,1988,1,1,0,0,0,0,0,0,0,0,5.605374591472538,11,5.828442401902118,1,5.458061887208807,4,5.614191094728219,5,5.0
132,2.772588722239781,36,1990,0,1,0,0,0,0,0,0,0,0,5.581264093112434,16,5.4725802696012575,88,5.500459515032975,18,5.350714801162405,8,3.3
137,4.382026634673881,42,1984,1,1,0,0,1,0,0,0,0,0,5.995414022153857,9,5.80709554736411,20,6.184777075653853,22,5.8829878564475715,1,5.6
162,3.4339872044851463,33,1993,0,0,1,0,0,0,0,0,0,0,5.658061887208807,4,5.60091903006595,4,5.773896947356662,1,5.8910888771868235,11,4.4
137,8.00603417874901,19,2007,1,0,0,0,0,0,1,0,0,0,5.937533310993026,1,5.884887706364384,9,6.051072201743608,2,6.200612686710633,11,6.2
121,2.70805020110221,58,1968,1,0,1,0,0,0,0,0,0,0,5.982987856447571,1,5.89396343293301,21,6.356032089663826,17,6.2951592456068495,8,6.7
164,7.157735484249907,40,1986,1,1,0,0,1,0,0,0,0,0,5.9317589554556385,3,6.128944742530841,101,5.992239632997927,27,5.648385496561882,13,7.1
148,4.3694478524670215,38,1988,0,1,0,0,0,1,0,0,0,0,5.934191094728219,5,5.790996893509845,33,5.565084306497744,24,5.668316657890117,18,5.2
149,3.9889840465642745,37,1989,1,1,0,0,0,0,1,0,0,0,5.730168612995487,7,5.570966659438921,24,6.1718880864615455,18,5.400536100871804,14,4.1
120,3.091042453358316,37,1989,1,1,0,0,1,0,0,0,0,0,5.828442401902118,1,5.780643321046165,10,5.753698024760193,7,5.9675244280615525,5,5.0
171,3.5553480614894135,37,1989,1,1,0,0,1,0,0,0,0,0,5.581264093112434,16,5.3923579264167305,93,5.819351492811208,1,5.565784695424972,51,4.9
126,2.0794415416798357,47,1979,0,1,0,0,0,1,0,0,0,0,5.946624220083936,1,5.946624220083936,1,6.175643321046165,10,6.163304151307706,6,6.3
153,4.812184355372417,60,1966,1,0,0,0,0,0,0,0,0,0,6.5142212009510585,12,6.491721282179798,73,6.00116967462939,1,6.00116967462939,1,6.9
160,3.6888794541139363,36,1990,0,1,1,0,0,0,0,0,0,0,6.037533310993027,1,5.8677388684102745,2,6.037533310993027,1,6.037533310993027,1,7.3
138,2.8903717578961645,29,1997,0,1,0,0,0,0,0,0,0,0,5.888992142407253,7,5.628442401902117,1,5.726072201743608,2,5.507524428061553,5,2.8
139,3.8066624897703196,51,1975,1,0,1,0,0,0,0,0,0,0,5.743469829567776,11,6.47834521208835,91,6.453319600615392,24,6.308514656836931,15,6.3
144,6.78897174299217,46,1980,1,0,0,0,1,0,0,0,0,0,6.605374591472538,11,6.137978611715534,43,6.184777075653853,22,5.9531351783589805,26,7.9
115,8.150467911624004,16,2010,0,1,0,0,1,1,0,0,0,0,6.1977658056647,29,5.396410830261542,70,5.9695541513077055,6,5.705374591472538,11,7.0
116,3.295836866004329,14,2012,0,0,0,0,0,0,0,0,0,0,5.864806038265754,1,5.734405535076941,2,6.101072201743608,2,5.864806038265754,1,5.4
177,7.693025748417888,25,2001,0,1,0,0,0,1,0,0,0,0,5.750714801162405,8,6.514947961485934,31,5.371391221603244,28,5.758187170035511,16,7.2
152,6.827629234502852,19,2007,0,1,0,0,0,0,0,0,0,0,5.646624220083935,1,5.550919030065949,4,5.608061887208806,4,5.542738868410274,2,3.0
107,4.290459441148391,8,2018,1,0,0,0,0,0,1,0,0,0,6.532256127417016,9,6.073896947356662,1,6.15958037770137,7,6.073896947356662,1,7.7
150,7.122059881629142,25,2001,1,0,0,1,0,0,1,0,0,0,5.735110246958588,16,5.810260583720299,1,5.383762214030777,20,5.763036100871804,14,4.8
99,9.293117798433752,18,2008,1,1,0,0,1,0,0,0,0,0,6.114191094728219,5,5.912521554171958,7,6.001072201743607,2,6.073896947356662,1,7.7
163,4.406719247264253,59,1967,0,0,1,0,1,0,0,0,1,0,5.711203495838068,9,6.249591938691465,81,6.724115867164841,32,6.205191863924958,31,6.5
143,3.9889840465642745,44,1982,1,1,0,0,1,0,0,0,0,0,5.730168612995487,7,5.3923579264167305,93,6.154191094728219,5,5.962528186224868,3,6.4
130,3.6375861597263857,42,1984,1,0,0,0,0,0,0,0,0,0,6.355130291860149,12,5.939515471802202,46,6.1718880864615455,18,5.8910888771868235,11,6.4
177,5.356586274672012,56,1970,1,0,1,0,0,0,0,1,0,0,5.92406664776333,3,6.491721282179798,73,6.438036100871805,14,5.980514656836932,15,6.4
149,7.97522083865341,22,2004,1,1,0,0,1,0,0,0,0,0,6.052733322648839,13,5.528400721966557,82,5.819266660024954,27,5.8910888771868235,11,5.7
160,4.634728988229636,23,2003,1,0,0,0,0,0,0,0,0,0,5.529490458637378,4,5.39015086425912,9,5.8829878564475715,1,5.8829878564475715,1,5.6
138,4.07753744390572,46,1980,1,1,0,0,0,0,1,0,0,0,6.1309941922140565,13,6.491721282179798,73,5.9937622140307765,20,6.121888086461546,18,6.4
133,7.249215057114389,51,1975,1,0,1,0,0,0,0,0,0,0,6.944920978552715,17,6.20940553507694,2,6.453319600615392,24,6.1741910947282195,5,8.1
144,3.912023005428146,41,1985,1,0,0,0,0,0,0,0,0,0,5.605374591472538,11,6.249591938691465,81,6.244872614659345,46,5.900378424144803,24,6.1
136,3.4339872044851463,74,1952,1,0,0,0,0,0,0,0,0,0,6.5142212009510585,12,6.603274868014205,55,6.328492578940182,8,6.151072201743607,2,7.4
145,3.6635616461296463,36,1990,1,0,0,0,0,0,0,0,0,0,5.361036596488693,41,5.944554151307706,6,5.810260583720299,1,5.810260583720299,1,4.8
94,2.772588722239781,7,2019,1,0,0,0,0,0,0,0,0,0,5.973896947356663,1,5.973896947356663,1,5.973896947356663,1,5.973896947356663,1,6.6
170,7.549082710812286,33,1993,0,1,0,1,1,0,0,0,0,0,5.361036596488693,41,4.990967175706513,55,5.818403907113134,7,5.744496071203626,24,6.7
165,9.43946599496794,24,2002,1,0,0,0,1,1,0,0,0,0,5.757054151307706,6,6.128944742530841,101,5.711656055020984,34,5.870220493917175,3,7.4
154,3.367295829986474,54,1972,1,0,1,0,0,0,0,0,0,0,6.142782443206489,9,6.023907835909508,24,5.947143570840253,3,6.0760722017436075,2,6.4
150,3.2188758248682006,56,1970,1,0,0,1,0,0,1,0,0,0,5.967738868410275,2,5.911825912273516,8,6.114191094728219,5,6.000989724686407,3,6.5
141,5.081404364984463,32,1994,0,0,1,0,0,0,0,0,0,0,5.831758955455637,3,5.644496071203626,24,5.375536100871805,14,5.554835878532561,3,4.2
140,6.371611847231857,17,2009,0,0,0,1,0,0,1,0,0,0,5.8375333109930265,1,5.305643321046165,10,5.8375333109930265,1,5.6831097894660765,7,5.1
119,4.394449154672439,55,1971,1,0,1,1,0,0,0,0,0,0,6.022298540040143,13,6.306652075653853,22,6.565643321046164,10,6.205191863924958,31,6.6
145,3.4965075614664802,50,1976,1,0,0,0,0,0,1,0,0,0,6.022298540040143,13,6.249591938691465,81,6.244872614659345,46,5.955643321046165,10,5.7
153,6.042632833682381,52,1974,1,0,1,0,0,0,0,0,0,0,5.743469829567776,11,6.491721282179798,73,6.354935346088585,23,6.311203495838067,9,7.0
115,3.332204510175204,49,1977,1,1,0,1,0,0,0,0,0,0,6.139451263147945,3,5.790996893509845,33,5.837304297111666,52,6.154191094728219,5,6.3
122,6.761572768804055,20,2006,0,0,1,1,0,0,0,0,0,0,5.436050965936664,7,5.873312110041968,12,5.3349264283077,19,5.230168612995488,7,3.6
128,3.6888794541139363,62,1964,1,0,1,0,0,0,1,0,0,0,6.022298540040143,13,5.921342085059831,89,6.134405535076941,2,6.116374340071022,3,6.3
180,7.769378609513984,24,2002,1,1,1,0,0,0,0,0,0,0,5.080321660523082,30,6.114236773135286,19,4.709255061779273,13,5.469098232680173,9,3.1
145,3.6635616461296463,46,1980,1,0,1,0,0,0,1,0,0,0,5.682054151307705,6,5.80709554736411,20,5.8460393827692405,12,5.865204744351664,4,5.6
148,2.8903717578961645,45,1981,0,1,1,0,0,0,0,0,0,0,5.700415045836235,21,5.472347601494521,4,5.500459515032975,18,5.5700868612400996,23,5.2
145,5.6131281063880705,23,2003,1,1,0,1,0,0,0,0,0,0,5.790643321046164,10,6.075804151307706,6,5.782987856447572,1,5.850804151307706,6,4.5
125,3.8066624897703196,41,1985,0,1,0,0,0,0,0,0,0,0,6.466201509566438,34,5.3923579264167305,93,5.928442401902117,1,6.305643321046165,10,6.1
180,5.442417710521793,29,1997,0,0,0,0,0,1,0,0,0,0,6.323312110041968,12,5.333601383769235,38,5.784405535076941,2,5.928442401902117,1,6.1
164,8.550821372396221,15,2011,1,0,0,0,0,1,0,0,0,0,6.335342018301013,13,6.128944742530841,101,5.926221497449138,21,5.933946020043966,11,6.2
129,2.6390573296152584,52,1974,1,0,0,0,0,0,0,0,0,0,5.833946020043966,11,5.790996893509845,33,6.364745229318689,18,6.061173800747261,18,6.7
146,5.5254529391317835,72,1954,0,0,1,0,0,1,0,1,0,0,6.536050965936664,7,6.0471435708402534,3,6.463304151307705,6,6.109405535076941,2,6.6
156,4.219507705176107,64,1962,0,0,1,0,0,0,1,1,0,0,6.257054151307706,6,6.47834521208835,91,6.307340221411149,19,6.100857761394886,5,6.6
157,5.2574953720277815,19,2007,1,1,1,0,0,0,0,0,0,0,5.792078765538481,1,5.792078765538481,1,6.053698024760193,7,5.544554151307706,6,4.6
175,7.27655640271871,27,1999,1,0,1,0,0,0,0,0,0,0,5.335643321046165,10,5.884887706364384,9,5.711656055020984,34,5.875643321046164,10,5.4
171,3.1780538303479458,69,1957,0,0,1,1,0,0,0,0,0,0,5.863304151307705,6,6.183869434205136,14,6.095159245606849,8,6.3628786032973625,57,6.5
123,5.298317366548036,46,1980,1,0,1,0,0,0,0,1,0,0,5.743469829567776,11,5.4725802696012575,88,5.983224754883523,25,5.8677388684102745,2,5.3
120,7.138866999945524,16,2010,1,0,0,0,0,0,0,0,0,0,6.519660305758252,11,6.131652075653853,22,6.019351492811208,1,6.086633315780235,4,7.1
150,4.174387269895637,64,1962,0,0,1,0,0,0,0,0,0,0,6.951462009788914,33,6.618278626177521,29,6.217381467829071,8,6.165462730642546,7,6.7
160,6.0014148779611505,25,2001,1,1,1,0,0,0,0,0,0,0,5.542202767538471,14,5.189745229318689,18,5.185672541791862,24,5.575804151307706,6,3.8
115,7.358830898342354,21,2005,1,0,1,0,0,1,0,0,0,0,5.620857761394886,5,5.543224754883523,25,5.408682032378715,3,5.671345083583723,7,4.3
136,4.454347296253507,49,1977,0,0,1,0,0,0,0,0,0,0,5.743469829567776,11,6.491721282179798,73,6.313861254619549,27,5.900378424144803,24,5.5
152,7.415776975415394,36,1990,1,0,1,0,0,0,0,1,0,0,5.785976865733128,39,5.847524428061552,5,5.901072201743607,2,5.4675244280615525,5,6.3
132,10.21676426964939,13,2013,1,0,0,0,0,0,0,1,0,0,6.032403019132877,12,5.954191094728219,5,5.932256127417015,9,5.900989724686407,3,7.0
109,4.127134385045092,15,2011,1,0,1,0,0,0,0,0,0,0,5.7102605837202995,1,5.7102605837202995,1,5.7102605837202995,1,5.7102605837202995,1,3.7
146,5.318119993844216,58,1968,1,0,0,0,0,0,0,0,0,0,6.951462009788914,33,6.47834521208835,91,6.453319600615392,24,6.300989724686407,3,7.3
132,2.3978952727983707,12,2014,1,0,0,0,0,0,0,0,0,0,5.928442401902117,1,5.928442401902117,1,5.928442401902117,1,5.928442401902117,1,6.1
105,2.1972245773362196,8,2018,1,1,0,0,1,0,0,0,0,0,5.846624220083935,1,6.12234760149452,4,5.846624220083935,1,5.984405535076941,2,5.2
145,2.5649493574615367,42,1984,1,0,0,0,0,0,0,0,1,0,5.500989724686407,3,5.884405535076941,2,5.692738868410274,2,5.99419109472822,5,4.8
172,1.9459101490553132,61,1965,1,0,0,0,0,0,0,0,0,0,6.270124626996664,13,6.0451592456068495,8,5.873896947356664,1,5.984405535076941,2,5.5
88,4.04305126783455,34,1992,0,0,1,1,0,0,0,0,0,1,5.870643321046164,10,5.992078765538481,1,5.9675244280615525,5,5.565784695424972,51,6.8
150,4.48863636973214,33,1993,0,1,0,0,0,0,0,0,0,0,5.6136028878662305,13,5.4725802696012575,88,5.955253755513655,21,5.469098232680173,9,4.5
161,3.4965075614664802,60,1966,1,0,0,0,0,0,1,0,0,0,6.459735793367529,17,6.346888086461546,18,6.205643321046165,10,6.418766655496513,12,7.2
132,5.153291594497779,29,1997,1,0,0,0,0,0,0,0,0,0,6.267524428061552,5,5.630428880697443,20,5.909255061779273,13,6.116374340071022,3,6.4
113,4.605170185988092,30,1996,0,1,0,0,0,1,0,0,0,0,5.601072201743608,2,5.728442401902117,1,5.916374340071022,3,5.4861738007472605,18,3.9
155,6.655440350367647,31,1995,1,1,0,0,1,0,0,0,0,0,5.846624220083935,1,6.032731365321274,24,6.236050965936664,7,5.763036100871804,14,5.2
167,7.681099001536359,20,2006,1,1,0,0,0,1,0,0,0,0,5.559405535076941,2,5.514191094728219,5,5.686633315780235,4,5.542738868410274,2,4.4
139,2.833213344056216,47,1979,0,1,0,0,0,0,0,0,0,0,5.682054151307705,6,5.4725802696012575,88,5.942802554650895,16,5.782987856447572,1,4.5
155,6.601230118728877,32,1994,1,1,0,0,1,0,0,0,0,0,5.743469829567776,11,5.356708208998889,59,5.5562703567179605,8,5.673571785420127,16,5.8
107,4.382026634673881,20,2006,1,0,0,0,1,0,0,0,0,0,5.667738868410274,2,5.676072201743608,2,5.6937761729230925,4,5.7557151291748445,1,4.2
100,6.436150368369428,13,2013,1,0,0,0,0,1,0,0,0,0,5.662528186224869,3,5.842738868410275,2,5.081565067663014,11,5.7193514928112075,1,3.8
153,5.14166355650266,28,1998,0,0,1,1,0,0,0,0,0,0,5.984405535076941,2,6.095643321046164,10,5.8068666587394615,21,5.851072201743608,2,6.4
107,5.365976015021851,52,1974,1,0,1,0,0,0,0,0,0,0,6.267524428061552,5,6.491721282179798,73,6.724115867164841,32,6.2141910947282195,5,7.0
146,2.0794415416798357,70,1956,0,0,1,0,0,0,0,0,0,0,6.016374340071023,3,5.9437761729230925,4,5.8375333109930265,1,6.338304151307705,6,5.1
128,2.70805020110221,62,1964,0,1,0,0,0,0,0,0,0,1,6.061825912273516,8,5.928442401902117,1,5.915204744351663,4,5.9815650676630145,11,6.1
111,3.4657359027997265,27,1999,0,1,0,0,0,0,0,0,0,0,5.748045601101226,9,5.3923579264167305,93,5.5562703567179605,8,5.359777075653853,22,5.4
170,4.700480365792417,60,1966,0,0,1,0,0,0,0,1,0,0,6.142782443206489,9,6.404907235692317,13,6.208601383769235,38,6.418766655496513,12,6.6
125,5.849324779946859,15,2011,0,1,0,0,0,1,0,1,0,0,5.467738868410275,2,5.670220493917176,3,5.773896947356662,1,5.83440553507694,2,4.4
147,3.58351893845611,31,1995,1,1,1,0,0,0,0,0,0,0,5.839451263147946,3,5.839451263147946,3,5.828442401902118,1,5.4861738007472605,18,5.0
128,4.454347296253507,42,1984,0,0,0,1,0,0,0,0,0,0,5.870643321046164,10,6.009405535076941,2,6.009405535076941,2,6.383109789466076,7,6.6
133,4.394449154672439,69,1957,1,0,0,0,0,0,0,0,0,0,6.272347601494521,4,6.064806038265754,1,6.131758955455638,3,6.159405535076941,2,7.6
78,1.9459101490553132,14,2012,0,0,0,1,0,0,0,0,0,0,5.737533310993026,1,5.737533310993026,1,5.737533310993026,1,5.526072201743607,2,4.0
125,3.4965075614664802,31,1995,1,1,0,0,0,0,0,0,0,0,5.877912801609484,3,5.630428880697443,20,5.576869498317517,37,6.062528186224868,3,4.8
129,9.033603193476129,22,2004,1,1,0,0,1,0,0,0,0,0,6.354835878532561,3,6.182602372175832,18,6.2820541513077055,6,6.172937023384628,8,7.8
106,7.20414929203594,11,2015,0,1,0,0,1,1,0,0,0,0,5.90116967462939,1,6.182602372175832,18,5.842738868410275,2,6.154191094728219,5,5.8
127,1.9459101490553132,32,1994,1,0,1,0,0,0,0,0,0,0,5.737533310993026,1,5.737533310993026,1,5.737533310993026,1,5.737533310993026,1,4.0
193,7.3098814858247865,22,2004,1,1,0,0,0,0,0,0,0,0,5.8092550617792735,13,5.83440553507694,2,6.342024067247869,26,5.6937761729230925,4,4.6
137,4.31748811353631,22,2004,0,0,1,0,0,1,0,0,0,0,5.664806038265754,1,5.664806038265754,1,5.667738868410274,2,5.383109789466076,7,3.2
160,8.773229786032473,13,2013,1,0,0,0,0,0,0,0,0,0,5.244554151307706,6,5.7141910947282195,5,5.946624220083936,1,5.680857761394886,5,6.3
136,5.247024072160486,46,1980,1,1,1,0,0,0,0,0,0,0,5.934405535076941,2,6.618278626177521,29,6.057054151307705,6,6.311203495838067,9,6.4
140,3.091042453358316,71,1955,0,1,0,0,0,0,0,0,0,1,5.810260583720299,1,5.986633315780234,4,6.0320541513077055,6,6.446369434205137,14,4.8
127,4.174387269895637,31,1995,0,0,0,0,0,0,0,0,0,0,6.010260583720299,1,6.010260583720299,1,6.010260583720299,1,6.010260583720299,1,7.0
135,2.3978952727983707,49,1977,1,1,0,0,0,1,0,0,0,0,5.864806038265754,1,5.784048134495738,8,6.036050965936664,7,6.232054151307706,6,5.4
141,3.2188758248682006,58,1968,1,0,1,0,0,0,0,0,0,0,5.992078765538481,1,6.559064359342182,19,6.378254311886048,17,6.308061887208806,4,6.8
122,7.888334500738654,53,1973,1,0,0,0,0,0,0,1,0,0,6.951462009788914,33,6.128944742530841,101,6.6445146568369315,15,5.911468511692314,26,7.9
140,5.7899601708972535,35,1991,1,0,0,0,1,0,0,1,0,0,6.1977658056647,29,6.3008577613948855,5,6.010260583720299,1,6.010260583720299,1,7.0
168,3.367295829986474,37,1989,1,1,0,1,0,0,0,0,0,0,5.500989724686407,3,5.644648673347989,53,5.658061887208807,4,5.9356433210461645,10,4.6
154,4.2626798770413155,56,1970,1,0,1,0,0,0,0,0,0,0,6.267381467829072,8,6.249591938691465,81,6.244872614659345,46,6.101072201743608,2,6.7
132,4.700480365792417,42,1984,1,0,0,0,0,0,0,0,0,0,6.030168612995488,7,6.009405535076941,2,5.955253755513655,21,5.90116967462939,1,5.8
105,5.652489180268651,16,2010,1,0,0,0,1,1,0,0,0,0,5.737533310993026,1,6.290643321046164,10,5.143776172923092,4,5.672347601494521,4,4.0
96,5.365976015021851,53,1973,1,0,0,0,1,0,0,0,0,0,6.944920978552715,17,5.790996893509845,33,5.992078765538481,1,6.1177388684102745,2,6.8
160,5.5053315359323625,28,1998,0,1,0,0,0,1,0,0,1,0,5.550919030065949,4,4.990967175706513,55,5.340428880697443,20,5.400714801162405,8,4.0
142,4.74493212836325,90,1936,1,0,1,0,0,0,0,1,0,0,6.014191094728219,5,6.034191094728219,5,6.288268679421918,23,5.964806038265754,1,6.5
108,6.519147287940395,17,2009,0,1,0,0,1,0,0,0,1,0,5.662528186224869,3,5.153308758995962,9,5.39015086425912,9,5.933946020043966,11,5.0
158,6.755768921984255,7,2019,0,1,0,0,0,1,0,0,0,1,5.729490458637378,4,5.808682032378714,3,5.293297416994099,3,5.782987856447572,1,4.5
144,8.149601735736155,12,2014,0,1,0,0,1,1,0,0,0,0,5.140643321046165,10,5.6738969473566625,1,5.338956400804742,16,5.147524428061553,5,3.3
129,8.668196064952765,16,2010,0,0,1,1,0,0,0,0,0,0,5.757054151307706,6,5.528400721966557,82,5.763036100871804,14,5.8677388684102745,2,4.2
120,3.912023005428146,16,2010,1,1,0,0,1,0,0,0,0,0,5.70116967462939,1,5.70116967462939,1,5.467381467829071,8,5.450919030065949,4,3.6
139,3.6109179126442243,68,1958,1,0,1,0,0,0,0,1,0,0,5.836050965936664,7,6.972277075653853,22,6.416514656836931,15,6.3628786032973625,57,6.9
138,5.652489180268651,50,1976,1,1,0,0,0,0,1,0,0,0,5.888992142407253,7,6.128944742530841,101,6.622579622803425,26,6.206270356717961,8,6.4
137,3.367295829986474,61,1965,1,1,0,0,0,0,0,0,1,0,5.984048134495739,8,6.47834521208835,91,5.979490458637378,4,5.900989724686407,3,6.6
126,2.6390573296152584,72,1954,1,0,1,1,0,0,0,0,0,0,6.405130291860149,12,5.982987856447571,1,6.095159245606849,8,5.982987856447571,1,6.7
151,6.280395838960195,25,2001,1,1,0,0,0,0,0,0,0,0,5.864806038265754,1,6.095643321046164,10,5.7427388684102745,2,5.864806038265754,1,5.4
88,2.4849066497880004,19,2007,1,0,0,0,0,0,0,0,0,0,5.80116967462939,1,5.80116967462939,1,5.80116967462939,1,5.80116967462939,1,4.7
150,7.780720886117918,16,2010,0,1,0,1,0,1,0,0,0,0,5.992078765538481,1,5.992078765538481,1,5.700857761394886,5,5.926072201743608,2,6.8
130,5.484796933490655,43,1983,1,0,0,0,0,0,0,0,0,0,6.037533310993027,1,6.217738868410275,2,6.037533310993027,1,6.037533310993027,1,7.3
150,2.1972245773362196,71,1955,1,0,0,0,0,0,0,0,0,0,5.950919030065949,4,5.918403907113135,7,6.307340221411149,19,5.828442401902118,1,5.0
145,5.817111159963204,36,1990,0,1,0,1,0,0,0,0,0,0,6.090643321046164,10,6.032731365321274,24,6.00116967462939,1,6.00116967462939,1,6.9
106,4.634728988229636,9,2017,1,0,0,0,0,0,1,0,0,0,5.6738969473566625,1,5.6738969473566625,1,5.6738969473566625,1,5.684405535076941,2,3.3
122,4.343805421853684,43,1983,1,0,0,0,0,0,0,0,0,0,6.090643321046164,10,6.032731365321274,24,5.992239632997927,27,5.873896947356664,1,5.5
120,2.5649493574615367,7,2019,0,0,0,0,0,0,0,0,0,1,5.973896947356663,1,6.159405535076941,2,5.973896947356663,1,5.973896947356663,1,6.6
151,2.0794415416798357,48,1978,0,0,0,0,0,0,0,0,0,1,5.700643321046165,10,5.80116967462939,1,5.80116967462939,1,5.679490458637377,4,4.7
153,6.2285110035911835,46,1980,0,1,0,0,0,0,1,0,0,1,5.909405535076941,2,5.909405535076941,2,6.208601383769235,38,6.186948473678331,12,6.2
135,4.948759890378168,41,1985,0,1,0,1,0,0,0,0,0,1,5.605374591472538,11,5.792078765538481,1,5.75483587853256,3,6.1741910947282195,5,4.6
82,2.6390573296152584,15,2011,0,0,0,0,0,0,0,1,0,0,6.0920787655384805,1,7.100201037826927,54,7.047450176569067,83,6.927791280160949,120,7.9
158,9.983314852395683,10,2016,1,0,0,0,0,0,0,1,0,0,6.127524428061552,5,6.296369434205137,14,5.763036100871804,14,6.015204744351664,4,5.8
152,6.921658184151129,22,2004,1,1,0,0,0,0,0,1,0,0,5.080321660523082,30,6.128944742530841,101,5.732403019132877,12,5.705374591472538,11,4.6
153,7.140453043101158,29,1997,0,1,0,1,1,0,0,0,0,0,5.278820279170577,13,5.528400721966557,82,5.379754014514597,19,5.565784695424972,51,4.5
134,2.9444389791664403,40,1986,0,0,0,0,0,1,0,0,0,1,5.748045601101226,9,5.615204744351664,4,5.715204744351664,4,5.973896947356663,1,6.6
134,2.5649493574615367,60,1966,1,0,1,0,0,0,0,0,0,0,6.3910888771868235,11,6.47834521208835,91,6.416514656836931,15,6.207054151307705,6,6.5
168,4.060443010546419,75,1951,1,0,0,0,0,0,1,0,0,0,6.568514656836932,15,6.47834521208835,91,6.2010722017436075,2,6.148514656836932,15,7.8
195,6.933423025730715,25,2001,1,0,1,0,0,0,0,0,0,0,5.743469829567776,11,5.70116967462939,1,5.70116967462939,1,5.450919030065949,4,3.6
145,6.664409020350408,35,1991,1,0,1,0,0,0,0,0,0,0,5.83440553507694,2,6.578877771926745,32,5.642782443206489,9,6.018403907113134,7,5.9
121,2.995732273553991,76,1950,0,0,1,1,0,0,0,0,0,0,6.5142212009510585,12,6.603274868014205,55,6.236050965936664,7,6.034405535076941,2,7.1
92,3.784189633918261,12,2014,0,0,0,0,1,0,0,0,1,0,5.946624220083936,1,5.946624220083936,1,5.946624220083936,1,5.946624220083936,1,6.3
161,5.030437921392435,43,1983,1,0,0,0,0,0,1,0,0,0,6.2954140221538575,9,6.491721282179798,73,5.837304297111666,52,5.744496071203626,24,6.4
153,3.4339872044851463,54,1972,1,0,0,1,0,0,0,0,0,1,5.973896947356663,1,5.973896947356663,1,5.973896947356663,1,5.973896947356663,1,6.6
139,4.442651256490317,49,1977,1,1,0,0,1,0,0,0,0,0,5.174472453083621,13,5.958061887208807,4,5.89207876553848,1,6.044554151307706,6,5.7
157,8.88336291691676,14,2012,0,1,0,0,0,1,0,0,0,1,6.347524428061552,5,5.521729811627541,9,5.926221497449138,21,6.065643321046164,10,5.2
138,4.795790545596741,41,1985,1,0,0,0,1,0,0,0,0,0,6.605374591472538,11,6.272514656836932,15,6.019351492811208,1,6.163304151307706,6,7.1
153,3.4011973816621555,38,1988,1,1,1,0,0,0,0,0,0,0,5.743469829567776,11,5.3923579264167305,93,5.818403907113134,7,5.54664870849705,16,5.1
142,2.70805020110221,29,1997,0,1,0,0,0,0,0,0,0,0,5.655715129174845,1,5.586633315780235,4,5.63870792480587,11,5.4861738007472605,18,3.1
161,3.295836866004329,36,1990,1,1,0,0,1,0,0,0,0,0,5.825459515032975,18,5.825459515032975,18,5.8829878564475715,1,5.342782443206489,9,5.6
174,9.04793908261736,36,1990,1,1,0,0,1,0,0,0,0,0,6.000714801162405,8,6.128944742530841,101,5.576869498317517,37,6.087524428061553,5,7.7
174,10.038717501796231,14,2012,1,1,0,0,1,0,0,0,0,0,6.042738868410274,2,6.114236773135286,19,5.3349264283077,19,5.500514656836932,15,6.9
137,3.5263605246161616,29,1997,0,1,0,0,0,0,0,0,0,0,6.082987856447573,1,6.034405535076941,2,6.082987856447573,1,6.082987856447573,1,7.8
130,3.1354942159291497,45,1981,1,0,0,0,1,0,0,0,0,0,5.9193514928112085,1,6.561428974822752,13,6.114191094728219,5,5.8677388684102745,2,6.0
142,6.529418838262226,30,1996,1,0,1,0,0,0,0,1,0,0,5.325536100871804,14,5.333601383769235,38,6.324514656836932,15,5.758187170035511,16,6.1
123,3.9889840465642745,29,1997,0,1,0,0,0,0,0,0,0,0,5.658061887208807,4,5.70116967462939,1,6.387511820029784,21,5.400536100871804,14,3.6
140,3.2188758248682006,26,2000,0,1,0,0,0,0,0,0,0,0,5.588992142407252,7,5.322277075653853,22,5.576869498317517,37,5.357054151307706,6,4.6
126,5.8916442118257715,24,2002,1,0,1,0,0,0,0,0,0,0,5.792078765538481,1,5.333601383769235,38,5.792078765538481,1,5.673571785420127,16,4.6
124,2.995732273553991,46,1980,1,0,0,1,0,0,0,1,0,0,6.1309941922140565,13,5.630428880697443,20,6.208061887208806,4,5.9510722017436075,2,6.2
130,6.431331081933479,17,2009,1,0,0,0,0,0,0,0,1,0,5.670066660951704,33,5.577912801609484,3,5.277912801609484,3,5.817738868410274,2,2.9
81,5.365976015021851,7,2019,1,0,0,1,0,0,0,0,0,0,6.028442401902117,1,6.20940553507694,2,6.059405535076941,2,6.028442401902117,1,7.2
145,3.9889840465642745,31,1995,1,0,0,0,0,0,0,0,0,0,5.730168612995487,7,5.3923579264167305,93,5.827524428061553,5,6.205191863924958,31,5.9
103,2.3978952727983707,47,1979,1,1,0,0,0,0,0,0,0,0,5.724066647763331,3,6.229837873202802,34,5.837304297111666,52,5.463835074785436,9,4.1
141,3.828641396489095,45,1981,0,0,1,0,0,0,0,1,0,0,5.728492578940183,8,6.010260583720299,1,5.784405535076941,2,5.788613718262449,24,7.0
122,7.307872780763706,20,2006,1,0,1,0,0,0,0,0,0,0,6.050919030065949,4,6.362517448615395,11,5.995159245606849,8,6.010260583720299,1,7.0
144,3.6635616461296463,47,1979,1,0,1,0,0,0,0,0,0,0,5.89207876553848,1,6.249591938691465,81,6.054191094728219,5,5.724286260054311,7,5.7
130,10.894848650457261,10,2016,1,0,0,0,0,0,0,0,0,0,6.12406664776333,3,5.528400721966557,82,6.2427388684102745,2,6.286633315780235,4,8.0
120,3.970291913552122,11,2015,1,0,0,0,0,0,0,0,0,0,5.973896947356663,1,5.973896947356663,1,5.973896947356663,1,5.825804151307706,6,6.6
126,8.282483003730562,16,2010,1,0,1,1,0,0,0,0,0,0,5.828442401902118,1,5.854191094728219,5,6.043776172923093,4,5.759405535076941,2,5.0
132,4.23410650459726,30,1996,0,0,1,1,0,0,0,0,0,0,5.839451263147946,3,5.839451263147946,3,6.062528186224868,3,5.926072201743608,2,6.6
125,2.0794415416798357,17,2009,1,1,0,1,0,0,0,0,0,0,5.9510722017436075,2,5.436633315780235,4,5.746624220083936,1,5.262528186224869,3,4.1
133,5.0106352940962555,41,1985,0,0,1,0,0,1,0,0,0,0,6.000714801162405,8,5.80709554736411,20,5.565084306497744,24,5.900378424144803,24,6.9
160,9.1821466376054,22,2004,1,0,1,0,0,1,0,0,0,0,5.825459515032975,18,5.825459515032975,18,5.711656055020984,34,5.8043410161893565,16,6.6
157,8.335191583433202,8,2018,1,1,0,0,0,1,0,0,0,0,6.4275244280615516,5,5.877227436524898,7,5.911203495838068,9,5.6937761729230925,4,5.3
152,7.476472381163905,14,2012,0,0,1,1,0,0,0,0,0,0,5.773896947356662,1,5.807524428061553,5,5.7427388684102745,2,5.773896947356662,1,4.4
116,6.255750041753367,14,2012,0,0,1,1,0,0,0,0,0,0,5.732054151307706,6,5.600857761394886,5,5.516374340071023,3,5.727524428061553,5,4.2
150,9.487593248937424,17,2009,0,1,1,1,0,0,0,0,0,0,6.400559409605361,13,6.296369434205137,14,5.811173800747261,18,5.727524428061553,5,6.4
115,3.970291913552122,9,2017,1,0,0,0,0,0,0,0,0,0,5.90116967462939,1,5.90116967462939,1,5.90116967462939,1,5.809405535076941,2,5.8
139,5.1647859739235145,52,1974,1,0,1,0,0,0,0,0,0,0,6.466201509566438,34,6.491721282179798,73,6.313861254619549,27,6.205191863924958,31,6.5
146,5.236441962829949,30,1996,1,1,1,0,0,0,0,0,0,0,5.063835074785437,9,5.219562361627795,52,5.185672541791862,24,5.782602372175831,18,3.7
142,8.327000740241713,5,2021,1,0,1,0,0,0,0,0,0,0,6.193297416994099,3,5.982987856447571,1,5.982987856447571,1,5.982987856447571,1,6.7
104,6.881411303642535,9,2017,1,0,0,0,0,0,0,0,0,0,6.147143570840253,3,6.00116967462939,1,6.034405535076941,2,6.00116967462939,1,6.9
165,9.007612005404566,25,2001,1,1,0,0,1,0,0,0,0,0,5.825459515032975,18,5.825459515032975,18,5.711656055020984,34,5.250714801162405,8,6.4
178,7.102499355774649,35,1991,0,1,0,1,0,0,0,0,0,1,5.855715129174845,1,5.855715129174845,1,6.342024067247869,26,5.990643321046164,10,5.3
125,3.6888794541139363,22,2004,0,1,0,0,0,1,0,0,0,0,5.616374340071022,3,5.95940553507694,2,5.828442401902118,1,6.008690733914536,26,5.0
108,9.427868184504756,6,2020,0,1,0,1,1,0,0,0,0,0,6.440857761394886,5,5.644648673347989,53,5.947143570840253,3,6.154835878532561,3,6.9
149,7.527255919373784,13,2013,1,0,1,0,0,0,0,0,0,0,6.236633315780234,4,6.078492578940182,8,5.925804151307705,6,5.932054151307705,6,6.3
136,3.4965075614664802,61,1965,1,0,0,0,0,0,0,0,0,0,6.257054151307706,6,5.921342085059831,89,6.184887706364384,9,5.955643321046165,10,6.6
180,6.045005314036012,35,1991,1,1,0,0,0,1,0,0,0,0,6.090643321046164,10,6.128944742530841,101,5.217024067247869,26,5.54664870849705,16,5.0
139,3.6635616461296463,47,1979,1,0,0,0,0,0,0,1,0,0,6.073896947356662,1,6.285605109301792,3,6.073896947356662,1,6.193297416994099,3,7.7
160,8.472405008626103,31,1995,1,0,0,0,0,0,0,0,0,0,6.286633315780235,4,6.578877771926745,32,5.340428880697443,20,6.010260583720299,1,7.0
165,2.4849066497880004,27,1999,0,0,1,0,0,0,0,0,0,0,5.572347601494521,4,5.8829878564475715,1,5.8829878564475715,1,5.8829878564475715,1,5.6
146,6.782192056006791,24,2002,0,0,1,1,0,0,0,0,0,0,5.700415045836235,21,4.990967175706513,55,5.371391221603244,28,5.469725631573973,16,5.1
132,2.6390573296152584,37,1989,1,1,0,0,0,0,0,0,0,0,6.009405535076941,2,6.249591938691465,81,5.83440553507694,2,5.5577555438534905,11,5.3
184,7.395107546562485,25,2001,0,1,0,0,1,0,0,0,0,0,6.1258041513077055,6,6.128944742530841,101,5.371391221603244,28,5.933946020043966,11,5.8
135,7.050122520269059,20,2006,1,0,1,0,0,1,0,0,0,0,5.750584837314696,12,5.543224754883523,25,5.325804151307706,6,5.667738868410274,2,4.8
127,6.035481432524756,9,2017,1,0,0,0,1,0,0,0,1,0,5.750584837314696,12,5.601072201743608,2,5.70116967462939,1,5.662528186224869,3,3.6
160,5.793013608384144,49,1977,1,0,0,0,0,0,0,1,0,0,6.951462009788914,33,6.128944742530841,101,5.837304297111666,52,6.067738868410274,2,6.7
144,2.772588722239781,74,1952,0,0,0,0,0,0,0,0,0,1,5.700643321046165,10,6.172347601494521,4,6.307340221411149,19,5.910260583720299,1,5.9
132,7.951559331155252,17,2009,0,1,0,1,0,0,0,0,0,1,6.0320541513077055,6,6.128944742530841,101,5.231796183454951,25,5.470124626996665,13,4.6
174,4.465908118654584,41,1985,0,0,1,0,0,0,1,1,0,0,6.466201509566438,34,6.491721282179798,73,6.594801845025647,26,5.99419109472822,5,6.4
123,7.067319848653476,20,2006,1,1,0,0,0,0,0,0,0,0,5.325804151307706,6,5.5760722017436075,2,5.39015086425912,9,5.7193514928112075,1,3.8
136,2.0794415416798357,7,2019,0,0,0,1,0,0,0,0,0,0,6.00116967462939,1,6.00116967462939,1,6.00116967462939,1,6.00116967462939,1,6.9
124,2.1972245773362196,53,1973,1,0,0,0,0,0,0,0,0,0,5.992078765538481,1,6.092738868410275,2,5.992078765538481,1,6.2010722017436075,2,6.8
144,5.087596335232384,47,1979,1,0,0,0,0,0,0,0,0,1,6.10627035671796,8,6.514947961485934,31,5.729184115282061,11,5.973896947356663,1,6.6
145,6.6039438246004725,25,2001,1,0,1,1,0,0,0,0,0,0,5.739451263147946,3,4.990967175706513,55,5.763036100871804,14,5.668316657890117,18,3.7
158,4.418840607796598,75,1951,1,0,0,1,0,0,0,1,0,0,6.009405535076941,2,6.029490458637378,4,5.987524428061552,5,6.010260583720299,1,7.0
110,6.061456918928017,46,1980,1,0,1,1,0,0,0,0,0,0,6.225804151307706,6,6.137978611715534,43,6.288118693193251,31,6.229490458637378,4,7.5
100,5.857933154483459,7,2019,1,0,0,0,0,0,0,0,0,0,5.8677388684102745,2,5.873896947356664,1,6.15958037770137,7,5.873896947356664,1,5.5
109,3.6375861597263857,7,2019,1,0,0,0,0,0,0,0,0,0,5.910260583720299,1,5.910260583720299,1,5.910260583720299,1,5.910260583720299,1,5.9
154,2.70805020110221,60,1966,0,0,1,0,0,0,0,0,0,1,5.700643321046165,10,6.471632800332116,53,6.042738868410274,2,6.271345083583723,7,6.4
145,3.8501476017100584,72,1954,1,1,0,0,0,0,0,0,0,1,5.700643321046165,10,6.039451263147945,3,6.000919030065949,4,5.822347601494521,4,6.2
163,3.332204510175204,49,1977,0,1,0,0,0,0,0,0,0,1,6.088304151307705,6,6.062528186224868,3,5.63870792480587,11,6.000989724686407,3,6.7
120,4.927253685157205,9,2017,1,0,0,0,0,0,0,0,0,0,6.051072201743608,2,5.964806038265754,1,5.964806038265754,1,5.964806038265754,1,6.5
135,2.4849066497880004,73,1953,0,0,0,0,0,0,0,0,0,0,6.024286260054311,7,6.000919030065949,4,5.946624220083936,1,6.3628786032973625,57,6.3
114,8.764521909518802,11,2015,1,0,0,0,0,0,0,0,0,0,6.122937023384627,8,6.32036761202638,25,6.071345083583723,7,6.163304151307706,6,7.8
126,7.322510433997394,11,2015,1,0,1,1,0,0,0,0,0,0,6.000919030065949,4,5.939515471802202,46,6.1428025546508955,16,5.684405535076941,2,3.8
97,5.953243334287785,6,2020,0,0,0,0,0,1,0,0,0,0,6.0920787655384805,1,6.0920787655384805,1,6.0920787655384805,1,6.0920787655384805,1,7.9
128,3.4657359027997265,42,1984,1,1,0,0,0,0,0,0,0,0,6.022298540040143,13,5.8152047443516635,4,5.542202767538471,14,6.061173800747261,18,4.8
144,8.663369301573839,17,2009,1,1,0,1,0,0,0,0,0,0,5.8092550617792735,13,5.356708208998889,59,5.338956400804742,16,5.977912801609484,3,6.2
123,5.717027701406222,16,2010,1,1,0,0,1,0,0,0,0,0,6.016374340071023,3,5.928442401902117,1,5.928442401902117,1,5.767738868410274,2,6.1
149,2.0794415416798357,29,1997,0,0,0,1,0,0,0,0,0,0,5.764806038265753,1,5.764806038265753,1,5.237519285311752,9,5.469725631573973,16,4.3
160,4.890349128221754,40,1986,1,1,0,0,0,0,0,0,0,0,5.770220493917176,3,5.333601383769235,38,6.189603690051293,8,6.013304151307706,6,5.4
133,7.392031567514591,11,2015,0,0,0,0,0,0,0,0,0,0,5.300919030065949,4,5.079624548469646,9,5.609405535076941,2,5.7102605837202995,1,3.7
126,7.16703787691222,15,2011,1,0,0,1,1,0,0,0,0,0,5.737533310993026,1,5.747143570840253,3,5.734405535076941,2,5.8866333157802355,4,4.0
140,6.315358001522335,32,1994,1,1,0,0,0,0,0,0,0,0,5.407883941515678,17,5.356708208998889,59,5.711656055020984,34,5.851072201743608,2,4.7
152,3.7376696182833684,59,1967,1,0,1,0,0,0,0,0,0,1,6.022298540040143,13,6.306652075653853,22,6.364745229318689,18,6.418766655496513,12,6.5
137,3.1780538303479458,10,2016,0,1,0,0,0,0,0,0,0,0,5.817738868410274,2,5.767738868410274,2,6.27436139057491,9,6.059405535076941,2,6.6
153,5.4510384535657,51,1975,1,0,0,0,0,0,1,0,0,0,6.466201509566438,34,6.236633315780234,4,6.724115867164841,32,6.054835878532561,3,7.0
149,5.093750200806762,72,1954,1,0,1,0,0,0,0,1,0,0,6.483168105257534,13,6.370643321046164,10,6.328492578940182,8,6.126072201743607,2,6.8
148,3.6635616461296463,68,1958,0,0,1,0,0,0,0,1,0,0,6.291088877186824,11,6.603274868014205,55,6.358187170035511,16,6.207054151307705,6,6.6
166,2.8903717578961645,90,1936,1,0,0,0,0,0,0,0,0,0,6.380514656836932,15,6.131758955455638,3,5.928442401902117,1,5.928442401902117,1,6.1
143,7.373374309910049,54,1972,1,0,1,0,0,0,0,1,0,0,6.466201509566438,34,6.491721282179798,73,6.724115867164841,32,6.100536100871803,14,8.2
143,3.258096538021482,6,2020,1,0,0,0,0,0,0,0,0,0,5.501072201743607,2,5.773896947356662,1,5.773896947356662,1,5.773896947356662,1,4.4
121,2.70805020110221,65,1961,1,0,0,0,0,0,0,0,0,0,5.964806038265754,1,6.306652075653853,22,6.228492578940183,8,6.165462730642546,7,6.5
133,2.833213344056216,48,1978,0,1,0,1,0,0,0,0,0,1,5.700415045836235,21,6.249591938691465,81,5.819266660024954,27,5.847143570840253,3,4.9
184,8.900685318713995,49,1977,1,1,0,1,0,0,0,0,0,0,6.310788497273217,19,5.790996893509845,33,6.244152075653853,22,6.367143200774937,17,7.5
134,5.733341276897746,7,2019,0,0,0,0,0,1,0,0,0,0,5.300919030065949,4,5.628442401902117,1,5.551072201743608,2,5.628442401902117,1,2.8
153,3.7376696182833684,36,1990,0,0,0,0,0,0,1,0,0,0,6.022298540040143,13,6.6328884004548545,36,5.532731365321274,24,5.74603938276924,12,4.2
141,4.189654742026425,74,1952,1,1,0,0,0,0,0,0,0,1,6.147143570840253,3,6.972277075653853,22,6.772514656836932,15,6.350584837314695,12,6.9
95,2.833213344056216,13,2013,0,0,0,0,0,0,0,0,1,0,5.773896947356662,1,5.773896947356662,1,5.773896947356662,1,5.773896947356662,1,4.4
100,7.368970402194793,25,2001,1,0,1,1,0,0,0,0,0,0,5.973896947356663,1,5.973896947356663,1,5.973896947356663,1,5.973896947356663,1,6.6
140,4.51085950651685,52,1974,0,1,0,0,0,1,0,0,0,0,6.022298540040143,13,6.603274868014205,55,6.244872614659345,46,6.292202767538471,14,6.6
155,3.871201010907891,36,1990,0,0,0,0,0,0,1,0,0,0,5.700415045836235,21,5.4725802696012575,88,5.837304297111666,52,5.61709554736411,20,4.9
110,5.8522024797744745,12,2014,0,0,1,1,0,0,0,0,0,0,5.8260722017436075,2,5.864806038265754,1,5.864806038265754,1,5.864806038265754,1,5.4
135,2.4849066497880004,40,1986,1,0,0,0,0,0,0,0,0,0,5.937533310993026,1,6.023907835909508,24,5.576869498317517,37,5.5577555438534905,11,6.2
110,2.0794415416798357,25,2001,1,0,0,0,0,1,0,0,0,0,5.8829878564475715,1,5.8829878564475715,1,5.8829878564475715,1,5.8829878564475715,1,5.6
117,6.77078942390898,5,2021,1,0,0,1,0,0,0,0,0,0,6.110260583720299,1,6.394874495348429,7,5.6856433210461645,10,6.110260583720299,1,8.1
119,5.272999558563747,60,1966,0,0,0,0,0,0,0,1,0,0,6.2954140221538575,9,6.183869434205136,14,6.24603938276924,12,6.292202767538471,14,6.6
137,5.135798437050262,40,1986,1,0,0,0,0,0,1,0,0,0,6.022298540040143,13,6.491721282179798,73,6.184777075653853,22,5.788613718262449,24,7.0
102,6.75343791859778,21,2005,1,0,0,0,0,0,0,0,0,0,6.247143570840253,3,6.106639201230782,7,6.054835878532561,3,6.037533310993027,1,7.3
72,2.4849066497880004,8,2018,0,0,0,0,0,0,0,0,0,0,6.070220493917176,3,7.100201037826927,54,7.047450176569067,83,6.927791280160949,120,8.4
168,5.796057750765372,59,1967,0,0,1,0,0,1,0,1,0,0,6.466201509566438,34,6.6843833277482565,34,6.724115867164841,32,6.00116967462939,1,6.9
96,7.564757012905729,10,2016,0,0,0,0,0,1,0,0,0,0,6.164806038265753,1,6.164806038265753,1,6.164806038265753,1,6.164806038265753,1,8.7
113,7.400620577371135,9,2017,1,0,0,0,0,0,0,0,0,0,5.851072201743608,2,5.850804151307706,6,5.910260583720299,1,6.114191094728219,5,5.9
125,5.631211781821365,53,1973,0,0,1,0,0,0,0,1,1,0,6.142782443206489,9,6.471632800332116,53,6.6445146568369315,15,6.044554151307706,6,7.1
122,10.371551802400813,55,1971,1,0,0,0,0,0,0,1,0,0,6.951462009788914,33,6.491721282179798,73,6.342024067247869,26,6.300989724686407,3,8.3
176,4.454347296253507,74,1952,1,0,0,0,0,0,0,0,0,0,6.286633315780235,4,6.0451592456068495,8,6.350804151307706,6,6.064806038265754,1,7.6
127,4.948759890378168,49,1977,1,0,0,0,0,0,1,0,0,0,6.466201509566438,34,6.47834521208835,91,6.170220493917176,3,6.063835074785437,9,7.1
166,6.608000625296087,67,1959,1,0,0,1,0,0,0,1,0,0,6.951462009788914,33,6.618278626177521,29,6.471382787771719,21,6.472041258139204,11,7.9
171,6.063785208687608,33,1993,1,0,1,1,0,0,0,0,0,0,5.190643321046164,10,6.023907835909508,24,5.810260583720299,1,4.8659609110663204,19,4.8
144,3.6109179126442243,51,1975,1,0,1,0,0,0,0,0,0,0,6.456270356717961,8,6.249591938691465,81,6.724115867164841,32,6.100584837314695,12,6.2
169,6.456769655572163,27,1999,0,0,0,1,0,0,0,0,0,0,5.60627035671796,8,4.990967175706513,55,5.371391221603244,28,5.726072201743608,2,5.0
175,4.290459441148391,73,1953,0,0,1,0,0,0,0,1,0,0,6.12406664776333,3,6.059405535076941,2,6.416514656836931,15,6.175804151307705,6,7.2
93,4.007333185232471,10,2016,1,0,0,0,1,0,0,0,0,0,6.220857761394885,5,5.864806038265754,1,5.864806038265754,1,5.864806038265754,1,5.4
145,7.7664168980196555,23,2003,1,0,1,0,0,0,0,1,0,0,5.468766655496513,12,5.528400721966557,82,5.77419109472822,5,5.558869434205136,14,5.3
148,6.212606095751519,77,1949,1,0,0,0,1,0,0,1,0,0,6.483168105257534,13,6.972277075653853,22,6.487515931344491,13,6.028442401902117,1,7.2
166,5.62040086571715,55,1971,1,0,1,0,0,0,0,0,0,0,6.090643321046164,10,6.6843833277482565,34,6.1419333188778396,7,6.186948473678331,12,6.7
167,5.998936561946683,32,1994,1,1,0,1,0,0,0,0,0,0,5.361036596488693,41,5.644648673347989,53,5.843474236839166,34,4.8659609110663204,19,4.4
160,10.835868145559232,32,1994,0,1,1,1,0,0,0,0,0,0,6.400559409605361,13,6.578877771926745,32,5.44664870849705,16,5.673571785420127,16,8.1
148,2.833213344056216,36,1990,1,1,0,0,0,0,0,0,0,0,6.466201509566438,34,5.3923579264167305,93,5.750714801162405,8,6.332403019132877,12,6.8
144,3.9889840465642745,41,1985,1,1,0,0,1,0,0,0,0,0,5.992078765538481,1,6.514947961485934,31,5.992078765538481,1,6.051072201743608,2,6.8
155,6.502790045915623,43,1983,1,1,0,0,0,0,0,0,0,0,5.527662618815857,23,6.128944742530841,101,5.729184115282061,11,6.186948473678331,12,6.1
139,11.26320690547022,8,2018,1,0,0,0,1,0,0,0,0,0,6.347524428061552,5,6.57970276753847,14,5.8068666587394615,21,6.165204744351663,4,8.2
110,3.4339872044851463,51,1975,1,0,0,0,1,1,0,0,0,0,5.593762214030777,20,5.8264024600341955,17,5.859405535076941,2,5.8375333109930265,1,5.1
129,4.04305126783455,40,1986,1,0,0,1,0,0,0,0,0,0,5.992078765538481,1,5.992078765538481,1,5.992078765538481,1,6.2141910947282195,5,6.8
152,2.6390573296152584,42,1984,1,0,0,0,0,1,0,0,0,0,5.972347601494521,4,5.894191094728219,5,5.700989724686408,3,5.873896947356664,1,5.5
165,5.521460917862246,31,1995,1,1,0,1,0,0,0,0,0,0,5.379624548469647,9,5.178820279170577,13,5.658061887208807,4,5.828442401902118,1,5.0
176,5.697093486505405,34,1992,1,1,0,0,1,0,0,0,0,0,5.665462730642546,7,5.333601383769235,38,5.565084306497744,24,6.169098232680173,9,6.4
127,3.4339872044851463,30,1996,0,1,0,0,1,0,0,0,0,0,6.1309941922140565,13,5.49015086425912,9,5.764806038265753,1,5.686633315780235,4,4.3
141,6.677083461247136,28,1998,1,1,0,0,1,0,0,0,0,0,5.785976865733128,39,5.528400721966557,82,5.9608577613948865,5,5.55958037770137,7,5.3
114,4.442651256490317,15,2011,1,1,0,0,0,0,0,0,0,0,5.762528186224869,3,5.946624220083936,1,5.892738868410274,2,5.946624220083936,1,6.3
131,8.502079553606189,44,1982,0,0,0,1,0,0,0,0,0,0,6.944920978552715,17,6.471632800332116,53,6.1718880864615455,18,6.2951592456068495,8,8.3
106,3.9889840465642745,21,2005,1,0,0,0,0,0,0,0,0,0,5.412902075653853,22,5.643469829567775,11,5.928442401902117,1,5.586633315780235,4,6.1
116,5.123963979403259,31,1995,0,1,1,0,0,0,0,0,0,0,5.847524428061552,5,5.219562361627795,52,5.8788202791705775,13,5.777912801609484,3,4.4
145,9.367429587218957,6,2020,1,0,0,1,0,0,0,0,0,0,6.031758955455638,3,6.693069126700863,17,6.231758955455637,3,5.8043410161893565,16,7.3
121,7.919356190660617,11,2015,1,0,0,1,0,0,0,0,0,0,6.286633315780235,4,6.010260583720299,1,6.001072201743607,2,6.186633315780235,4,7.0
153,3.367295829986474,66,1960,1,1,0,0,0,0,0,0,0,1,6.326992969522278,9,6.000919030065949,4,6.10055940960536,13,6.308061887208806,4,6.1
155,4.356708826689592,74,1952,1,0,1,0,0,1,0,0,0,0,6.270124626996664,13,6.972277075653853,22,6.772514656836932,15,6.350584837314695,12,7.2
127,3.713572066704308,53,1973,1,0,1,0,0,1,0,0,0,0,6.355130291860149,12,6.471632800332116,53,6.1657768009097085,13,6.009405535076941,2,7.1
154,4.795790545596741,59,1967,0,0,0,0,0,1,0,1,1,0,6.321888086461547,18,6.208682032378714,3,6.500584837314696,12,6.055643321046165,10,6.4
136,2.5649493574615367,39,1987,0,0,0,0,0,1,0,0,0,0,5.855715129174845,1,5.784405535076941,2,5.855715129174845,1,6.1056433210461645,10,5.3
170,8.715059959545654,32,1994,1,0,0,0,0,1,0,0,0,0,5.552514656836931,15,5.884887706364384,9,6.144037670474925,13,5.825804151307706,6,6.9
152,3.8918202981106265,57,1969,0,0,1,0,0,0,0,0,0,0,6.022298540040143,13,6.306652075653853,22,6.048045601101225,9,6.3628786032973625,57,5.6
151,8.766705997750515,16,2010,1,0,0,1,0,0,0,1,0,0,5.932054151307705,6,5.90627035671796,8,5.90116967462939,1,5.684405535076941,2,5.8
110,4.276666119016055,21,2005,0,0,0,0,0,0,0,0,0,0,5.728442401902117,1,5.326992969522278,9,5.600989724686406,3,5.9815650676630145,11,3.9
133,2.5649493574615367,57,1969,0,1,0,1,1,0,0,0,0,0,6.363439497071233,17,5.89396343293301,21,5.90116967462939,1,5.9815650676630145,11,5.8
168,5.8971538676367405,23,2003,1,1,0,0,1,0,0,0,0,0,5.659405535076941,2,5.550919030065949,4,5.700989724686408,3,5.687524428061552,5,3.4
143,5.783825182329737,17,2009,0,1,0,1,1,0,0,0,0,0,5.810260583720299,1,5.792738868410274,2,5.700857761394886,5,5.884405535076941,2,4.8
135,4.700480365792417,41,1985,1,0,0,0,0,0,0,0,0,0,6.154191094728219,5,6.561428974822752,13,6.428492578940183,8,6.019351492811208,1,7.1
151,5.905361848054571,20,2006,1,0,1,0,0,0,0,0,0,0,5.080321660523082,30,5.305643321046165,10,4.709255061779273,13,5.515204744351664,4,4.1
172,5.786897381366708,58,1968,1,1,0,0,0,0,0,0,0,1,6.187524428061552,5,6.346888086461546,18,6.208601383769235,38,6.093297416994099,3,7.2
107,9.27556615689389,13,2013,1,0,0,1,0,0,0,0,0,0,6.372937023384627,8,6.394874495348429,7,6.1177388684102745,2,6.065643321046164,10,8.0
151,3.8501476017100584,29,1997,0,0,1,0,0,0,0,0,0,0,5.730168612995487,7,5.873896947356664,1,5.9937622140307765,20,5.850804151307706,6,5.5
129,7.508787170634276,13,2013,1,0,0,0,0,1,0,0,0,0,5.939451263147945,3,6.416514656836931,15,5.964806038265754,1,5.979490458637378,4,6.5
131,7.078341579557671,52,1974,1,0,0,0,0,0,0,0,0,0,6.8068666587394615,21,6.6328884004548545,36,6.10116967462939,1,6.322347601494521,4,8.0
149,5.988961416889864,40,1986,1,1,0,0,0,0,0,0,0,0,6.210643321046165,10,6.182602372175832,18,6.055715129174845,1,6.055715129174845,1,7.5
163,4.859812404361672,33,1993,1,0,1,0,0,0,1,0,0,0,5.770220493917176,3,5.793297416994099,3,5.8829878564475715,1,5.522937023384626,8,5.6
122,4.1588830833596715,80,1946,1,0,1,0,0,0,0,1,0,0,6.483168105257534,13,6.139451263147945,3,6.236050965936664,7,6.037533310993027,1,7.3
153,1.791759469228055,44,1982,1,0,0,0,0,0,0,0,0,0,6.010260583720299,1,6.010260583720299,1,5.6831097894660765,7,6.044554151307706,6,7.0
77,2.302585092994046,48,1978,1,0,0,0,0,0,1,0,0,0,6.459735793367529,17,6.042738868410274,2,6.239451263147946,3,5.8007568482896055,7,7.9
142,3.784189633918261,10,2016,0,0,0,0,0,0,0,0,0,0,5.819351492811208,1,5.819351492811208,1,5.477912801609484,3,5.685605109301791,3,4.9
148,3.4011973816621555,55,1971,1,0,0,0,0,0,0,0,0,0,6.019351492811208,1,6.019351492811208,1,6.126072201743607,2,6.207054151307705,6,7.1
164,7.476472381163905,34,1992,1,1,0,0,0,0,0,0,0,0,5.750714801162405,8,6.032731365321274,24,6.073896947356662,1,5.801072201743608,2,7.7
132,2.9444389791664403,51,1975,0,1,0,1,1,0,0,0,0,0,5.869554151307705,6,5.570966659438921,24,6.028492578940183,8,6.10091903006595,4,4.9
91,2.6390573296152584,37,1989,0,0,0,1,0,0,0,0,0,0,5.946624220083936,1,5.946624220083936,1,5.946624220083936,1,5.946624220083936,1,6.3
134,4.553876891600541,44,1982,1,0,0,0,0,0,0,0,0,0,5.6136028878662305,13,6.6328884004548545,36,6.0466242200839355,1,5.788613718262449,24,7.4
125,2.995732273553991,54,1972,1,0,0,0,0,0,0,0,0,0,5.946624220083936,1,5.921342085059831,89,6.017738868410274,2,5.884405535076941,2,6.3
86,2.833213344056216,26,2000,1,0,0,0,0,0,1,0,0,0,6.447524428061553,5,6.00116967462939,1,6.00116967462939,1,6.00116967462939,1,6.9
154,2.302585092994046,20,2006,0,0,0,0,0,0,0,0,0,0,5.973896947356663,1,5.973896947356663,1,5.973896947356663,1,5.973896947356663,1,6.6
141,3.295836866004329,78,1948,1,0,1,0,0,0,0,1,0,0,6.483168105257534,13,5.955715129174845,1,5.955715129174845,1,5.955715129174845,1,6.4
150,3.8066624897703196,53,1973,1,0,1,0,0,0,0,0,0,0,5.647524428061553,5,5.4725802696012575,88,5.837304297111666,52,5.980514656836932,15,4.5
120,4.553876891600541,58,1968,1,0,0,0,1,0,0,0,1,0,6.456270356717961,8,6.471632800332116,53,6.139451263147945,3,6.037533310993027,1,7.3
150,4.663439094112067,64,1962,1,0,1,0,0,0,0,1,0,0,6.022298540040143,13,6.346888086461546,18,6.290150864259121,9,5.4861738007472605,18,6.6
180,3.9512437185814275,24,2002,1,0,0,0,1,1,0,0,0,0,5.946624220083936,1,6.272514656836932,15,5.686633315780235,4,5.859405535076941,2,6.3
145,3.295836866004329,57,1969,1,0,0,0,0,0,1,0,0,0,6.459735793367529,17,6.47834521208835,91,6.042738868410274,2,6.028442401902117,1,7.2
114,6.48768401848461,18,2008,1,0,0,0,1,0,0,0,0,0,6.037533310993027,1,6.034405535076941,2,6.034405535076941,2,6.037533310993027,1,7.3
160,4.700480365792417,35,1991,1,0,0,0,0,0,0,0,0,0,6.8068666587394615,21,6.280857761394886,5,6.086633315780235,4,6.277857564587422,12,5.5
84,2.0794415416798357,5,2021,1,0,0,0,0,0,0,0,0,0,6.019351492811208,1,5.932054151307705,6,5.894554151307705,6,6.019351492811208,1,7.1
136,4.8283137373023015,32,1994,0,1,0,0,0,0,0,0,0,0,5.540857761394887,5,4.91827862617752,29,5.658061887208807,4,5.570321660523082,30,4.4
127,6.42648845745769,20,2006,0,0,0,0,0,1,0,0,1,0,5.846624220083935,1,5.356708208998889,59,5.943469829567776,11,5.525804151307705,6,5.2
139,4.927253685157205,55,1971,1,0,0,0,0,0,0,0,0,0,6.267524428061552,5,6.471632800332116,53,6.356032089663826,17,6.116374340071022,3,6.7
90,2.4849066497880004,23,2003,0,0,0,0,1,0,0,0,0,0,5.682987856447571,1,5.682987856447571,1,5.682987856447571,1,5.682987856447571,1,3.4
148,6.0330862217988015,60,1966,1,0,1,0,0,0,0,0,0,0,6.951462009788914,33,5.921342085059831,89,6.724115867164841,32,6.446369434205137,14,7.4
125,4.7535901911063645,54,1972,1,0,0,0,0,0,0,0,0,0,6.466201509566438,34,6.47834521208835,91,6.471382787771719,21,6.061173800747261,18,6.6
141,5.2832037287379885,66,1960,1,0,1,0,0,0,0,0,0,0,6.951462009788914,33,6.60055940960536,13,5.973896947356663,1,5.9675244280615525,5,6.6
113,5.932245187448011,20,2006,1,0,1,0,0,0,0,0,0,0,6.159405535076941,2,5.871345083583723,7,5.841933318877841,7,6.100857761394886,5,6.7
147,5.081404364984463,49,1977,1,0,0,0,0,0,1,0,0,0,6.466201509566438,34,6.491721282179798,73,6.288268679421918,23,6.061173800747261,18,6.8
144,6.807934943699926,19,2007,1,0,1,0,0,1,0,0,0,0,6.1177388684102745,2,5.759405535076941,2,6.139451263147945,3,5.758187170035511,16,6.6
154,8.654168646443315,11,2015,1,0,0,0,0,0,0,0,0,0,5.244554151307706,6,5.7141910947282195,5,5.877912801609484,3,5.634191094728219,5,5.4
125,1.791759469228055,41,1985,0,1,0,0,0,0,0,0,0,0,6.466201509566438,34,7.100201037826927,54,7.047450176569067,83,6.927791280160949,120,7.4
137,1.9459101490553132,33,1993,0,1,0,0,0,0,0,0,0,0,5.89207876553848,1,5.734405535076941,2,5.89207876553848,1,5.870220493917175,3,5.7
173,8.385944904806284,21,2005,1,1,0,0,1,0,0,0,0,0,6.335342018301013,13,5.396410830261542,70,6.324514656836932,15,5.705374591472538,11,7.4
97,5.44673737166631,16,2010,1,0,0,0,0,1,0,0,1,0,5.607524428061553,5,5.692078765538481,1,5.408682032378715,3,5.859405535076941,2,3.5
110,5.10594547390058,19,2007,1,0,0,0,0,0,0,0,0,0,5.937533310993026,1,6.693069126700863,17,5.984405535076941,2,5.937533310993026,1,6.2
152,2.833213344056216,25,2001,1,0,0,0,0,0,0,0,0,0,5.801072201743608,2,5.7141910947282195,5,5.667738868410274,2,6.927791280160949,120,5.9
173,3.258096538021482,66,1960,0,0,0,1,0,0,0,0,0,0,6.405130291860149,12,6.409201953556568,24,5.992078765538481,1,6.365462730642546,7,6.8
134,7.561121589530238,20,2006,0,0,1,1,0,0,0,1,0,0,5.3007568482896055,7,5.612521554171957,7,5.757054151307706,6,5.777912801609484,3,5.3
133,4.330733340286331,49,1977,1,0,1,0,0,0,0,0,0,0,5.743469829567776,11,5.4725802696012575,88,6.453319600615392,24,5.782602372175831,18,6.5
173,7.9617188159813645,19,2007,1,0,0,0,0,0,0,0,0,0,5.8092550617792735,13,5.921342085059831,89,5.5565146568369315,15,5.250714801162405,8,6.0
155,3.784189633918261,30,1996,1,1,0,0,0,0,0,0,0,0,5.567524428061552,5,5.3923579264167305,93,5.325804151307706,6,5.8829878564475715,1,5.6
120,2.6390573296152584,51,1975,1,0,0,0,1,0,0,0,1,0,5.937533310993026,1,5.921342085059831,89,6.453319600615392,24,6.014191094728219,5,6.2
123,5.10594547390058,46,1980,1,0,0,1,0,0,1,0,0,0,6.488268679421918,23,6.6328884004548545,36,6.247524428061553,5,6.086633315780235,4,6.8
124,2.70805020110221,51,1975,1,0,1,0,0,0,0,0,0,0,6.355130291860149,12,6.471632800332116,53,6.1657768009097085,13,5.900378424144803,24,6.1
128,4.276666119016055,54,1972,0,1,1,0,0,1,0,0,0,0,5.684048134495738,8,5.89396343293301,21,6.354935346088585,23,6.205191863924958,31,6.8
122,1.9459101490553132,52,1974,1,0,0,0,0,0,0,0,0,0,5.869554151307705,6,6.000989724686407,3,5.753698024760193,7,6.042738868410274,2,7.3
131,4.23410650459726,69,1957,0,0,0,0,0,0,0,0,1,0,6.055715129174845,1,6.450714801162405,8,6.34709554736411,20,6.343776172923092,4,7.5
154,3.4965075614664802,62,1964,0,0,1,1,0,1,0,0,0,0,6.267381467829072,8,5.963304151307705,6,6.205643321046165,10,6.0008041513077055,6,6.1
74,4.330733340286331,14,2012,0,0,0,0,0,0,0,0,0,1,5.655715129174845,1,5.655715129174845,1,7.047450176569067,83,6.927791280160949,120,3.1
169,7.45182223652793,57,1969,1,0,1,0,0,0,0,1,0,0,6.466201509566438,34,6.491721282179798,73,6.724115867164841,32,6.100536100871803,14,7.6
90,3.9318256327243257,32,1994,1,0,0,0,0,0,0,0,0,0,5.922347601494521,4,5.964806038265754,1,5.964806038265754,1,5.984405535076941,2,6.5
130,7.3777589082278725,43,1983,1,0,0,0,1,0,0,0,0,0,6.605374591472538,11,6.272514656836932,15,6.184777075653853,22,5.9531351783589805,26,8.2
154,6.7650389767805414,41,1985,1,1,0,0,1,0,0,0,0,0,5.552514656836931,15,5.219562361627795,52,5.565084306497744,24,5.964221200951059,12,7.2
133,3.091042453358316,25,2001,0,1,0,0,1,0,0,1,0,0,5.7427388684102745,2,5.3923579264167305,93,5.4510722017436075,2,5.70116967462939,1,3.6
150,6.682108597449809,27,1999,0,1,1,0,1,0,0,0,0,0,5.552514656836931,15,5.219562361627795,52,5.843474236839166,34,5.814191094728219,5,5.2
107,7.094234845924755,7,2019,0,1,0,1,0,0,0,0,0,0,5.784405535076941,2,5.901072201743607,2,5.893776172923092,4,5.779490458637378,4,4.3
96,7.336285660021297,14,2012,0,1,0,0,0,0,0,0,0,1,5.992078765538481,1,5.992078765538481,1,6.0760722017436075,2,5.992078765538481,1,6.8
130,2.995732273553991,73,1953,1,0,0,0,0,0,1,0,0,0,6.093297416994099,3,6.603274868014205,55,6.722298540040144,13,5.920857761394886,5,6.8
158,7.00033446027523,23,2003,1,0,1,0,0,0,1,0,0,0,5.846624220083935,1,6.128944742530841,101,5.532731365321274,24,6.006639201230782,7,5.2
153,7.387090235656757,30,1996,1,1,0,0,0,0,0,0,0,0,5.616374340071022,3,5.916466653732805,9,6.144037670474925,13,5.734191094728219,5,4.3
126,2.302585092994046,16,2010,1,0,0,0,0,0,1,0,0,0,5.855715129174845,1,5.554835878532561,3,5.855715129174845,1,5.855715129174845,1,5.3
178,4.584967478670572,59,1967,0,0,1,1,0,0,0,0,0,0,5.9927388684102745,2,6.618278626177521,29,6.016374340071023,3,6.067738868410274,2,6.3
144,4.31748811353631,43,1983,1,0,1,0,0,0,0,0,0,0,5.743469829567776,11,5.4725802696012575,88,5.983224754883523,25,6.024286260054311,7,6.2
138,7.1770187659099,44,1982,1,0,1,0,0,0,0,0,0,0,5.785976865733128,39,6.6328884004548545,36,6.086633315780235,4,6.229490458637378,4,7.9
130,10.154518607337229,7,2019,1,0,0,0,1,0,0,0,1,0,5.790643321046164,10,6.57970276753847,14,6.272347601494521,4,6.288304151307706,6,8.2
118,4.927253685157205,48,1978,1,0,0,0,0,0,0,0,0,0,6.225804151307706,6,6.00116967462939,1,6.00116967462939,1,6.14603938276924,12,6.9
181,5.648974238161206,38,1988,1,1,0,0,0,0,0,0,0,0,6.1977658056647,29,6.3008577613948855,5,5.731758955455637,3,6.059405535076941,2,7.0
135,5.730099782973574,20,2006,1,1,0,0,0,0,0,0,0,0,6.087524428061553,5,5.5008041513077055,6,5.626072201743607,2,5.647143570840253,3,4.4
128,3.912023005428146,76,1950,0,0,1,0,0,0,0,1,0,0,6.10091903006595,4,6.293776172923093,4,6.487515931344491,13,6.446369434205137,14,7.0
177,5.497168225293202,61,1965,1,0,1,0,0,0,0,1,0,0,6.187524428061552,5,6.306652075653853,22,6.565643321046164,10,6.3007568482896055,7,7.1
139,6.359573868672378,22,2004,1,1,0,0,0,0,0,0,0,1,5.988304151307705,6,5.563439497071233,17,6.387511820029784,21,5.558869434205136,14,3.4
105,4.406719247264253,14,2012,0,0,0,0,0,0,0,0,0,0,5.982987856447571,1,5.982987856447571,1,5.982987856447571,1,5.982987856447571,1,6.7
90,6.297109319933935,8,2018,1,0,1,0,0,0,0,0,0,0,5.8260722017436075,2,5.851072201743608,2,5.819351492811208,1,5.819351492811208,1,4.9
142,3.8066624897703196,42,1984,1,0,1,0,0,0,1,0,0,0,5.714898400996347,11,6.491721282179798,73,5.983224754883523,25,6.121888086461546,18,6.3
141,6.259581464064923,33,1993,0,1,0,0,0,1,0,0,0,0,5.743776172923091,4,5.528400721966557,82,5.876072201743607,2,5.7508041513077055,6,5.2
104,3.912023005428146,74,1952,1,0,1,0,0,0,0,0,0,0,6.064806038265754,1,6.972277075653853,22,6.772514656836932,15,6.064806038265754,1,7.6
103,2.5649493574615367,9,2017,0,0,0,0,0,1,0,0,0,0,5.7102605837202995,1,5.516374340071023,3,5.626072201743607,2,5.884405535076941,2,3.7
86,2.1972245773362196,16,2010,0,1,0,0,0,0,0,0,0,0,5.810260583720299,1,5.810260583720299,1,5.650804151307705,6,5.383109789466076,7,4.8
97,2.0794415416798357,8,2018,1,0,0,0,0,0,0,0,0,0,6.219351492811208,1,6.219351492811208,1,6.219351492811208,1,6.219351492811208,1,9.3
180,9.510667161961042,25,2001,1,1,0,0,0,0,0,0,0,0,6.3008577613948855,5,6.437236226541811,36,5.778254311886048,17,5.900378424144803,24,6.5
70,2.3978952727983707,15,2011,0,0,0,0,0,0,0,0,0,0,5.973896947356663,1,7.100201037826927,54,7.047450176569067,83,6.927791280160949,120,6.6
128,3.6635616461296463,40,1986,1,0,0,0,0,0,0,0,0,0,5.764806038265753,1,5.570966659438921,24,5.729184115282061,11,5.420643321046164,10,4.3
145,5.552959584921617,64,1962,1,0,1,0,0,0,0,1,0,0,6.951462009788914,33,6.603274868014205,55,6.565643321046164,10,6.365462730642546,7,7.5
109,6.470799503782602,26,2000,1,0,0,0,0,0,0,0,0,0,5.871888086461546,18,5.765462730642547,7,6.0471435708402534,3,5.495643321046164,10,7.3
102,3.5263605246161616,6,2020,0,0,0,0,0,0,1,0,0,0,6.037533310993027,1,6.037533310993027,1,6.037533310993027,1,6.037533310993027,1,7.3
70,2.5649493574615367,17,2009,0,0,0,0,0,0,0,0,0,0,6.134405535076941,2,7.100201037826927,54,7.047450176569067,83,6.927791280160949,120,7.0
120,4.465908118654584,14,2012,0,0,0,1,0,0,0,1,0,0,5.864806038265754,1,5.322277075653853,22,5.864806038265754,1,5.864806038265754,1,5.4
127,1.791759469228055,8,2018,1,0,0,0,0,0,0,0,0,0,6.173896947356663,1,6.173896947356663,1,6.173896947356663,1,6.173896947356663,1,8.8
120,5.3230099791384085,6,2020,0,0,0,0,0,1,0,0,0,0,5.809405535076941,2,5.912521554171958,7,5.776072201743607,2,5.679624548469646,9,4.3
127,5.631211781821365,21,2005,0,1,0,1,0,0,0,0,0,1,5.534405535076941,2,5.864806038265754,1,5.7427388684102745,2,5.864806038265754,1,5.4
165,3.6109179126442243,36,1990,1,0,0,0,1,0,0,0,0,0,5.637533310993026,1,5.570966659438921,24,5.563835074785437,9,5.190643321046164,10,2.9
138,3.044522437723423,48,1978,1,0,1,0,0,0,0,0,0,0,5.9437761729230925,4,6.249591938691465,81,6.288118693193251,31,6.084549116340087,28,6.0
135,2.0794415416798357,6,2020,0,0,0,1,0,0,0,0,0,0,5.910260583720299,1,6.0760722017436075,2,5.910260583720299,1,5.910260583720299,1,5.9
155,8.591186871324563,16,2010,0,0,0,1,0,0,0,0,0,0,5.729490458637378,4,5.396410830261542,70,6.384048134495738,8,5.570321660523082,30,6.4
126,7.475339236566737,6,2020,1,0,0,0,0,0,0,1,0,0,6.119351492811208,1,6.119351492811208,1,6.326072201743607,2,6.119351492811208,1,8.2
171,4.9344739331306915,13,2013,0,0,0,0,1,1,0,0,0,0,6.00116967462939,1,6.00116967462939,1,6.00116967462939,1,6.00116967462939,1,6.9
142,3.258096538021482,58,1968,1,0,0,1,0,0,0,0,0,0,5.647524428061553,5,5.4725802696012575,88,6.048045601101225,9,6.269725631573973,16,5.3
152,3.6109179126442243,33,1993,1,0,0,0,0,0,0,0,0,0,5.465643321046164,10,5.661825912273516,8,5.842738868410275,2,5.744496071203626,24,3.8
160,6.369900982828227,28,1998,1,0,1,1,0,0,0,0,0,0,5.816374340071023,3,4.990967175706513,55,5.371391221603244,28,5.734191094728219,5,4.3
136,3.2188758248682006,47,1979,0,0,0,0,0,1,0,0,1,0,5.593762214030777,20,5.8264024600341955,17,6.062528186224868,3,6.067738868410274,2,6.0
142,3.6109179126442243,19,2007,0,0,0,1,0,0,0,0,0,0,5.7557151291748445,1,5.522347601494521,4,5.608682032378715,3,5.668316657890117,18,4.2
137,8.29054350077274,13,2013,1,1,0,0,0,1,0,0,0,0,6.016374340071023,3,5.800804151307705,6,5.964806038265754,1,5.964806038265754,1,6.5
154,3.4339872044851463,86,1940,1,0,0,0,0,0,0,0,0,0,6.483168105257534,13,6.139451263147945,3,6.028442401902117,1,6.159405535076941,2,7.2
149,4.0943445622221,59,1967,1,0,0,1,0,0,0,0,0,0,6.179490458637377,4,6.109405535076941,2,6.217381467829071,8,6.3628786032973625,57,7.4
149,2.833213344056216,38,1988,1,0,0,0,0,0,0,0,0,0,5.676072201743608,2,5.82406664776333,3,5.619554151307706,6,5.744496071203626,24,4.2
119,3.8066624897703196,28,1998,0,0,1,0,0,0,0,0,0,0,5.750714801162405,8,6.095643321046164,10,5.693297416994099,3,5.884405535076941,2,4.8
97,5.87493073085203,10,2016,1,0,0,0,1,0,0,0,0,0,5.967738868410275,2,5.910260583720299,1,5.910260583720299,1,5.910260583720299,1,5.9
96,5.4116460518550396,16,2010,1,0,0,0,0,0,0,0,0,0,5.955715129174845,1,5.955715129174845,1,5.955715129174845,1,5.955715129174845,1,6.4
127,6.884486652042782,29,1997,1,1,0,0,0,0,0,1,0,0,5.544554151307706,6,5.346112564277431,51,5.600989724686406,3,5.448045601101226,9,4.5
144,4.174387269895637,48,1978,1,0,0,0,0,0,0,0,0,0,6.10627035671796,8,5.964806038265754,1,5.964806038265754,1,5.964806038265754,1,6.5
156,4.07753744390572,39,1987,0,0,0,0,0,1,0,0,1,1,6.568514656836932,15,6.491721282179798,73,6.288268679421918,23,6.229490458637378,4,5.7
171,3.8066624897703196,40,1986,1,1,0,0,1,0,0,0,0,0,5.595643321046164,10,5.3923579264167305,93,5.94664870849705,16,6.086633315780235,4,6.0
70,3.332204510175204,9,2017,1,0,1,0,0,0,0,0,0,0,5.9193514928112085,1,5.9193514928112085,1,5.9193514928112085,1,5.9193514928112085,1,6.0
150,6.349138991379798,43,1983,1,0,0,0,0,0,0,0,0,0,6.022298540040143,13,6.491721282179798,73,6.288118693193251,31,6.100536100871803,14,7.2
193,8.246433786160365,75,1951,1,0,1,0,0,0,0,1,0,0,6.432256127417015,9,6.618278626177521,29,6.134405535076941,2,6.0920787655384805,1,7.9
149,5.017279836814924,36,1990,1,0,0,0,0,0,0,0,0,0,5.785976865733128,39,5.644648673347989,53,5.7380361008718035,14,5.400536100871804,14,5.9
150,3.8501476017100584,42,1984,1,1,1,0,0,0,0,0,0,0,6.466201509566438,34,6.491721282179798,73,5.756652075653853,22,6.308514656836931,15,6.2
134,2.8903717578961645,62,1964,1,1,0,0,0,0,0,0,0,1,5.826992969522278,9,5.8375333109930265,1,6.090643321046164,10,5.976072201743608,2,5.1
158,8.958797346140274,24,2002,0,1,0,1,1,0,0,0,0,0,5.080321660523082,30,5.528400721966557,82,5.316563957322251,27,5.407524428061553,5,6.2
126,8.815518423966498,19,2007,1,1,0,0,1,0,0,0,0,0,6.032403019132877,12,5.543224754883523,25,5.83440553507694,2,6.163304151307706,6,7.3
101,3.091042453358316,6,2020,1,0,0,0,0,0,0,0,0,0,6.164806038265753,1,6.164806038265753,1,6.164806038265753,1,6.164806038265753,1,8.7
131,1.791759469228055,10,2016,0,0,1,0,0,0,0,0,0,0,5.7427388684102745,2,5.70116967462939,1,5.70116967462939,1,5.817738868410274,2,3.6
104,7.590852123688581,7,2019,1,0,0,1,0,0,0,0,0,0,6.010260583720299,1,6.010260583720299,1,6.010260583720299,1,6.010260583720299,1,7.0
173,4.653960350157523,57,1969,1,0,1,0,0,0,0,0,0,0,6.142782443206489,9,6.404907235692317,13,6.208601383769235,38,6.051072201743608,2,6.2
131,3.5553480614894135,44,1982,0,0,1,0,0,0,0,0,0,0,6.466201509566438,34,6.471632800332116,53,5.542202767538471,14,5.9317589554556385,3,5.1
146,4.762173934797756,62,1964,1,0,1,0,0,0,0,0,0,0,6.022298540040143,13,6.306652075653853,22,6.364745229318689,18,5.4861738007472605,18,6.4
152,3.713572066704308,35,1991,0,0,1,0,0,0,0,0,0,0,5.747143570840253,3,5.6366333157802355,4,5.937533310993026,1,5.565784695424972,51,6.2
137,3.332204510175204,26,2000,1,1,0,0,1,0,0,0,0,0,5.873896947356664,1,5.873896947356664,1,6.034405535076941,2,5.901072201743607,2,5.5
102,6.07073772800249,25,2001,0,0,0,0,0,0,0,0,0,0,6.286633315780235,4,6.064806038265754,1,6.064806038265754,1,6.064806038265754,1,7.6
163,4.919980925828125,71,1955,0,1,0,1,0,0,0,0,0,1,6.028442401902117,1,6.759304267203161,29,6.307340221411149,19,6.3628786032973625,57,7.2
154,4.418840607796598,48,1978,1,1,0,1,0,0,0,0,0,0,6.212514656836931,15,5.921342085059831,89,6.244872614659345,46,6.205191863924958,31,7.2
153,3.970291913552122,36,1990,1,1,0,0,0,0,0,0,0,0,5.763304151307706,6,5.630428880697443,20,6.244152075653853,22,5.668316657890117,18,5.0
140,2.4849066497880004,86,1940,1,0,0,0,0,0,0,0,0,0,6.019351492811208,1,6.042738868410274,2,6.288268679421918,23,6.019351492811208,1,7.1
130,8.580918882296782,10,2016,1,0,0,0,0,0,0,0,0,0,5.662528186224869,3,5.543224754883523,25,6.127524428061552,5,5.700989724686408,3,5.7
117,1.791759469228055,9,2017,1,0,0,0,0,0,0,0,0,0,6.173896947356663,1,6.173896947356663,1,6.173896947356663,1,6.173896947356663,1,8.8
95,8.216898580913613,14,2012,1,0,0,0,1,1,0,0,0,0,6.134405535076941,2,5.901072201743607,2,5.955715129174845,1,5.777912801609484,3,6.4
125,6.040254711277414,9,2017,1,0,0,0,0,0,0,0,0,0,5.592738868410275,2,5.516374340071023,3,5.564806038265754,1,5.564806038265754,1,2.1
136,7.537962659768208,5,2021,1,0,1,0,0,0,0,0,0,0,6.359405535076941,2,6.1284424019021175,1,6.1284424019021175,1,6.1284424019021175,1,8.3
103,6.102558594613569,8,2018,0,1,0,1,1,0,0,0,0,0,5.955715129174845,1,5.888514656836931,15,6.036633315780235,4,5.955715129174845,1,6.4
180,5.713732805509369,17,2009,1,1,0,0,1,0,0,0,0,0,5.325804151307706,6,5.3923579264167305,93,5.909255061779273,13,6.042738868410274,2,5.1
169,8.057694194815587,20,2006,1,0,1,0,0,0,1,0,0,0,5.995414022153857,9,6.128944742530841,101,5.44664870849705,16,6.186948473678331,12,5.4
175,9.757305042358047,27,1999,0,1,0,1,1,0,0,0,0,0,5.825459515032975,18,5.825459515032975,18,6.144037670474925,13,5.984405535076941,2,6.9
136,8.40178233990491,9,2017,0,1,0,0,0,1,0,0,0,1,5.842782443206489,9,5.396410830261542,70,5.808061887208806,4,5.787524428061553,5,4.9
156,5.342334251964811,26,2000,1,1,0,0,1,0,0,0,0,0,5.529490458637378,4,5.356708208998889,59,5.340428880697443,20,5.190643321046164,10,4.2
133,8.976262255609193,10,2016,0,1,1,0,0,1,0,0,0,0,5.486633315780234,4,5.759405535076941,2,5.901072201743607,2,5.846624220083935,1,5.2
137,9.172223049863055,8,2018,0,1,0,0,0,1,0,0,0,0,5.272347601494521,4,4.988304151307705,6,5.476072201743608,2,5.933946020043966,11,4.8
143,9.240869577011006,6,2020,0,1,0,1,0,0,0,1,0,0,5.272347601494521,4,4.988304151307705,6,5.135643321046165,10,5.634191094728219,5,2.1
157,7.237778191923443,36,1990,1,1,1,0,0,0,0,0,0,0,5.095159245606849,8,5.346112564277431,51,5.8932974169941,3,5.5700868612400996,23,5.7
79,2.3978952727983707,25,2001,0,0,0,0,0,0,1,0,0,0,5.922347601494521,4,5.928442401902117,1,5.928442401902117,1,5.928442401902117,1,6.1
127,2.833213344056216,9,2017,1,0,0,0,0,0,0,0,0,0,6.037533310993027,1,6.037533310993027,1,5.654835878532561,3,6.0760722017436075,2,7.3
138,5.877735781779639,11,2015,0,0,0,1,0,0,0,0,0,0,6.02406664776333,3,5.85958037770137,7,5.743776172923092,4,5.724286260054311,7,6.2
152,5.717027701406222,36,1990,0,1,0,1,1,0,0,0,0,0,5.379624548469647,9,5.322277075653853,22,5.680643321046165,10,6.1294904586373775,4,6.0
130,3.367295829986474,71,1955,1,0,0,1,0,0,1,0,0,0,6.300643321046165,10,6.409201953556568,24,5.955715129174845,1,5.95940553507694,2,6.4
141,8.767796255626598,10,2016,1,1,0,1,0,0,0,0,0,0,5.855715129174845,1,5.877227436524898,7,5.811173800747261,18,5.855715129174845,1,5.3
124,5.19295685089021,9,2017,0,0,1,1,0,0,0,0,0,0,6.031758955455638,3,5.917738868410274,2,5.937533310993026,1,5.937533310993026,1,6.2
133,3.6375861597263857,69,1957,1,0,1,0,1,0,0,0,0,0,6.341933318877841,7,6.603274868014205,55,6.471382787771719,21,6.162528186224869,3,7.2
135,2.6390573296152584,14,2012,1,1,0,0,1,0,0,0,0,0,5.664806038265754,1,4.91827862617752,29,5.325804151307706,6,5.6177388684102745,2,3.2
148,5.111987788356544,40,1986,0,0,0,1,0,0,0,0,0,0,5.829490458637379,4,5.9815650676630145,11,6.247524428061553,5,6.305643321046165,10,6.4
108,4.248495242049359,13,2013,0,0,1,1,0,0,0,0,0,0,5.8375333109930265,1,5.8375333109930265,1,5.557054151307706,6,5.359777075653853,22,5.1
145,4.762173934797756,64,1962,0,0,1,0,0,1,0,0,1,0,6.341933318877841,7,6.603274868014205,55,6.622579622803425,26,5.9713450835837225,7,6.8
140,4.543294782270004,73,1953,0,1,0,0,0,0,0,1,0,1,6.536050965936664,7,6.343776172923092,4,6.350804151307706,6,5.952993639091586,11,7.3
180,5.84354441703136,23,2003,0,0,0,0,0,1,0,0,1,0,5.484405535076941,2,5.333601383769235,38,5.316563957322251,27,4.8659609110663204,19,3.2
137,8.48301573961465,8,2018,1,0,0,0,1,1,0,0,0,0,5.973896947356663,1,5.9317589554556385,3,5.926221497449138,21,6.134405535076941,2,6.6
143,5.840641657373398,75,1951,1,0,0,0,1,0,0,1,0,0,6.536050965936664,7,6.603274868014205,55,6.350804151307706,6,6.151072201743607,2,7.3
141,4.110873864173311,58,1968,0,0,0,0,1,0,0,1,1,0,6.050919030065949,4,6.229184115282061,11,6.208601383769235,38,6.281958015589752,17,6.4
125,4.189654742026425,42,1984,0,1,0,0,0,0,0,0,0,0,5.407883941515678,17,5.921342085059831,89,5.837304297111666,52,5.795201703100598,29,6.3
183,7.718240951959316,31,1995,0,1,0,0,1,1,0,0,0,0,5.888992142407253,7,6.578877771926745,32,5.827524428061553,5,5.570321660523082,30,6.5
175,10.18806481003443,33,1993,1,0,0,0,1,0,0,1,0,0,5.825459515032975,18,5.825459515032975,18,6.144037670474925,13,5.700857761394886,5,7.7
133,1.9459101490553132,54,1972,0,0,0,1,1,0,0,0,0,1,6.055715129174845,1,6.055715129174845,1,6.055715129174845,1,5.895643321046164,10,7.5
113,4.430816798843313,12,2014,1,0,1,1,0,0,0,0,0,0,6.394554151307705,6,5.9927388684102745,2,5.982987856447571,1,5.883109789466076,7,6.7
148,4.174387269895637,41,1985,1,0,0,0,0,0,1,0,0,0,6.147143570840253,3,6.491721282179798,73,6.244872614659345,46,6.228492578940183,8,7.1
142,4.290459441148391,76,1950,1,0,0,0,0,0,0,0,0,0,6.293776172923093,4,6.972277075653853,22,6.487515931344491,13,6.037533310993027,1,7.3
162,2.302585092994046,40,1986,1,0,0,0,0,0,0,0,0,0,5.939451263147945,3,5.810260583720299,1,5.70940553507694,2,5.810260583720299,1,4.8
129,2.3978952727983707,41,1985,1,0,0,0,0,0,0,0,0,0,5.910260583720299,1,5.910260583720299,1,5.910260583720299,1,5.910260583720299,1,5.9
122,7.5883236773352225,9,2017,0,1,0,0,1,1,0,0,0,0,5.892738868410274,2,6.212033323881665,16,5.8260722017436075,2,6.00116967462939,1,6.9
159,10.896702287823487,11,2015,0,1,0,0,0,1,0,0,0,0,6.4275244280615516,5,5.528400721966557,82,6.036050965936664,7,6.10116967462939,1,8.0
99,4.276666119016055,18,2008,0,0,0,1,0,0,0,1,0,0,5.619351492811209,1,5.619351492811209,1,5.619351492811209,1,5.619351492811209,1,2.7
130,5.313205979041787,21,2005,1,0,1,1,0,0,0,0,0,0,5.262528186224869,3,5.630428880697443,20,5.700857761394886,5,5.570321660523082,30,2.7
152,9.275659838096825,18,2008,1,0,1,1,0,0,0,0,0,0,5.932054151307705,6,6.296369434205137,14,6.025536100871804,14,5.705374591472538,11,6.1
133,3.4657359027997265,56,1970,0,1,0,1,1,0,0,0,0,0,6.026072201743607,2,5.946624220083936,1,6.034405535076941,2,5.946624220083936,1,6.3
120,2.302585092994046,9,2017,1,0,0,0,0,0,0,0,0,0,6.119351492811208,1,6.159405535076941,2,6.119351492811208,1,6.119351492811208,1,8.2
135,2.5649493574615367,42,1984,0,0,0,0,0,1,1,0,0,0,5.8866333157802355,4,6.471632800332116,53,6.1284925789401825,8,6.084549116340087,28,6.2
118,1.9459101490553132,23,2003,0,0,0,0,0,1,0,0,0,0,5.6738969473566625,1,5.428492578940183,8,5.784405535076941,2,5.4675244280615525,5,3.3
120,2.8903717578961645,17,2009,1,0,0,1,1,0,0,0,0,0,5.692078765538481,1,5.692078765538481,1,5.6856433210461645,10,5.685605109301791,3,3.5
144,3.1354942159291497,53,1973,0,1,0,1,1,0,0,0,0,0,5.862528186224869,3,6.47834521208835,91,5.828442401902118,1,5.828442401902118,1,5.0
146,3.5553480614894135,75,1951,0,1,1,0,0,0,0,0,0,0,6.322937023384627,8,6.370643321046164,10,5.9510722017436075,2,5.970220493917177,3,6.7
150,2.3978952727983707,60,1966,0,1,0,0,0,0,0,1,0,1,5.908682032378715,3,5.9932974169941,3,6.042738868410274,2,6.311203495838067,9,7.0
166,7.156176637480615,26,2000,1,1,0,0,1,0,0,0,0,0,5.468766655496513,12,5.189745229318689,18,5.966027075653853,22,5.700584837314694,12,4.9
136,4.143134726391533,48,1978,1,0,1,0,0,0,0,0,0,0,6.142782443206489,9,5.4725802696012575,88,6.244152075653853,22,5.782602372175831,18,6.7
146,4.77912349311153,43,1983,1,1,0,0,1,0,0,0,0,0,6.214898400996348,11,5.939515471802202,46,5.948045601101225,9,5.826992969522278,9,6.3
146,7.162397497355718,27,1999,1,0,1,1,0,0,0,0,0,0,5.651072201743607,2,4.91827862617752,29,5.734405535076941,2,5.570321660523082,30,3.6
138,4.204692619390966,37,1989,1,0,0,0,0,0,0,0,0,0,5.787515931344491,13,6.6843833277482565,34,6.244152075653853,22,5.74603938276924,12,6.0
140,7.933079771880415,28,1998,0,1,0,1,0,0,0,1,0,0,5.361036596488693,41,6.128944742530841,101,5.383762214030777,20,5.673571785420127,16,5.8
124,10.292789402801873,8,2018,1,0,0,1,0,0,0,0,0,0,5.926072201743608,2,6.57970276753847,14,6.100989724686406,3,6.193297416994099,3,8.0
155,6.513230110912307,24,2002,1,0,0,1,0,0,0,1,0,0,5.388036100871804,14,5.644648673347989,53,5.727524428061553,5,5.9317589554556385,3,4.5
146,2.0794415416798357,39,1987,1,0,0,0,0,0,0,0,0,0,6.00116967462939,1,6.00116967462939,1,6.00116967462939,1,6.00116967462939,1,6.9
130,2.70805020110221,33,1993,1,0,0,0,0,0,1,0,0,0,5.787515931344491,13,5.322277075653853,22,5.500459515032975,18,5.9713450835837225,7,5.4
156,2.4849066497880004,57,1969,1,0,1,1,0,0,0,0,0,0,5.947143570840253,3,5.99419109472822,5,5.704030943604403,18,6.15775554385349,11,4.4
122,2.302585092994046,81,1945,1,0,0,0,0,0,0,0,0,0,5.864806038265754,1,5.864806038265754,1,5.864806038265754,1,5.892738868410274,2,5.4
129,2.0794415416798357,40,1986,1,0,0,0,0,0,0,0,0,0,5.743776172923092,4,6.471632800332116,53,5.982987856447571,1,5.942738868410274,2,6.7
112,2.6390573296152584,52,1974,0,0,0,0,0,1,0,0,0,0,5.976072201743608,2,5.570966659438921,24,6.1718880864615455,18,6.281958015589752,17,6.2
118,10.08125709796202,7,2019,1,0,0,0,1,0,0,0,1,0,6.0320541513077055,6,6.128944742530841,101,6.250919030065949,4,5.54664870849705,16,7.8
134,2.4849066497880004,46,1980,1,1,0,0,0,0,0,0,0,0,5.667381467829071,8,6.306652075653853,22,6.175643321046165,10,5.976072201743608,2,7.6
134,10.0134624057447,11,2015,1,1,0,0,1,0,0,0,0,0,6.347524428061552,5,5.521729811627541,9,6.240857761394887,5,5.85091903006595,4,7.4
123,4.820281565605037,12,2014,1,0,0,0,0,0,0,0,0,0,5.80116967462939,1,5.470220493917177,3,5.80116967462939,1,5.80116967462939,1,4.7
158,4.0943445622221,44,1982,1,1,0,0,0,0,0,0,0,0,5.465643321046164,10,6.229837873202802,34,6.208601383769235,38,5.905940337943331,9,4.8
142,8.774467601446593,16,2010,1,0,0,1,1,0,0,0,0,0,5.9193514928112085,1,5.813762214030776,20,6.10627035671796,8,5.9193514928112085,1,6.0
119,3.258096538021482,28,1998,0,1,0,0,0,0,0,0,0,0,5.60116967462939,1,5.333601383769235,38,5.325804151307706,6,5.570321660523082,30,2.5
83,3.4339872044851463,10,2016,1,0,0,1,0,0,0,0,0,0,5.808682032378714,3,5.677912801609484,3,6.244152075653853,22,5.764806038265753,1,4.3
128,4.897839799950911,11,2015,0,0,1,1,0,0,0,0,0,0,5.808682032378714,3,5.792078765538481,1,5.509405535076941,2,5.792078765538481,1,4.6
95,6.692083742506628,7,2019,0,0,0,1,0,0,0,0,0,0,6.019351492811208,1,5.876072201743607,2,6.042738868410274,2,5.970220493917177,3,7.1
100,2.3978952727983707,55,1971,1,0,0,0,0,0,0,0,0,0,6.009405535076941,2,5.973896947356663,1,5.973896947356663,1,5.973896947356663,1,6.6
139,9.293393927111468,9,2017,1,0,1,1,0,0,0,0,0,0,5.82406664776333,3,5.521729811627541,9,5.783109789466075,7,5.839451263147945,3,6.1
103,2.70805020110221,13,2013,1,0,0,0,0,0,0,0,0,0,5.910260583720299,1,5.851072201743608,2,5.910260583720299,1,5.910260583720299,1,5.9
91,4.290459441148391,37,1989,1,0,0,0,0,0,0,0,0,0,5.972347601494521,4,6.2010722017436075,2,6.073896947356662,1,6.151072201743607,2,7.7
144,4.204692619390966,44,1982,0,1,1,0,0,0,0,0,0,0,6.187524428061552,5,5.921342085059831,89,6.244872614659345,46,5.782602372175831,18,6.4
159,2.1972245773362196,88,1938,1,0,0,0,0,0,0,0,0,0,6.300643321046165,10,6.028442401902117,1,6.028442401902117,1,6.051072201743608,2,7.2
181,9.649820358671624,23,2003,1,0,1,0,0,0,0,0,0,0,5.995414022153857,9,6.128944742530841,101,6.244872614659345,46,5.77680316290111,11,7.4
137,1.9459101490553132,7,2019,1,0,0,0,0,0,0,0,0,0,5.685605109301791,3,5.901072201743607,2,5.873896947356664,1,5.873896947356664,1,5.5
145,4.1588830833596715,36,1990,0,0,0,0,0,0,1,0,0,0,5.651072201743607,2,5.80116967462939,1,5.80116967462939,1,5.700804151307706,6,4.7
170,2.9444389791664403,75,1951,1,0,0,0,0,0,0,0,0,0,5.863304151307705,6,5.89207876553848,1,6.358187170035511,16,6.3628786032973625,57,5.7
139,4.543294782270004,60,1966,1,0,1,0,0,0,0,0,0,0,6.10091903006595,4,6.346888086461546,18,6.208601383769235,38,6.332403019132877,12,7.1
171,4.356708826689592,59,1967,1,0,1,0,0,0,0,0,0,0,6.390643321046165,10,6.491721282179798,73,6.438036100871805,14,6.162528186224869,3,7.6
160,4.007333185232471,58,1968,0,0,0,0,0,0,0,0,1,0,6.001072201743607,2,6.559064359342182,19,6.208601383769235,38,6.400643321046165,10,7.1
120,3.1780538303479458,7,2019,0,0,0,1,0,0,0,0,0,0,6.184405535076941,2,6.173896947356663,1,6.173896947356663,1,6.383109789466076,7,8.8
156,2.3978952727983707,85,1941,1,0,0,0,0,0,0,0,0,0,6.483168105257534,13,5.9932974169941,3,6.228492578940183,8,5.734191094728219,5,6.0
167,4.248495242049359,59,1967,1,0,1,1,0,0,0,0,0,0,5.978492578940183,8,6.47834521208835,91,6.416514656836931,15,6.12406664776333,3,6.5
132,2.8903717578961645,61,1965,1,0,0,0,0,0,1,0,0,0,6.291088877186824,11,6.47834521208835,91,6.34709554736411,20,5.964806038265754,1,6.5
147,2.833213344056216,41,1985,1,0,0,0,0,0,0,0,0,0,5.665462730642546,7,5.661825912273516,8,6.10055940960536,13,5.946624220083936,1,6.3
133,3.7612001156935624,62,1964,1,0,0,0,0,0,0,0,0,0,6.291088877186824,11,6.343776172923092,4,6.1419333188778396,7,6.365462730642546,7,6.8
168,3.2188758248682006,72,1954,1,0,0,0,0,0,0,0,0,1,6.288992142407252,7,6.370643321046164,10,6.285605109301792,3,6.350584837314695,12,6.7
125,8.01862546504575,6,2020,1,0,0,1,1,0,0,0,0,0,6.001072201743607,2,6.394874495348429,7,6.037533310993027,1,5.854835878532561,3,7.3
165,5.840641657373398,74,1952,1,0,1,0,0,0,0,1,0,0,6.326992969522278,9,6.559064359342182,19,6.10055940960536,13,6.0466242200839355,1,7.4
72,3.4011973816621555,5,2021,0,0,0,0,0,0,1,0,0,0,6.219351492811208,1,6.219351492811208,1,6.219351492811208,1,6.219351492811208,1,9.3
110,6.593044534142437,13,2013,1,0,0,1,0,1,0,0,0,0,6.077912801609484,3,4.900514656836932,15,6.132054151307706,6,6.283109789466075,7,5.3
158,10.375801012068754,11,2015,1,1,0,0,0,0,0,0,0,0,6.4848877063643835,9,5.767381467829072,8,6.025536100871804,14,5.558869434205136,14,7.2
176,4.454347296253507,50,1976,0,0,0,0,0,0,0,0,0,0,6.025804151307705,6,6.108869434205137,14,6.205643321046165,10,6.100584837314695,12,7.7
163,11.27020401110734,11,2015,0,1,0,1,0,0,0,0,0,1,5.994554151307705,6,5.346112564277431,51,6.10116967462939,1,5.965204744351664,4,8.0
163,4.736198448394496,30,1996,1,1,0,0,0,0,0,0,0,0,6.069725631573973,16,5.619351492811209,1,5.4510722017436075,2,4.8659609110663204,19,2.7
74,3.8501476017100584,17,2009,0,0,0,0,0,0,0,0,0,0,5.964806038265754,1,7.100201037826927,54,7.047450176569067,83,6.927791280160949,120,6.5
68,2.6390573296152584,11,2015,0,0,0,0,0,0,0,0,0,0,5.467738868410275,2,5.467738868410275,2,5.467738868410275,2,5.467738868410275,2,4.2
81,2.302585092994046,9,2017,0,0,0,0,0,0,0,0,0,0,5.467738868410275,2,5.467738868410275,2,5.467738868410275,2,5.467738868410275,2,2.3
133,9.423110302862831,7,2019,0,0,0,1,0,0,0,0,0,0,6.167738868410274,2,6.57970276753847,14,6.389603690051294,8,5.85091903006595,4,7.3
137,4.007333185232471,41,1985,0,1,0,0,0,1,0,0,0,0,5.763304151307706,6,5.754191094728219,5,5.8829878564475715,1,6.050919030065949,4,5.6
137,2.833213344056216,55,1971,1,0,0,0,0,0,0,0,0,0,6.355130291860149,12,6.0565146568369315,15,6.364745229318689,18,5.9675244280615525,5,6.8
111,5.438079308923196,50,1976,1,0,1,1,0,0,0,0,0,0,6.154835878532561,3,6.320857761394886,5,6.00116967462939,1,5.911468511692314,26,6.9
117,3.2188758248682006,14,2012,1,0,0,0,0,0,0,0,0,0,6.110260583720299,1,6.110260583720299,1,5.892738868410274,2,6.110260583720299,1,8.1
120,2.8903717578961645,9,2017,0,0,0,1,0,0,0,0,0,0,5.9510722017436075,2,6.055715129174845,1,6.055715129174845,1,6.055715129174845,1,7.5
176,2.1972245773362196,58,1968,0,0,0,0,0,0,0,0,0,0,6.025804151307705,6,6.108869434205137,14,5.8829878564475715,1,5.970220493917177,3,5.6
142,5.19295685089021,34,1992,0,1,0,0,0,0,0,0,0,1,5.77419109472822,5,4.91827862617752,29,5.806639201230782,7,5.900378424144803,24,4.3
136,3.9318256327243257,12,2014,0,0,0,1,0,0,0,0,0,0,5.393776172923092,4,5.322277075653853,22,5.70116967462939,1,5.70116967462939,1,3.6
136,2.6390573296152584,58,1968,1,0,1,0,1,0,0,0,0,0,6.270124626996664,13,5.9193514928112085,1,6.093297416994099,3,6.271345083583723,7,6.0
102,7.335633981927201,6,2020,0,0,1,0,0,0,0,0,0,0,6.028442401902117,1,6.028442401902117,1,6.028442401902117,1,6.028442401902117,1,7.2
122,5.755742213586912,20,2006,1,0,0,0,0,0,0,1,0,0,5.870643321046164,10,5.965462730642546,7,5.363304151307705,6,5.990643321046164,10,6.1
128,3.2188758248682006,17,2009,1,0,0,0,0,0,0,0,0,0,5.664806038265754,1,5.664806038265754,1,5.664806038265754,1,5.447143570840253,3,3.2
126,5.44673737166631,29,1997,0,0,0,1,0,0,0,0,0,0,5.361036596488693,41,4.990967175706513,55,5.731758955455637,3,5.469725631573973,16,4.2
141,4.30406509320417,53,1973,1,0,0,0,0,1,0,0,0,0,6.341933318877841,7,6.603274868014205,55,5.9937622140307765,20,6.163304151307706,6,6.7
145,3.091042453358316,64,1962,1,0,0,0,0,0,0,0,0,0,6.4101364962344425,11,6.0565146568369315,15,5.976072201743608,2,6.055643321046165,10,6.1
139,9.654000025882317,16,2010,1,0,1,1,0,0,0,0,0,0,6.093776172923092,4,5.767381467829072,8,6.10627035671796,8,6.028442401902117,1,7.2
145,5.700443573390687,36,1990,1,1,0,0,0,0,0,0,0,0,5.593762214030777,20,5.8264024600341955,17,5.8375333109930265,1,5.8375333109930265,1,5.1
154,7.52456122628536,28,1998,1,1,1,0,0,0,0,0,0,0,5.190643321046164,10,5.926072201743608,2,5.217024067247869,26,5.77680316290111,11,4.8
159,4.454347296253507,57,1969,1,0,0,0,0,0,1,1,0,0,5.888992142407253,7,6.491721282179798,73,6.354935346088585,23,6.028442401902117,1,7.2
124,3.6109179126442243,43,1983,1,0,0,0,0,0,1,0,0,0,5.8092550617792735,13,6.249591938691465,81,6.313861254619549,27,6.486326972424918,11,7.1
139,4.61512051684126,53,1973,0,1,0,0,0,1,0,0,0,0,5.90116967462939,1,5.944554151307706,6,6.342024067247869,26,6.235342018301012,13,5.8
126,2.0794415416798357,34,1992,0,0,0,0,0,0,1,0,0,0,6.0920787655384805,1,6.017738868410274,2,6.036050965936664,7,6.0920787655384805,1,7.9
135,3.332204510175204,69,1957,1,0,0,0,0,0,1,0,0,0,6.459735793367529,17,6.47834521208835,91,6.118766655496514,12,5.9927388684102745,2,6.2
157,6.6293632534374485,63,1963,1,0,1,0,0,0,0,1,0,0,6.709675746405605,12,6.47834521208835,91,6.471382787771719,21,5.4861738007472605,18,7.7
129,2.8903717578961645,71,1955,1,0,0,1,0,0,0,1,0,0,6.459735793367529,17,6.47834521208835,91,6.307340221411149,19,6.019351492811208,1,7.1
152,3.871201010907891,46,1980,1,1,0,0,1,0,0,0,0,0,5.619152075653853,22,6.491721282179798,73,6.244872614659345,46,5.900378424144803,24,6.1
119,8.41604600941128,32,1994,1,0,0,0,1,0,0,0,0,0,6.377912801609484,3,5.83419109472822,5,6.1177388684102745,2,5.976072201743608,2,7.6
132,4.948759890378168,13,2013,0,0,0,0,1,1,0,0,0,0,6.070220493917176,3,5.910260583720299,1,5.910260583720299,1,5.910260583720299,1,5.9
153,10.018466660859778,12,2014,0,1,0,1,0,0,0,0,0,1,5.932054151307705,6,6.114236773135286,19,5.811173800747261,18,6.383109789466076,7,5.6
135,7.063903961472068,11,2015,1,0,0,1,0,0,0,0,0,0,5.782987856447572,1,5.7010722017436075,2,5.782987856447572,1,5.470124626996665,13,4.5
145,4.61512051684126,35,1991,1,0,1,0,0,0,0,0,0,0,5.700415045836235,21,5.939515471802202,46,5.992239632997927,27,6.000756848289605,7,5.1
137,7.00850518208228,10,2016,1,1,0,0,0,0,0,0,0,0,5.819351492811208,1,5.612521554171957,7,6.127524428061552,5,5.819351492811208,1,4.9
120,7.86480400332846,9,2017,0,1,0,1,1,0,0,0,0,0,5.817738868410274,2,5.612521554171957,7,5.529184115282062,11,5.910260583720299,1,5.9
108,2.0794415416798357,5,2021,1,0,0,0,0,0,0,0,0,0,5.7102605837202995,1,5.7102605837202995,1,5.841933318877841,7,5.776072201743607,2,3.7
148,1.9459101490553132,76,1950,1,0,0,0,0,0,0,0,0,0,5.9193514928112085,1,6.618278626177521,29,6.009405535076941,2,5.9548358785325615,3,6.0
129,2.9444389791664403,71,1955,0,0,1,0,0,0,0,1,0,0,6.024286260054311,7,6.029490458637378,4,6.090643321046164,10,6.3628786032973625,57,6.2
97,7.062191632286556,17,2009,1,0,0,1,1,0,0,0,0,0,6.12406664776333,3,6.137978611715534,43,5.927524428061553,5,5.934405535076941,2,6.8
119,3.6109179126442243,21,2005,1,0,1,0,0,0,0,0,0,0,5.793297416994099,3,5.8829878564475715,1,5.8829878564475715,1,5.8829878564475715,1,5.6
155,6.495265555937008,22,2004,1,1,0,0,0,1,0,0,0,0,5.838304151307705,6,5.189745229318689,18,5.77419109472822,5,5.575804151307706,6,5.9
80,5.0106352940962555,11,2015,1,0,0,0,0,0,1,0,0,1,5.942738868410274,2,5.8829878564475715,1,5.8829878564475715,1,5.8829878564475715,1,5.6
151,11.256457781448521,14,2012,1,0,1,1,0,0,0,0,0,0,6.090643321046164,10,6.296369434205137,14,5.3349264283077,19,5.827524428061553,5,8.1
169,2.302585092994046,67,1959,0,0,1,0,0,0,0,0,0,0,6.100804151307706,6,6.100804151307706,6,5.792738868410274,2,6.165462730642546,7,4.9
127,5.755742213586912,11,2015,1,0,1,0,0,0,0,0,0,0,5.8375333109930265,1,5.8375333109930265,1,5.687524428061552,5,5.8375333109930265,1,5.1
140,4.442651256490317,50,1976,1,1,0,0,1,0,0,0,0,0,6.212514656836931,15,5.939515471802202,46,5.842738868410275,2,5.782602372175831,18,6.0
159,6.440946540632921,28,1998,1,1,0,0,1,0,0,0,0,0,6.212514656836931,15,6.023907835909508,24,5.711656055020984,34,5.673571785420127,16,4.7
89,7.035268599281097,7,2019,0,0,0,0,0,1,0,0,1,0,6.151072201743607,2,6.285605109301792,3,5.984405535076941,2,6.037533310993027,1,7.3
171,6.391917113392602,77,1949,1,0,1,0,0,0,0,1,0,0,6.432256127417015,9,6.972277075653853,22,6.772514656836932,15,6.292202767538471,14,7.7
166,7.085064293952548,31,1995,0,1,1,0,0,0,0,0,0,0,6.400559409605361,13,5.189745229318689,18,5.275643321046164,10,5.744496071203626,24,5.4
142,5.746203190540153,45,1981,0,0,1,0,0,1,0,0,0,0,6.466201509566438,34,6.128944742530841,101,5.9937622140307765,20,5.720514656836932,15,6.3
142,4.770684624465665,66,1960,1,0,1,0,0,0,0,1,0,0,5.980857761394886,5,6.370643321046164,10,6.10055940960536,13,6.140857761394886,5,6.9
151,2.5649493574615367,28,1998,0,0,0,0,0,0,0,1,0,0,5.534405535076941,2,5.921342085059831,89,5.429490458637377,4,5.450919030065949,4,3.7
150,6.222576268071369,20,2006,1,0,1,0,0,1,0,0,0,0,6.057054151307705,6,5.812521554171958,7,5.379754014514597,19,6.177227436524899,7,5.9
169,6.375024819828097,25,2001,1,0,1,0,0,1,0,0,0,0,5.401072201743607,2,5.807524428061553,5,6.1428025546508955,16,5.870220493917175,3,3.7
146,3.091042453358316,84,1942,1,0,0,0,0,0,0,1,0,0,6.322937023384627,8,5.967738868410275,2,5.992078765538481,1,5.992078765538481,1,6.8
165,3.5263605246161616,66,1960,1,0,1,1,0,0,0,0,0,0,6.022347601494521,4,6.285643321046164,10,6.189603690051293,8,5.984405535076941,2,6.5
150,3.4965075614664802,70,1956,1,0,1,0,0,0,0,1,0,0,6.213304151307705,6,6.148045601101225,9,6.328492578940182,8,6.093297416994099,3,7.1
139,4.897839799950911,45,1981,1,0,0,0,0,0,1,0,0,0,6.1258041513077055,6,6.249591938691465,81,5.9937622140307765,20,6.121888086461546,18,6.8
146,9.219597393238859,7,2019,1,1,0,0,1,0,0,0,0,0,5.900677180048595,9,6.131652075653853,22,6.028442401902117,1,6.142738868410274,2,7.2
112,7.020190708311925,47,1979,0,0,1,1,0,0,0,0,0,0,6.488268679421918,23,6.561428974822752,13,5.948045601101225,9,5.911468511692314,26,7.5
131,4.624972813284271,7,2019,0,0,0,0,0,0,0,0,0,0,5.628442401902117,1,5.5080618872088065,4,5.628442401902117,1,5.628442401902117,1,2.8
161,8.452334619067742,8,2018,1,0,0,0,0,0,0,0,0,0,5.962528186224868,3,5.813762214030776,20,5.932256127417015,9,6.0080618872088065,4,6.0
125,5.666426688112432,26,2000,1,0,0,0,0,0,0,0,0,0,5.607524428061553,5,6.171345083583723,7,5.9675244280615525,5,5.9695541513077055,6,7.0
130,8.24117615049496,54,1972,1,0,0,1,0,0,0,1,0,0,6.951462009788914,33,6.491721282179798,73,6.6445146568369315,15,6.338304151307705,6,8.0
138,3.6109179126442243,76,1950,1,0,1,0,0,0,0,0,0,0,6.4275244280615516,5,6.618278626177521,29,6.350804151307706,6,6.116374340071022,3,6.9
148,1.9459101490553132,77,1949,1,0,0,0,0,0,1,0,0,0,6.024286260054311,7,6.026072201743607,2,6.115204744351664,4,6.100989724686406,3,6.8
120,6.1779441140506,44,1982,1,0,0,0,0,0,1,0,0,0,6.067738868410274,2,6.290643321046164,10,6.184777075653853,22,6.400402075653853,22,7.3
125,2.772588722239781,12,2014,1,0,0,0,0,0,0,0,0,0,5.676072201743608,2,5.810260583720299,1,5.909255061779273,13,5.810260583720299,1,4.8
123,2.6390573296152584,6,2020,1,0,0,0,0,0,0,0,0,0,6.146624220083936,1,6.146624220083936,1,6.146624220083936,1,6.927791280160949,120,8.5
93,4.48863636973214,15,2011,1,0,0,1,1,0,0,0,0,0,5.394191094728219,5,5.322277075653853,22,5.655715129174845,1,5.442738868410274,2,3.1
135,2.1972245773362196,33,1993,1,1,1,0,0,0,0,0,0,0,5.667381467829071,8,5.810260583720299,1,5.810260583720299,1,5.679490458637377,4,4.8
146,5.003946305945459,33,1993,0,1,0,0,1,0,0,0,0,0,5.792738868410274,2,5.396410830261542,70,5.379754014514597,19,5.782602372175831,18,3.9
125,2.3978952727983707,13,2013,1,0,0,0,0,0,0,0,0,0,5.8829878564475715,1,5.8829878564475715,1,5.8829878564475715,1,5.8829878564475715,1,5.6
158,5.834810737062605,64,1962,0,0,0,0,0,1,0,1,1,0,6.0760722017436075,2,6.147815671819017,7,6.622579622803425,26,6.079490458637379,4,7.1
141,5.056245805348308,37,1989,0,0,0,0,0,0,0,0,1,0,5.465643321046164,10,5.3923579264167305,93,5.565084306497744,24,5.74603938276924,12,5.1
130,8.879889967673464,10,2016,1,0,1,1,0,0,0,0,0,0,6.02406664776333,3,5.767381467829072,8,5.728442401902117,1,5.728442401902117,1,3.9
128,7.87359778968554,9,2017,1,1,0,0,0,0,0,0,0,0,6.042738868410274,2,6.128944742530841,101,5.692738868410274,2,6.400402075653853,22,5.6
128,7.535830462798367,9,2017,0,0,0,1,0,0,0,0,0,0,5.8829878564475715,1,5.8829878564475715,1,6.071345083583723,7,5.8829878564475715,1,5.6
88,2.70805020110221,21,2005,1,0,0,0,0,0,0,0,0,0,5.910260583720299,1,5.910260583720299,1,5.910260583720299,1,5.892738868410274,2,5.9
120,6.0867747269123065,10,2016,1,0,1,0,0,1,0,0,0,0,5.628442401902117,1,5.236633315780234,4,5.4317589554556385,3,5.628442401902117,1,2.8
133,4.330733340286331,54,1972,1,0,0,0,0,0,1,0,0,0,6.031758955455638,3,6.0565146568369315,15,5.9937622140307765,20,6.093776172923092,4,6.9
121,3.332204510175204,43,1983,1,0,1,0,0,0,0,0,0,0,5.776072201743607,2,5.356708208998889,59,5.743469829567776,11,5.955643321046165,10,3.7
140,5.262690188904886,34,1992,1,1,0,0,1,0,0,0,0,0,5.552514656836931,15,5.659405535076941,2,6.129702767538471,14,5.792078765538481,1,4.6
90,2.4849066497880004,14,2012,0,0,0,0,1,0,0,0,0,1,6.064806038265754,1,6.064806038265754,1,7.047450176569067,83,6.927791280160949,120,7.6
142,5.958424693029782,44,1982,1,0,0,0,0,0,1,0,0,0,6.951462009788914,33,6.128944742530841,101,5.9937622140307765,20,6.061173800747261,18,7.0
117,5.529429087511423,52,1974,1,0,0,0,0,1,0,0,1,0,5.888992142407253,7,6.128944742530841,101,6.1718880864615455,18,5.850804151307706,6,6.8
126,3.4965075614664802,27,1999,1,1,0,0,0,0,0,0,0,0,5.032514656836931,15,5.3923579264167305,93,5.5562703567179605,8,5.626072201743607,2,4.4
158,3.6888794541139363,62,1964,1,0,1,0,0,0,0,0,0,0,6.037533310993027,1,6.559064359342182,19,6.288268679421918,23,6.1056433210461645,10,7.3
121,3.4011973816621555,25,2001,0,1,0,0,1,0,0,0,0,0,5.855715129174845,1,5.855715129174845,1,5.576869498317517,37,5.855715129174845,1,5.3
123,5.857933154483459,16,2010,1,0,0,1,0,0,0,0,0,0,5.928442401902117,1,6.416514656836931,15,5.928442401902117,1,5.801072201743608,2,6.1
156,3.7612001156935624,41,1985,1,0,0,0,0,0,1,0,0,0,6.001072201743607,2,6.249591938691465,81,5.576869498317517,37,5.9356433210461645,10,6.2
147,3.4965075614664802,46,1980,0,1,0,0,1,1,0,0,0,0,6.142782443206489,9,6.471632800332116,53,6.34709554736411,20,6.084549116340087,28,6.8
121,3.4339872044851463,45,1981,1,0,0,0,1,0,0,0,0,1,5.946624220083936,1,5.3923579264167305,93,6.082054151307705,6,6.07419109472822,5,6.3
139,4.74493212836325,48,1978,1,1,0,0,0,0,0,0,0,0,5.862528186224869,3,5.894191094728219,5,6.342024067247869,26,5.895643321046164,10,5.4
143,8.585972706811063,13,2013,0,1,1,1,0,0,0,0,0,0,5.7427388684102745,2,6.296369434205137,14,5.692738868410274,2,5.61709554736411,20,3.6
171,7.579167967396076,34,1992,1,0,1,0,0,0,0,0,0,0,5.542202767538471,14,5.644648673347989,53,5.955253755513655,21,5.788613718262449,24,6.3
162,6.278521424165844,43,1983,0,0,1,0,0,0,1,0,0,0,5.552514656836931,15,6.6843833277482565,34,6.4729370233846275,8,6.205191863924958,31,6.6
188,4.653960350157523,29,1997,1,0,1,0,0,0,0,0,0,0,5.529490458637378,4,5.800989724686407,3,5.943469829567776,11,5.884405535076941,2,4.4
166,3.8066624897703196,32,1994,1,1,0,0,0,0,0,0,0,0,5.765204744351664,4,5.971369434205137,14,5.819266660024954,27,5.810260583720299,1,4.8
135,2.3978952727983707,57,1969,1,0,0,0,0,0,0,0,0,0,5.700415045836235,21,5.99419109472822,5,6.057054151307705,6,5.9510722017436075,2,5.8
145,3.4657359027997265,62,1964,1,0,0,1,0,0,1,0,0,0,6.0562703567179605,8,6.229837873202802,34,5.992078765538481,1,6.1294904586373775,4,6.8
78,3.713572066704308,12,2014,1,0,0,0,0,0,0,0,0,0,6.170220493917176,3,6.171345083583723,7,6.028442401902117,1,6.927791280160949,120,7.2
112,4.394449154672439,74,1952,1,0,1,0,0,0,0,0,0,0,6.064806038265754,1,6.972277075653853,22,6.288268679421918,23,6.064806038265754,1,7.6
144,4.653960350157523,31,1995,1,0,1,0,0,0,0,0,0,0,5.8375333109930265,1,5.60091903006595,4,5.325804151307706,6,5.8375333109930265,1,5.1
151,7.780720886117918,21,2005,1,0,1,0,0,0,0,0,0,0,5.436050965936664,7,5.644648673347989,53,5.711656055020984,34,5.8043410161893565,16,4.4
145,4.07753744390572,41,1985,1,0,1,0,0,0,0,0,0,0,5.825804151307706,6,6.491721282179798,73,5.729184115282061,11,5.784887706364383,9,5.6
172,4.330733340286331,34,1992,0,0,1,0,0,0,0,0,0,0,5.427857564587422,12,5.480857761394886,5,5.843474236839166,34,5.57419109472822,5,4.9
127,3.4339872044851463,9,2017,0,0,0,0,0,1,0,0,0,0,6.101072201743608,2,5.946624220083936,1,5.946624220083936,1,5.946624220083936,1,6.3
119,8.278682162970906,12,2014,1,0,1,1,0,0,0,0,0,0,5.95940553507694,2,6.57970276753847,14,5.695414022153858,9,5.61709554736411,20,5.5
160,3.58351893845611,66,1960,0,0,0,0,0,0,0,1,0,0,6.167381467829071,8,6.409201953556568,24,6.34709554736411,20,6.055643321046165,10,5.2
97,5.0689042022202315,13,2013,0,0,0,0,0,0,0,0,0,0,6.10116967462939,1,6.10116967462939,1,7.047450176569067,83,6.927791280160949,120,8.0
99,2.0794415416798357,11,2015,0,0,0,0,1,0,0,0,1,0,5.982987856447571,1,5.982987856447571,1,5.982987856447571,1,5.982987856447571,1,6.7
120,7.67275789664251,9,2017,1,0,0,0,0,0,1,0,0,0,6.010260583720299,1,5.7010722017436075,2,6.010260583720299,1,6.010260583720299,1,7.0
137,4.2626798770413155,44,1982,1,0,1,0,0,0,0,0,0,0,6.216466653732805,9,6.037533310993027,1,6.594801845025647,26,5.782602372175831,18,7.3
128,4.23410650459726,11,2015,0,0,1,0,0,0,0,1,0,0,5.737533310993026,1,5.667738868410274,2,5.626072201743607,2,5.737533310993026,1,4.0
118,6.871091294610546,11,2015,0,1,0,0,0,1,0,0,0,0,6.050919030065949,4,6.060857761394886,5,5.846624220083935,1,5.846624220083935,1,5.2
186,11.045111436797486,13,2013,1,0,0,0,0,0,0,0,0,0,6.1258041513077055,6,6.083109789466075,7,5.695414022153858,9,6.383109789466076,7,8.2
115,2.9444389791664403,8,2018,0,0,0,1,0,0,0,0,0,0,5.70116967462939,1,5.70116967462939,1,5.70116967462939,1,5.244554151307705,6,3.6
145,4.882801922586371,35,1991,1,0,0,1,0,0,1,0,0,0,5.592738868410275,2,5.746624220083936,1,5.383762214030777,20,5.763036100871804,14,4.1
165,3.871201010907891,69,1957,1,0,0,0,0,0,0,0,0,0,6.100804151307706,6,6.100804151307706,6,6.290150864259121,9,5.982987856447571,1,6.7
168,3.4339872044851463,65,1961,1,0,0,0,0,0,1,0,0,0,5.864806038265754,1,6.60055940960536,13,6.307340221411149,19,5.900989724686407,3,5.4
107,4.442651256490317,8,2018,0,0,1,1,0,0,0,0,0,0,6.1284424019021175,1,6.1284424019021175,1,5.6856433210461645,10,6.1284424019021175,1,8.3
89,3.295836866004329,13,2013,0,0,0,0,0,1,0,0,0,0,5.534405535076941,2,5.285605109301792,3,5.667738868410274,2,5.60116967462939,1,2.5
101,3.091042453358316,70,1956,0,1,0,1,1,0,0,0,0,0,6.009405535076941,2,6.409201953556568,24,5.9510722017436075,2,5.95940553507694,2,6.0
157,9.363233118079325,20,2006,1,0,0,1,0,1,0,0,0,0,6.1977658056647,29,5.528400721966557,82,5.383762214030777,20,5.570321660523082,30,6.5
113,2.9444389791664403,25,2001,0,1,0,0,0,0,0,0,0,0,5.6177388684102745,2,5.3923579264167305,93,5.792078765538481,1,5.505940337943332,9,4.6
158,5.429345628954441,21,2005,1,1,0,0,0,0,0,0,0,0,5.8829878564475715,1,5.792738868410274,2,5.9275244280615516,5,5.793776172923093,4,5.6
160,4.060443010546419,21,2005,1,0,0,0,0,0,0,0,0,0,5.9927388684102745,2,5.765462730642547,7,5.95940553507694,2,5.928442401902117,1,6.1
81,2.70805020110221,25,2001,0,0,0,0,0,0,1,0,0,0,6.432054151307705,6,5.964806038265754,1,5.964806038265754,1,6.927791280160949,120,6.5
147,5.135798437050262,40,1986,1,0,0,0,0,1,0,0,0,0,5.743469829567776,11,6.032731365321274,24,5.947143570840253,3,5.453698024760193,7,4.3
136,2.3978952727983707,56,1970,1,0,0,0,0,0,0,0,0,0,6.363439497071233,17,6.164806038265753,1,6.176072201743608,2,6.251072201743607,2,8.7
138,2.3978952727983707,41,1985,0,1,0,0,0,0,0,0,0,1,5.9193514928112085,1,5.9193514928112085,1,5.9193514928112085,1,5.947143570840253,3,6.0
136,4.23410650459726,32,1994,1,0,0,0,0,0,0,0,0,0,5.634405535076941,2,4.990967175706513,55,5.843474236839166,34,6.3628786032973625,57,4.4
147,5.869296913133774,29,1997,1,1,0,0,0,0,0,0,0,0,5.095159245606849,8,4.91827862617752,29,5.751072201743607,2,5.648045601101225,9,5.1
151,3.2188758248682006,57,1969,1,0,0,0,0,0,1,0,0,0,6.421369434205137,14,6.47834521208835,91,6.24603938276924,12,5.871345083583723,7,4.9
172,3.2188758248682006,29,1997,0,1,0,0,0,0,0,0,0,0,5.2951592456068495,8,5.7193514928112075,1,5.7193514928112075,1,5.7193514928112075,1,3.8
131,3.6375861597263857,54,1972,1,1,0,1,0,0,0,0,0,0,6.310788497273217,19,5.4725802696012575,88,6.244872614659345,46,6.084549116340087,28,5.7
118,2.302585092994046,26,2000,1,1,0,0,0,0,0,0,0,0,5.509405535076941,2,5.664806038265754,1,5.664806038265754,1,5.4861738007472605,18,3.2
136,1.791759469228055,67,1959,1,0,0,0,0,0,1,0,0,0,5.950919030065949,4,5.9193514928112085,1,5.9193514928112085,1,5.9193514928112085,1,6.0
164,2.772588722239781,70,1956,1,0,0,0,0,0,0,0,0,0,5.863304151307705,6,6.47834521208835,91,6.095159245606849,8,5.9548358785325615,3,5.8
133,3.4011973816621555,25,2001,0,1,0,0,0,0,0,0,0,0,5.032514656836931,15,5.200714801162405,8,5.576869498317517,37,5.801072201743608,2,4.6
162,6.280395838960195,32,1994,0,1,0,1,0,0,0,0,0,1,6.108061887208806,4,6.014191094728219,5,6.034405535076941,2,6.065204744351663,4,7.8
145,3.58351893845611,30,1996,1,0,1,0,0,0,0,1,0,0,5.654835878532561,3,5.855715129174845,1,5.855715129174845,1,5.9510722017436075,2,5.3
154,2.995732273553991,46,1980,1,0,0,0,0,0,0,1,0,0,6.019351492811208,1,6.019351492811208,1,6.019351492811208,1,6.019351492811208,1,7.1
140,2.6390573296152584,47,1979,1,0,0,0,0,0,0,0,0,1,6.039451263147945,3,6.108869434205137,14,6.055715129174845,1,5.869098232680173,9,7.5
138,2.4849066497880004,50,1976,1,0,1,0,0,0,0,0,0,0,5.859405535076941,2,5.700612686710633,11,5.942802554650895,16,5.788613718262449,24,4.6
156,3.58351893845611,25,2001,0,0,0,1,0,0,1,0,0,0,5.884405535076941,2,6.014191094728219,5,5.792738868410274,2,5.448045601101226,9,4.6
83,2.4849066497880004,9,2017,1,0,0,0,0,0,0,0,0,0,5.937533310993026,1,5.937533310993026,1,5.937533310993026,1,5.937533310993026,1,6.2
84,2.772588722239781,9,2017,0,0,0,0,0,0,0,0,0,0,5.873896947356664,1,5.873896947356664,1,5.873896947356664,1,5.626072201743607,2,5.5
115,3.5553480614894135,9,2017,0,0,0,1,0,0,0,0,0,0,5.8375333109930265,1,5.8375333109930265,1,5.8375333109930265,1,5.8375333109930265,1,5.1
131,5.662960480135946,6,2020,1,0,0,1,0,0,0,0,0,0,5.9193514928112085,1,5.967738868410275,2,5.9193514928112085,1,5.970220493917177,3,6.0
135,3.2188758248682006,50,1976,1,0,1,0,0,0,0,0,0,0,6.214898400996348,11,6.47834521208835,91,5.972347601494521,4,6.024286260054311,7,6.2
120,4.07753744390572,9,2017,0,0,0,1,0,0,0,0,0,0,5.992078765538481,1,5.992078765538481,1,5.992078765538481,1,5.992078765538481,1,6.8
150,10.025660936493804,7,2019,1,1,0,1,0,0,0,0,0,0,5.6741910947282195,5,5.346112564277431,51,5.811173800747261,18,5.934405535076941,2,4.9
160,2.6390573296152584,24,2002,0,1,0,0,0,1,0,0,0,1,5.700857761394886,5,5.800989724686407,3,5.685605109301791,3,6.084549116340087,28,5.7
170,2.302585092994046,84,1942,1,0,0,0,0,0,0,0,0,1,6.326992969522278,9,6.072347601494521,4,5.973896947356663,1,5.973896947356663,1,6.6
74,4.890349128221754,9,2017,1,0,0,0,0,0,0,0,0,0,5.992078765538481,1,5.992078765538481,1,5.992078765538481,1,6.026072201743607,2,6.8
128,3.8918202981106265,41,1985,0,1,0,0,1,1,0,0,0,0,5.90116967462939,1,6.249591938691465,81,5.819266660024954,27,6.2266463661271,13,5.8
154,8.919988070968524,8,2018,1,1,0,0,1,0,0,0,0,0,6.440857761394886,5,5.942738868410274,2,6.064806038265754,1,6.064806038265754,1,7.6
114,4.343805421853684,16,2010,1,1,0,1,0,0,0,0,0,0,5.764806038265753,1,5.764806038265753,1,5.764806038265753,1,5.851072201743608,2,4.3
135,4.74493212836325,45,1981,1,0,0,1,0,0,0,0,0,0,6.323312110041968,12,6.206639201230781,7,6.387511820029784,21,6.016374340071023,3,6.6
105,1.9459101490553132,28,1998,0,0,0,0,0,0,0,0,0,0,5.643776172923092,4,5.838304151307705,6,5.764806038265753,1,5.764806038265753,1,4.3
113,2.1972245773362196,38,1988,0,0,0,0,0,0,0,0,0,0,5.692738868410274,2,5.682987856447571,1,5.682987856447571,1,5.682987856447571,1,3.4
95,3.2188758248682006,23,2003,0,0,0,0,0,0,0,0,0,0,5.643776172923092,4,5.736633315780234,4,5.939451263147945,3,5.522937023384626,8,4.9
142,2.9444389791664403,44,1982,0,0,1,0,0,0,0,0,0,0,5.83440553507694,2,5.80709554736411,20,6.184777075653853,22,6.2141910947282195,5,6.4
157,3.713572066704308,61,1965,1,0,1,1,0,0,0,0,0,0,5.836050965936664,7,6.47834521208835,91,6.307340221411149,19,6.100857761394886,5,6.2
95,9.345308232386667,19,2007,1,0,0,1,0,0,0,0,0,0,5.8152047443516635,4,6.0266463661271,13,6.1937761729230925,4,5.826992969522278,9,7.6
129,7.172424577124845,15,2011,1,0,0,1,0,0,0,0,0,0,5.8152047443516635,4,6.0266463661271,13,6.061825912273516,8,5.525804151307705,6,4.7
143,2.302585092994046,91,1935,1,0,0,0,0,0,0,0,0,0,5.937533310993026,1,5.937533310993026,1,5.937533310993026,1,5.937533310993026,1,6.2
157,6.513230110912307,15,2011,1,0,0,0,1,1,0,0,0,0,5.92406664776333,3,6.416514656836931,15,5.740857761394887,5,6.383109789466076,7,6.1
122,4.31748811353631,10,2016,0,0,0,1,0,0,0,0,0,0,5.851072201743608,2,5.910260583720299,1,5.910260583720299,1,6.288304151307706,6,5.9
100,2.302585092994046,14,2012,1,0,1,0,0,0,1,0,0,0,5.884405535076941,2,5.8677388684102745,2,5.819351492811208,1,5.819351492811208,1,4.9
128,7.1372784372603855,8,2018,1,0,0,0,0,0,0,0,0,0,6.147143570840253,3,6.32036761202638,25,6.010260583720299,1,6.010260583720299,1,7.0
165,2.5649493574615367,42,1984,0,1,0,0,0,0,0,0,0,0,6.10627035671796,8,5.810260583720299,1,5.729184115282061,11,5.810260583720299,1,4.8
109,3.1780538303479458,25,2001,0,1,0,0,0,0,0,0,0,0,5.828442401902118,1,5.921342085059831,89,5.237519285311752,9,5.884405535076941,2,5.0
174,4.969813299576001,68,1958,1,0,0,0,0,0,0,1,0,0,6.1741910947282195,5,6.285605109301792,3,6.019351492811208,1,6.1294904586373775,4,7.1
159,10.033550436834297,19,2007,0,0,0,1,0,0,0,0,1,0,6.1977658056647,29,5.528400721966557,82,6.022937023384626,8,5.884405535076941,2,7.3
136,7.470793774195062,9,2017,1,1,0,0,1,0,0,0,0,0,5.829490458637379,4,5.855715129174845,1,4.920857761394886,5,5.95940553507694,2,5.3
113,8.153925132007862,23,2003,0,0,0,0,0,1,0,0,1,0,5.670066660951704,33,5.396410830261542,70,5.379754014514597,19,6.169098232680173,9,6.5
133,4.574710978503383,16,2010,0,1,0,0,0,0,0,0,0,1,5.876072201743607,2,5.90116967462939,1,5.90116967462939,1,5.90116967462939,1,5.8
145,4.672828834461906,61,1965,0,0,0,1,0,0,0,0,1,0,5.975804151307706,6,6.255643321046165,10,6.356032089663826,17,6.365462730642546,7,6.5
85,2.302585092994046,27,1999,0,0,0,0,0,0,0,0,0,0,5.737533310993026,1,5.643469829567775,11,5.737533310993026,1,5.737533310993026,1,4.0
85,6.2422232654551655,14,2012,0,0,0,0,0,1,0,0,1,0,5.670066660951704,33,5.724066647763331,3,5.60116967462939,1,5.60116967462939,1,2.5
114,8.351610750626559,6,2020,0,0,0,0,0,1,0,0,1,0,5.864806038265754,1,6.143776172923092,4,5.686633315780235,4,5.784405535076941,2,5.4
155,8.523374050491318,12,2014,1,0,0,1,0,0,0,0,0,0,6.500919030065949,4,6.128944742530841,101,6.1284925789401825,8,5.973896947356663,1,6.6
150,9.0432226489245,18,2008,1,0,0,1,0,0,1,0,0,0,5.793297416994099,3,6.128944742530841,101,5.843474236839166,34,5.720857761394885,5,6.3
129,4.110873864173311,63,1963,0,0,0,0,0,0,0,0,0,1,5.984048134495739,8,6.159405535076941,2,5.976072201743608,2,5.964806038265754,1,6.5
100,5.908082938168931,27,1999,1,0,0,0,0,0,0,0,0,0,6.019351492811208,1,6.416514656836931,15,6.019351492811208,1,6.2266463661271,13,7.1
96,7.585281078639126,12,2014,1,0,0,0,0,0,0,0,0,0,6.028442401902117,1,6.028442401902117,1,6.028442401902117,1,6.028442401902117,1,7.2
89,4.07753744390572,15,2011,0,0,0,0,0,0,0,0,0,0,6.10116967462939,1,6.10116967462939,1,6.10116967462939,1,6.10116967462939,1,8.0
93,4.997212273764115,8,2018,1,0,0,0,0,0,0,0,0,0,6.082987856447573,1,6.082987856447573,1,6.082987856447573,1,6.082987856447573,1,7.8
140,6.0014148779611505,10,2016,1,0,0,0,0,0,0,0,0,0,5.892738868410274,2,6.294191094728219,5,5.982987856447571,1,5.762528186224869,3,6.7
153,4.787491742782046,37,1989,1,1,0,0,1,0,0,0,0,0,6.090643321046164,10,5.630428880697443,20,5.576869498317517,37,5.565784695424972,51,4.6
114,7.931284761525891,15,2011,0,1,0,1,1,0,0,0,0,0,5.736633315780234,4,6.128944742530841,101,6.244872614659345,46,5.671345083583723,7,5.6
142,6.373319789577012,49,1977,1,0,0,0,0,0,0,0,0,0,6.8068666587394615,21,6.206639201230781,7,6.12406664776333,3,6.400402075653853,22,7.4
96,5.993961427306569,57,1969,1,0,0,1,0,0,0,0,0,0,6.532256127417016,9,6.169554151307706,6,6.055715129174845,1,6.167738868410274,2,7.5
160,7.940227765145702,26,2000,1,1,0,0,1,0,0,0,0,0,5.278820279170577,13,5.189745229318689,18,5.966027075653853,22,6.163304151307706,6,5.0
144,4.007333185232471,52,1974,1,0,1,0,0,0,0,1,0,0,6.0562703567179605,8,5.4725802696012575,88,6.1657768009097085,13,6.2772274365249,7,6.5
141,3.1780538303479458,89,1937,1,0,0,0,0,0,0,0,0,0,6.154835878532561,3,6.010260583720299,1,6.010260583720299,1,6.067738868410274,2,7.0
128,6.661854740545311,19,2007,1,1,0,0,1,0,0,0,0,0,5.278820279170577,13,5.219562361627795,52,5.3349264283077,19,5.676072201743608,2,3.8
74,3.1354942159291497,14,2012,1,0,0,0,0,0,0,0,0,0,5.83440553507694,2,5.955715129174845,1,5.955715129174845,1,5.955715129174845,1,6.4
92,3.6109179126442243,18,2008,0,0,0,0,0,0,0,0,0,0,6.019351492811208,1,7.100201037826927,54,7.047450176569067,83,6.927791280160949,120,7.1
140,3.5553480614894135,26,2000,0,1,0,0,0,0,0,0,0,0,5.659405535076941,2,5.3923579264167305,93,5.608682032378715,3,5.651072201743607,2,4.4
113,3.9889840465642745,44,1982,0,1,0,0,1,0,1,0,0,0,5.977912801609484,3,6.135342018301013,13,6.0760722017436075,2,5.765204744351664,4,7.5
148,3.7376696182833684,37,1989,1,1,0,0,1,0,0,0,0,0,5.83440553507694,2,5.570966659438921,24,5.563835074785437,9,5.400536100871804,14,4.5
137,9.312806703520673,17,2009,1,0,0,1,0,0,0,0,0,0,6.1977658056647,29,6.693069126700863,17,5.77419109472822,5,6.008690733914536,26,6.2
138,3.295836866004329,8,2018,1,0,0,0,0,0,0,0,0,0,6.00116967462939,1,6.00116967462939,1,6.00116967462939,1,6.00116967462939,1,6.9
154,3.4657359027997265,63,1963,1,0,0,0,0,0,0,1,1,0,6.072347601494521,4,6.404907235692317,13,6.205643321046165,10,6.036633315780235,4,5.7
133,5.545177444479562,15,2011,0,1,0,1,1,0,0,0,0,0,5.394191094728219,5,5.7193514928112075,1,5.542202767538471,14,5.7193514928112075,1,3.8
131,2.8903717578961645,46,1980,1,0,0,0,0,0,0,0,0,0,6.459735793367529,17,5.754191094728219,5,6.026072201743607,2,5.9193514928112085,1,6.0
131,3.1354942159291497,13,2013,0,0,0,1,0,0,0,0,0,0,5.694191094728219,5,5.782987856447572,1,5.782987856447572,1,5.794191094728219,5,4.5
139,2.9444389791664403,42,1984,0,0,0,1,0,0,1,0,0,0,5.8375333109930265,1,5.630428880697443,20,6.175643321046165,10,6.281958015589752,17,5.1
115,2.1972245773362196,25,2001,0,1,0,0,0,0,0,0,0,0,5.728442401902117,1,5.70940553507694,2,5.728442401902117,1,5.505940337943332,9,3.9
91,6.78332520060396,9,2017,1,0,0,0,0,0,0,0,0,0,6.064806038265754,1,6.151072201743607,2,6.3758041513077055,6,6.37234760149452,4,7.6
139,3.5263605246161616,60,1966,1,0,0,0,0,0,0,0,0,0,5.910260583720299,1,6.249591938691465,81,5.910260583720299,1,6.3628786032973625,57,5.9
145,3.9512437185814275,72,1954,1,0,0,0,0,0,0,0,0,0,6.709675746405605,12,6.293776172923093,4,5.8260722017436075,2,5.937533310993026,1,6.2
100,2.0794415416798357,16,2010,0,0,0,0,0,0,0,0,0,0,5.667738868410274,2,7.100201037826927,54,7.047450176569067,83,6.927791280160949,120,4.3
82,2.4849066497880004,9,2017,1,0,0,1,0,0,0,0,0,1,5.873896947356664,1,5.873896947356664,1,5.873896947356664,1,5.873896947356664,1,5.5
100,3.332204510175204,7,2019,1,0,0,0,0,0,0,0,0,0,6.019351492811208,1,6.019351492811208,1,6.019351492811208,1,6.019351492811208,1,7.1
116,5.902633333401366,14,2012,0,0,1,0,0,0,0,0,0,0,5.746624220083936,1,5.432054151307706,6,5.542738868410274,2,5.746624220083936,1,4.1
126,3.828641396489095,60,1966,0,0,0,1,0,0,0,0,0,0,6.951462009788914,33,6.147815671819017,7,6.184887706364384,9,6.031758955455638,3,6.9
149,6.754604099487962,38,1988,1,0,0,1,0,0,0,0,0,0,5.726072201743608,2,5.630428880697443,20,6.241933318877841,7,5.895643321046164,10,5.8
159,8.60611940061064,27,1999,1,0,1,1,0,0,0,0,0,0,5.361036596488693,41,5.188992142407252,7,5.44664870849705,16,5.769554151307705,6,5.7
156,5.332718793265369,45,1981,0,0,1,1,0,0,0,0,0,0,5.552514656836931,15,6.471632800332116,53,5.972347601494521,4,5.9356433210461645,10,7.0
122,10.427712996365136,21,2005,1,0,0,0,0,0,0,0,0,0,6.4848877063643835,9,6.128944742530841,101,5.966027075653853,22,6.234405535076941,2,8.2
134,6.3473892096560105,18,2008,1,0,0,0,1,1,0,0,0,0,6.089745229318689,18,5.644648673347989,53,5.937533310993026,1,6.154835878532561,3,6.2
154,3.258096538021482,67,1959,0,1,0,0,0,1,0,0,1,0,5.947143570840253,3,6.60055940960536,13,5.982987856447571,1,6.281958015589752,17,6.7
143,9.877862004897155,22,2004,1,1,0,0,1,0,0,0,0,0,6.709255061779273,13,6.416514656836931,15,6.146624220083936,1,6.062528186224868,3,8.5
105,3.1780538303479458,11,2015,1,0,0,0,0,1,0,0,0,0,6.0466242200839355,1,5.888304151307706,6,6.0466242200839355,1,5.8260722017436075,2,7.4
83,3.2188758248682006,55,1971,1,0,0,0,0,0,1,0,0,0,6.1856051093017905,3,6.109405535076941,2,5.973896947356663,1,5.973896947356663,1,6.6
120,3.6635616461296463,6,2020,0,0,0,0,0,1,0,0,0,0,6.155715129174845,1,6.155715129174845,1,6.155715129174845,1,6.155715129174845,1,8.6
152,3.784189633918261,7,2019,0,1,0,0,0,0,1,0,0,0,5.864806038265754,1,5.921342085059831,89,5.864806038265754,1,5.864806038265754,1,5.4
145,5.298317366548036,53,1973,1,0,1,0,0,0,0,1,0,0,6.629184115282062,11,5.921342085059831,89,5.9937622140307765,20,6.084549116340087,28,6.7
126,6.428105272684596,21,2005,1,1,0,0,0,1,0,0,0,0,5.516374340071023,3,5.396410830261542,70,5.316563957322251,27,5.558869434205136,14,4.1
138,9.176990392294629,8,2018,0,0,0,1,0,1,0,0,0,0,6.080857761394886,5,6.693069126700863,17,5.884405535076941,2,6.13870792480587,11,7.1
107,6.839476438228843,7,2019,0,1,0,0,0,1,0,0,0,0,5.937533310993026,1,5.219562361627795,52,5.937533310993026,1,5.937533310993026,1,6.2
109,6.889591308354466,14,2012,1,1,0,0,1,0,0,0,0,0,5.759405535076941,2,5.542738868410274,2,5.687524428061552,5,5.759405535076941,2,5.0
119,8.449984441722787,17,2009,0,1,0,0,0,0,0,0,1,1,5.662528186224869,3,5.528400721966557,82,5.231796183454951,25,5.594191094728219,5,3.7
134,3.9512437185814275,9,2017,1,0,0,0,0,0,1,1,0,0,5.89207876553848,1,5.89207876553848,1,5.89207876553848,1,5.817738868410274,2,5.7
114,5.308267697401205,17,2009,0,0,0,0,0,0,0,0,1,0,6.042738868410274,2,6.160857761394885,5,5.964806038265754,1,5.964806038265754,1,6.5
137,8.145259566516865,13,2013,1,0,1,0,0,0,0,0,0,1,6.073896947356662,1,6.073896947356662,1,6.073896947356662,1,6.073896947356662,1,7.7
135,4.727387818712341,63,1963,0,0,1,0,0,0,0,0,0,0,6.310788497273217,19,6.6843833277482565,34,6.364745229318689,18,5.964806038265754,1,6.5
137,8.691314551644853,21,2005,1,0,0,1,1,0,0,0,0,0,5.936633315780235,4,5.427417939266281,16,5.3349264283077,19,5.470124626996665,13,6.6
168,7.482681828154651,53,1973,0,0,1,1,0,0,0,1,0,0,6.432256127417015,9,5.854191094728219,5,6.244152075653853,22,6.3628786032973625,57,7.1
121,7.691656822810547,12,2014,1,0,0,1,0,1,0,0,0,0,5.873896947356664,1,6.3062703567179605,8,5.557054151307706,6,5.873896947356664,1,5.5
125,3.6375861597263857,21,2005,0,0,1,0,0,0,0,0,0,0,6.042738868410274,2,5.83440553507694,2,5.810260583720299,1,5.70940553507694,2,4.8
130,10.069129101578879,15,2011,1,1,0,1,0,0,0,0,0,0,5.80116967462939,1,5.346112564277431,51,5.778254311886048,17,5.744496071203626,24,4.7
117,1.9459101490553132,16,2010,0,0,0,0,0,0,0,0,0,0,5.9510722017436075,2,7.100201037826927,54,7.047450176569067,83,6.927791280160949,120,8.2
85,3.2188758248682006,9,2017,1,0,0,0,0,1,0,0,0,0,6.3008577613948855,5,5.946624220083936,1,5.942738868410274,2,5.859405535076941,2,6.3
155,9.032170186304704,14,2012,0,1,0,1,0,0,0,0,0,0,5.8092550617792735,13,6.128944742530841,101,6.1428025546508955,16,5.807524428061553,5,5.5
164,6.634633357861686,34,1992,0,1,0,1,1,0,0,0,0,0,5.361036596488693,41,5.939515471802202,46,5.843474236839166,34,5.469725631573973,16,6.1
150,3.044522437723423,10,2016,0,0,0,0,0,0,0,0,0,0,6.0920787655384805,1,6.0920787655384805,1,6.0920787655384805,1,6.0920787655384805,1,7.9
125,5.552959584921617,10,2016,1,0,0,0,0,0,0,0,0,0,5.9193514928112085,1,5.9193514928112085,1,5.9193514928112085,1,6.163304151307706,6,6.0
124,2.5649493574615367,12,2014,0,0,0,0,0,1,0,0,0,0,5.810260583720299,1,5.39015086425912,9,5.810260583720299,1,5.810260583720299,1,4.8
81,4.7535901911063645,15,2011,0,0,0,0,0,0,0,0,0,0,6.1258041513077055,6,5.928442401902117,1,6.342024067247869,26,6.039603690051294,8,6.1
103,4.454347296253507,17,2009,1,1,0,0,1,0,0,0,0,0,5.851072201743608,2,5.516374340071023,3,5.846624220083935,1,5.784887706364383,9,5.2
117,4.2626798770413155,15,2011,0,0,0,0,0,0,0,0,0,0,6.119351492811208,1,7.100201037826927,54,7.047450176569067,83,6.927791280160949,120,8.2
153,3.258096538021482,33,1993,0,1,0,0,0,1,0,0,0,0,5.748045601101226,9,5.779490458637378,4,5.5562703567179605,8,5.955715129174845,1,6.4
154,5.043425116919247,66,1960,1,0,1,0,0,0,0,1,0,0,6.321888086461547,18,6.603274868014205,55,6.35091903006595,4,6.148514656836932,15,7.0
104,5.945420608606575,7,2019,1,0,0,1,1,0,0,0,0,0,5.782987856447572,1,5.9317589554556385,3,5.967738868410275,2,5.667738868410274,2,4.5
164,4.430816798843313,46,1980,0,1,0,1,0,0,0,0,0,0,6.3910888771868235,11,5.9815650676630145,11,5.858479561965267,21,6.084549116340087,28,6.9
105,6.324358962381311,28,1998,1,0,0,1,1,0,0,0,0,0,5.377912801609484,3,5.964806038265754,1,5.939603690051293,8,5.964806038265754,1,6.5
97,6.175867270105761,7,2019,1,0,1,0,0,0,0,0,0,0,5.9193514928112085,1,5.9193514928112085,1,6.1177388684102745,2,5.9193514928112085,1,6.0
127,8.54188580400661,13,2013,1,0,0,0,0,0,0,0,0,0,6.2772274365249,7,5.885605109301792,3,5.885605109301792,3,5.885605109301792,3,6.7
120,6.035481432524756,18,2008,0,0,1,1,1,0,0,0,0,0,6.519660305758252,11,5.611203495838068,9,5.792078765538481,1,5.792078765538481,1,4.6
132,7.009408932708637,54,1972,0,1,0,1,0,0,0,0,0,1,5.975804151307706,6,5.992078765538481,1,6.184887706364384,9,5.788613718262449,24,6.8
149,8.645762292210945,11,2015,1,1,0,0,1,0,0,0,0,0,6.709255061779273,13,6.296369434205137,14,6.10627035671796,8,5.8829878564475715,1,5.6
174,7.368339686311381,25,2001,1,0,0,0,0,0,1,0,0,0,5.063835074785437,9,6.128944742530841,101,5.9937622140307765,20,5.6937761729230925,4,5.1
100,7.216709486709457,23,2003,0,0,0,0,1,1,0,0,0,0,5.377912801609484,3,6.128944742530841,101,5.217024067247869,26,5.359777075653853,22,2.3
137,2.3978952727983707,25,2001,1,1,0,0,1,0,0,0,0,0,5.7557151291748445,1,5.7557151291748445,1,5.842738868410275,2,5.8007568482896055,7,4.2
90,6.660575149839686,72,1954,1,0,0,1,0,0,1,0,0,0,6.10116967462939,1,6.092738868410275,2,6.285605109301792,3,6.271345083583723,7,8.0
176,9.574983485564092,29,1997,1,1,0,0,0,0,0,0,0,0,6.071345083583723,7,5.219562361627795,52,5.316563957322251,27,5.835342018301013,13,7.9
107,2.0794415416798357,24,2002,0,1,0,0,0,0,0,0,0,0,5.637533310993026,1,5.921342085059831,89,5.429490458637377,4,5.637533310993026,1,2.9
143,9.267098705794792,13,2013,0,1,0,1,1,0,0,0,0,0,5.662528186224869,3,5.528400721966557,82,5.9510722017436075,2,5.795201703100598,29,5.1
115,2.3978952727983707,5,2021,0,0,0,0,0,0,0,0,0,1,5.955715129174845,1,5.955715129174845,1,5.955715129174845,1,5.955715129174845,1,6.4
136,2.6390573296152584,61,1965,1,0,0,0,0,0,0,0,0,0,6.136050965936664,7,6.108869434205137,14,6.354935346088585,23,6.026072201743607,2,7.5
137,4.110873864173311,65,1961,1,0,1,0,0,0,0,0,0,0,6.158061887208807,4,6.6843833277482565,34,6.722298540040144,13,6.036633315780235,4,7.6
68,2.995732273553991,8,2018,0,0,0,0,0,0,0,0,0,0,6.00116967462939,1,6.00116967462939,1,6.00116967462939,1,6.00116967462939,1,6.9
157,5.905361848054571,58,1968,1,0,0,1,0,0,0,1,0,0,6.214898400996348,11,6.6843833277482565,34,6.016374340071023,3,6.3628786032973625,57,6.9
118,8.302513718514158,16,2010,1,0,1,1,0,0,0,0,0,0,5.846624220083935,1,6.006270356717961,8,5.970220493917177,3,6.063835074785437,9,5.2
101,7.71333788887187,15,2011,1,0,0,1,0,0,0,0,0,0,5.89207876553848,1,5.901072201743607,2,5.89207876553848,1,5.89207876553848,1,5.7
82,3.5263605246161616,11,2015,0,0,0,0,1,0,0,0,0,0,6.093776172923092,4,5.946624220083936,1,5.946624220083936,1,5.946624220083936,1,6.3
122,9.909767790493278,22,2004,1,0,0,1,0,0,0,1,0,0,6.001072201743607,2,5.937533310993026,1,5.763036100871804,14,5.937533310993026,1,6.2
139,6.318968113746434,8,2018,1,1,0,1,0,0,0,0,0,0,5.62406664776333,3,5.219562361627795,52,5.645643321046164,10,5.500559409605361,13,3.9
156,9.39424400995279,11,2015,1,1,0,0,0,0,0,0,0,0,6.042738868410274,2,5.528400721966557,82,5.800989724686407,3,5.668316657890117,18,6.5
114,2.8903717578961645,25,2001,1,0,0,0,0,0,0,0,0,0,6.064806038265754,1,6.064806038265754,1,6.064806038265754,1,6.064806038265754,1,7.6
116,6.124683390894205,15,2011,1,0,0,0,0,0,0,0,0,0,6.037533310993027,1,6.037533310993027,1,6.0471435708402534,3,6.142738868410274,2,7.3
89,1.9459101490553132,9,2017,1,0,0,0,0,0,1,0,0,1,6.028442401902117,1,6.028442401902117,1,6.028442401902117,1,5.934405535076941,2,7.2
114,7.760893195851024,10,2016,0,0,0,0,1,1,0,0,0,0,5.724286260054311,7,5.982987856447571,1,5.900584837314695,12,6.026072201743607,2,6.7
93,5.877735781779639,19,2007,0,0,0,1,0,0,0,0,0,0,5.552514656836931,15,5.734405535076941,2,5.610260583720299,1,5.8007568482896055,7,2.6
138,5.501258210544727,55,1971,1,0,0,0,0,0,0,1,1,0,6.951462009788914,33,6.186326972424918,11,5.95940553507694,2,6.151072201743607,2,7.0
112,7.2399325913204695,10,2016,1,0,0,0,0,0,0,0,0,0,6.064806038265754,1,6.32036761202638,25,6.064806038265754,1,6.193297416994099,3,7.6
145,4.3694478524670215,60,1966,1,0,1,1,0,0,0,0,0,0,6.310788497273217,19,6.6843833277482565,34,6.565643321046164,10,6.029490458637378,4,7.4
175,6.452048954437226,26,2000,1,1,0,0,0,0,0,0,0,0,5.527662618815857,23,5.644648673347989,53,5.837304297111666,52,5.673571785420127,16,5.4
94,9.224637676677007,6,2020,1,0,0,0,0,0,0,0,1,0,5.973896947356663,1,5.973896947356663,1,5.973896947356663,1,6.054191094728219,5,6.6
95,5.780743515792329,8,2018,1,0,0,0,0,0,0,0,0,0,5.992078765538481,1,5.992078765538481,1,5.992078765538481,1,5.992078765538481,1,6.8
119,3.258096538021482,12,2014,0,0,0,1,0,0,0,0,0,0,6.101072201743608,2,6.082987856447573,1,6.082987856447573,1,6.082987856447573,1,7.8
124,4.330733340286331,50,1976,0,1,0,0,1,1,0,0,0,0,6.629184115282062,11,6.603274868014205,55,6.1284925789401825,8,6.308514656836931,15,6.9
137,3.912023005428146,21,2005,1,1,0,0,0,0,0,0,0,0,5.70116967462939,1,5.70116967462939,1,5.70116967462939,1,5.70116967462939,1,3.6
138,8.239593454305968,13,2013,1,1,0,0,1,0,0,0,0,0,6.195850781948728,11,5.644496071203626,24,5.64603938276924,12,5.884405535076941,2,5.0
126,6.890609120147166,14,2012,0,0,0,1,0,0,0,0,0,0,5.9193514928112085,1,5.9193514928112085,1,5.8260722017436075,2,6.114191094728219,5,6.0
124,6.424869023905388,16,2010,1,0,0,0,0,1,1,0,0,0,6.1977658056647,29,5.908682032378715,3,5.841933318877841,7,5.928442401902117,1,6.1
130,3.7376696182833684,11,2015,0,0,0,1,0,0,0,0,0,0,5.810260583720299,1,5.85958037770137,7,5.942738868410274,2,6.031758955455637,3,4.8
98,4.418840607796598,6,2020,1,0,0,0,0,0,0,0,0,0,5.992078765538481,1,5.992078765538481,1,5.992078765538481,1,5.992078765538481,1,6.8
170,8.787372988731876,21,2005,1,0,0,1,1,0,0,0,0,0,5.794554151307706,6,5.427417939266281,16,5.966027075653853,22,6.367143200774937,17,6.2
78,2.833213344056216,21,2005,1,0,0,1,0,0,0,0,0,0,5.928442401902117,1,5.928442401902117,1,5.8260722017436075,2,5.811203495838067,9,6.1
137,6.792344427470809,7,2019,1,0,0,0,0,1,0,0,1,0,5.864806038265754,1,5.534191094728219,5,5.85091903006595,4,6.154191094728219,5,5.4
127,6.945051063725834,18,2008,1,0,0,1,0,1,0,0,0,0,5.839451263147946,3,4.900514656836932,15,5.640643321046165,10,5.811203495838067,9,5.4
95,4.204692619390966,21,2005,1,0,0,0,0,0,0,0,1,0,5.746624220083936,1,5.746624220083936,1,5.746624220083936,1,5.746624220083936,1,4.1
146,6.473890696352274,70,1956,0,1,0,0,1,0,0,1,0,0,6.321888086461547,18,6.603274868014205,55,6.100857761394886,5,6.281958015589752,17,7.3
123,2.8903717578961645,59,1967,1,1,0,0,1,0,0,0,0,0,6.061825912273516,8,5.89396343293301,21,6.354935346088585,23,5.9815650676630145,11,5.8
95,5.170483995038151,7,2019,1,0,0,0,0,1,0,1,0,0,5.682987856447571,1,5.377912801609484,3,5.586633315780235,4,5.807524428061553,5,3.4
120,1.9459101490553132,13,2013,1,0,0,0,0,0,0,0,0,0,5.782987856447572,1,5.782987856447572,1,5.841933318877841,7,5.782987856447572,1,4.5
128,6.175867270105761,23,2003,1,1,0,0,0,0,0,0,1,0,6.314221200951058,12,5.644648673347989,53,5.966027075653853,22,5.758187170035511,16,5.7
131,6.760414691083428,11,2015,1,0,0,0,0,0,0,0,0,0,6.052733322648839,13,5.7557151291748445,1,5.7557151291748445,1,5.7557151291748445,1,4.2
176,7.71289096149013,26,2000,1,1,1,0,0,0,0,0,0,0,6.400559409605361,13,5.644648673347989,53,5.955253755513655,21,5.770220493917176,3,6.8
126,3.6109179126442243,9,2017,0,0,0,1,0,0,0,0,0,0,5.8829878564475715,1,5.851072201743608,2,5.8829878564475715,1,5.8829878564475715,1,5.6
90,4.955827057601261,19,2007,1,0,0,0,0,1,0,0,1,0,5.792738868410274,2,5.986633315780234,4,5.7557151291748445,1,5.359777075653853,22,4.2
134,2.6390573296152584,40,1986,1,0,1,0,0,0,0,0,0,0,5.776072201743607,2,6.095643321046164,10,5.839451263147946,3,5.964806038265754,1,6.5
150,5.3612921657094255,35,1991,0,1,0,0,0,1,0,0,0,0,5.817738868410274,2,6.010260583720299,1,6.010260583720299,1,5.984405535076941,2,7.0
77,2.4849066497880004,6,2020,0,1,0,1,0,0,0,0,0,0,6.073896947356662,1,6.073896947356662,1,6.073896947356662,1,6.073896947356662,1,7.7
150,2.6390573296152584,40,1986,0,1,0,0,0,0,0,0,0,0,5.814191094728219,5,5.909405535076941,2,5.8932974169941,3,6.010260583720299,1,7.0
161,5.564520407322694,55,1971,0,1,0,1,0,0,0,1,0,0,6.390643321046165,10,6.404907235692317,13,5.704030943604403,18,5.788613718262449,24,6.8
110,3.7612001156935624,17,2009,1,0,0,0,0,0,1,0,0,0,6.028442401902117,1,6.028442401902117,1,6.028442401902117,1,5.668316657890117,18,7.2
119,7.859413154693583,7,2019,1,0,0,0,0,0,0,0,0,0,5.89207876553848,1,5.89207876553848,1,5.934405535076941,2,5.892738868410274,2,5.7
69,1.791759469228055,15,2011,0,0,0,0,0,0,0,0,0,0,5.937533310993026,1,7.100201037826927,54,7.047450176569067,83,6.927791280160949,120,6.2
137,7.528331766707247,19,2007,0,1,0,0,1,1,0,0,0,0,5.790643321046164,10,5.396410830261542,70,5.316563957322251,27,5.329490458637379,4,3.4
154,8.999989642460726,17,2009,0,1,0,1,0,0,0,0,0,1,5.900677180048595,9,5.528400721966557,82,6.025536100871804,14,5.746624220083936,1,4.1
83,3.4657359027997265,11,2015,0,0,0,0,0,0,0,0,0,0,6.0920787655384805,1,6.0920787655384805,1,6.0920787655384805,1,6.0920787655384805,1,7.9
164,5.093750200806762,14,2012,0,0,0,0,0,0,0,0,0,0,6.082987856447573,1,6.082987856447573,1,6.082987856447573,1,6.082987856447573,1,7.8
165,4.812184355372417,25,2001,1,0,0,0,0,0,0,0,0,0,5.5958507819487275,11,6.603274868014205,55,6.244872614659345,46,5.8910888771868235,11,3.5
151,7.892452043520352,30,1996,1,0,1,0,0,0,0,0,0,0,5.785976865733128,39,6.137978611715534,43,6.144037670474925,13,5.55958037770137,7,5.5
140,4.31748811353631,21,2005,1,0,1,0,0,1,0,0,0,0,5.728442401902117,1,5.728442401902117,1,5.539451263147945,3,5.758187170035511,16,3.9
155,7.306531398939505,37,1989,1,1,0,1,0,0,0,0,0,0,5.870643321046164,10,5.916466653732805,9,5.5565146568369315,15,5.963304151307705,6,6.8
117,2.8903717578961645,23,2003,0,1,0,0,0,0,0,0,0,0,5.634405535076941,2,5.970220493917177,3,5.576869498317517,37,5.244554151307705,6,5.8
120,6.163314804034641,14,2012,0,0,0,1,1,0,0,0,0,0,5.800989724686406,3,6.137978611715534,43,6.061825912273516,8,5.6570541513077055,6,6.1
155,6.403574197934815,32,1994,0,1,0,1,1,0,0,0,0,0,5.427857564587422,12,5.916466653732805,9,5.44664870849705,16,5.565784695424972,51,4.0
136,3.295836866004329,49,1977,1,0,0,0,0,0,0,0,0,0,6.380514656836932,15,6.073896947356662,1,6.017738868410274,2,6.073896947356662,1,7.7
131,5.976350909297934,14,2012,0,0,1,1,0,0,0,0,0,0,5.582054151307705,6,4.900514656836932,15,5.746624220083936,1,5.565784695424972,51,4.1
137,2.1972245773362196,41,1985,0,1,0,0,0,0,0,0,0,0,5.782987856447572,1,5.717738868410275,2,5.782987856447572,1,5.795201703100598,29,4.5
134,6.48768401848461,10,2016,0,0,0,0,0,0,0,0,0,0,5.376803162901108,11,5.5941910947282185,5,6.155715129174845,1,6.008690733914536,26,8.6
119,3.6635616461296463,12,2014,1,0,0,0,0,1,0,0,0,0,5.7010722017436075,2,5.901072201743607,2,5.859405535076941,2,6.041933318877841,7,5.9
161,5.365976015021851,49,1977,1,1,0,1,0,0,0,0,0,0,6.310788497273217,19,5.921342085059831,89,6.244872614659345,46,5.700857761394886,5,5.8
155,9.439545514668987,29,1997,1,0,0,1,0,0,1,0,0,0,6.3152047443516635,4,6.514947961485934,31,6.082054151307705,6,6.008690733914536,26,7.4
92,3.2188758248682006,22,2004,0,0,0,1,0,0,0,0,0,0,5.80116967462939,1,6.106639201230782,7,5.8260722017436075,2,5.80116967462939,1,4.7
118,7.102499355774649,19,2007,1,0,0,1,0,0,1,0,0,0,5.876072201743607,2,5.8829878564475715,1,5.939603690051293,8,5.8829878564475715,1,5.6
153,11.235734831071847,19,2007,1,0,0,0,0,0,1,0,0,0,6.354835878532561,3,6.437236226541811,36,6.034405535076941,2,6.119351492811208,1,8.2
138,3.332204510175204,49,1977,0,1,0,1,1,0,0,0,0,0,5.894191094728219,5,6.249591938691465,81,5.837304297111666,52,6.3628786032973625,57,5.6
140,4.955827057601261,45,1981,0,1,0,0,0,0,0,0,0,0,5.992078765538481,1,6.092738868410275,2,5.575804151307706,6,5.992078765538481,1,6.8
120,3.367295829986474,14,2012,0,1,0,0,0,0,0,0,0,0,5.7557151291748445,1,5.7557151291748445,1,5.7557151291748445,1,5.600804151307706,6,4.2
152,8.035926369891792,14,2012,1,1,0,0,0,1,0,0,0,0,6.335342018301013,13,5.563439497071233,17,6.043776172923093,4,5.933946020043966,11,6.8
130,3.713572066704308,48,1978,0,1,0,0,0,1,0,0,1,0,6.488268679421918,23,6.491721282179798,73,5.942802554650895,16,6.061173800747261,18,6.4
111,4.624972813284271,12,2014,0,0,0,1,0,0,0,0,0,0,5.7193514928112075,1,5.820857761394886,5,5.7193514928112075,1,5.7193514928112075,1,3.8
138,5.680172609017068,17,2009,0,1,0,1,1,0,0,0,0,0,5.614191094728219,5,5.322277075653853,22,5.693297416994099,3,5.792078765538481,1,4.6
127,3.828641396489095,11,2015,0,0,0,1,0,0,0,0,0,0,5.694191094728219,5,5.819351492811208,1,5.7427388684102745,2,5.859405535076941,2,4.9
136,8.048468743668883,26,2000,0,0,1,1,0,0,0,0,0,0,5.361036596488693,41,5.356708208998889,59,5.44664870849705,16,4.8659609110663204,19,4.7
115,3.871201010907891,14,2012,1,0,0,1,0,0,0,0,0,0,5.928442401902117,1,6.042738868410274,2,5.928442401902117,1,6.059405535076941,2,6.1
128,4.204692619390966,49,1977,0,0,1,1,0,0,0,1,0,0,5.808061887208806,4,5.322277075653853,22,6.154191094728219,5,5.850804151307706,6,7.0
150,5.820082930352362,23,2003,0,0,0,0,0,0,0,0,0,0,5.976072201743608,2,6.259405535076941,2,6.236050965936664,7,6.317738868410274,2,8.6
130,6.517671272912275,10,2016,1,0,0,0,0,0,0,0,0,0,5.762528186224869,3,5.707524428061553,5,6.288118693193251,31,5.83440553507694,2,6.5
95,5.225746673713202,14,2012,0,0,0,1,0,0,0,0,0,0,5.910260583720299,1,5.910260583720299,1,5.910260583720299,1,6.205191863924958,31,5.9
155,8.033334015880062,15,2011,1,0,0,1,0,0,0,0,0,0,6.077912801609484,3,6.0266463661271,13,5.77419109472822,5,6.101072201743608,2,6.8
140,6.259581464064923,24,2002,0,1,1,1,0,0,0,0,0,0,5.379624548469647,9,4.990967175706513,55,5.654835878532561,3,6.0375192853117525,9,4.4
150,3.6888794541139363,49,1977,0,1,0,0,0,1,0,0,0,0,6.214898400996348,11,6.491721282179798,73,6.1284925789401825,8,6.308514656836931,15,6.0
167,9.601030194502194,23,2003,1,0,1,0,0,0,0,0,0,0,6.0475244280615525,5,6.437236226541811,36,5.966027075653853,22,5.973896947356663,1,6.6
100,4.007333185232471,50,1976,0,0,1,0,0,1,0,0,0,0,5.909405535076941,2,5.89207876553848,1,5.89207876553848,1,5.884405535076941,2,5.7
173,7.323170717943469,68,1958,0,0,1,1,0,0,0,1,0,0,6.459735793367529,17,6.47834521208835,91,6.722298540040144,13,6.134405535076941,2,8.0
111,8.67709870892586,6,2020,1,0,0,1,0,0,0,0,0,0,6.010260583720299,1,6.010260583720299,1,6.010260583720299,1,6.010260583720299,1,7.0
171,8.67368398817567,34,1992,1,0,0,1,0,0,0,0,0,0,5.934191094728219,5,6.137978611715534,43,6.144037670474925,13,6.13870792480587,11,6.6
108,7.653969180478774,23,2003,1,0,0,0,0,0,0,0,0,0,6.314221200951058,12,5.521729811627541,9,5.939603690051293,8,5.939451263147945,3,7.0
136,7.365812837209472,40,1986,1,0,1,1,0,0,0,0,0,0,6.488268679421918,23,5.644648673347989,53,5.759580377701369,7,6.15775554385349,11,7.5
105,6.272877006546167,18,2008,0,1,0,0,1,1,0,0,0,0,5.729490458637378,4,5.189745229318689,18,5.3349264283077,19,6.0796245484696465,9,4.0
140,6.253828811575473,26,2000,1,1,0,1,0,0,0,0,0,0,5.642738868410274,2,5.764806038265753,1,5.5565146568369315,15,5.764806038265753,1,4.3
147,6.257667587882639,7,2019,0,1,0,0,0,1,0,0,0,1,5.873896947356664,1,5.873896947356664,1,6.272347601494521,4,5.759405535076941,2,5.5
122,7.939515260662406,16,2010,1,0,0,1,0,0,0,0,0,0,5.793297416994099,3,5.813762214030776,20,6.000857761394886,5,5.495643321046164,10,4.7
149,2.6390573296152584,67,1959,1,0,0,0,0,0,0,0,0,0,6.4101364962344425,11,6.60055940960536,13,6.500584837314696,12,6.12406664776333,3,6.8
154,3.2188758248682006,61,1965,1,0,0,0,1,0,0,0,1,0,6.255643321046165,10,6.47834521208835,91,6.208601383769235,38,6.285110246958587,16,6.4
116,3.970291913552122,21,2005,1,0,0,0,0,1,0,0,0,0,6.059405535076941,2,5.992078765538481,1,5.608682032378715,3,5.992078765538481,1,6.8
169,3.58351893845611,20,2006,0,0,1,0,0,0,0,0,0,0,5.982987856447571,1,6.1294904586373775,4,5.792738868410274,2,5.95940553507694,2,6.7
150,3.044522437723423,59,1967,1,0,0,1,0,0,0,0,0,1,5.828442401902118,1,6.108869434205137,14,5.962528186224868,3,5.870220493917175,3,5.0
120,4.007333185232471,21,2005,0,0,1,0,0,0,0,0,0,0,5.80116967462939,1,5.767738868410274,2,6.059405535076941,2,5.870220493917175,3,4.7
137,2.833213344056216,57,1969,1,0,0,0,0,0,0,0,0,0,5.833946020043966,11,6.471632800332116,53,6.217381467829071,8,6.148514656836932,15,4.8
129,2.302585092994046,27,1999,0,0,0,0,0,0,0,0,0,0,5.393776172923092,4,5.792078765538481,1,5.6831097894660765,7,5.7580618872088065,4,4.6
166,3.784189633918261,59,1967,1,0,0,0,0,0,0,0,0,0,6.017738868410274,2,6.559064359342182,19,6.208601383769235,38,6.269725631573973,16,6.7
186,7.4133673356952405,37,1989,1,0,1,0,0,0,0,1,0,0,6.641027075653853,22,5.916466653732805,9,6.244152075653853,22,5.980514656836932,15,6.8
150,7.818832443803404,25,2001,1,0,0,0,1,0,0,0,0,0,6.052733322648839,13,5.765462730642547,7,6.095414022153857,9,5.811203495838067,9,7.6
152,6.517671272912275,33,1993,0,0,1,1,0,0,0,0,0,0,5.4510722017436075,2,5.793297416994099,3,5.293297416994099,3,5.495643321046164,10,4.0
136,3.295836866004329,19,2007,1,1,0,0,0,0,0,0,0,1,5.764806038265753,1,5.731758955455637,3,5.764806038265753,1,5.764806038265753,1,4.3
136,2.4849066497880004,91,1935,0,0,0,0,0,0,0,0,0,1,6.380514656836932,15,5.526072201743607,2,5.746624220083936,1,5.746624220083936,1,4.1
109,3.6888794541139363,42,1984,1,0,0,0,0,0,0,0,0,0,6.1284424019021175,1,6.1284424019021175,1,6.1284424019021175,1,6.1284424019021175,1,8.3
136,4.2626798770413155,24,2002,0,0,1,0,0,0,0,0,0,0,5.884405535076941,2,5.90627035671796,8,5.926072201743608,2,6.0760722017436075,2,6.9
135,3.044522437723423,69,1957,0,1,0,0,0,0,0,0,0,1,6.088304151307705,6,5.986633315780234,4,6.015204744351664,4,6.109405535076941,2,7.1
147,4.110873864173311,46,1980,1,0,0,0,0,0,0,0,0,0,6.110260583720299,1,5.80709554736411,20,6.110260583720299,1,6.000756848289605,7,8.1
136,3.2188758248682006,65,1961,1,0,1,0,0,0,0,0,0,0,5.967738868410275,2,6.249591938691465,81,6.378254311886048,17,6.079490458637379,4,6.7
118,2.4849066497880004,71,1955,1,1,0,0,1,0,0,0,0,0,5.8829878564475715,1,6.0471435708402534,3,6.095159245606849,8,6.350584837314695,12,5.6
156,3.8066624897703196,51,1975,1,0,0,0,0,0,0,0,0,0,6.8068666587394615,21,6.10116967462939,1,6.10116967462939,1,6.10116967462939,1,8.0
159,5.176149732573829,50,1976,1,1,1,0,0,0,0,0,0,0,6.187524428061552,5,5.921342085059831,89,6.244872614659345,46,6.235342018301012,13,6.5
140,5.820082930352362,22,2004,0,1,0,0,1,1,0,0,0,0,6.195850781948728,11,5.593762214030777,20,5.726072201743608,2,6.0796245484696465,9,5.3
100,4.07753744390572,52,1974,1,0,0,0,0,0,1,0,0,0,6.466201509566438,34,5.894191094728219,5,6.453319600615392,24,6.163304151307706,6,7.1
102,5.075173815233827,11,2015,0,0,0,0,0,1,0,0,0,0,5.526072201743607,2,6.137978611715534,43,5.782987856447572,1,5.782987856447572,1,4.5
103,4.477336814478207,16,2010,1,1,0,0,1,0,0,0,0,0,5.607524428061553,5,5.819351492811208,1,5.325804151307706,6,5.819351492811208,1,4.9
121,8.513586695822125,13,2013,1,0,0,1,0,0,0,0,0,0,5.361036596488693,41,5.8866333157802355,4,6.017738868410274,2,6.0080618872088065,4,5.4
145,7.753194269884341,45,1981,0,0,1,1,0,0,1,0,0,0,6.432054151307705,6,6.290643321046164,10,6.428492578940183,8,5.893776172923092,4,8.0
130,2.0794415416798357,43,1983,0,0,0,1,0,0,0,0,0,0,5.910260583720299,1,6.206639201230781,7,5.9510722017436075,2,5.9317589554556385,3,5.9
150,6.437751649736401,15,2011,0,1,0,1,0,0,0,0,0,1,4.987524428061552,5,5.356708208998889,59,4.709255061779273,13,5.565784695424972,51,1.7
123,2.772588722239781,9,2017,1,0,0,0,0,0,0,0,0,0,5.992078765538481,1,5.805643321046165,10,5.992078765538481,1,5.992078765538481,1,6.8
154,3.258096538021482,32,1994,1,1,0,0,1,0,0,0,0,0,5.728442401902117,1,5.4725802696012575,88,5.217024067247869,26,5.648385496561882,13,3.9
88,5.703782474656201,12,2014,1,0,0,0,0,0,0,0,0,0,5.964806038265754,1,6.154835878532561,3,6.294191094728219,5,5.964806038265754,1,6.5
85,4.418840607796598,8,2018,1,0,0,0,0,0,0,0,0,0,6.067738868410274,2,5.955715129174845,1,6.240857761394887,5,6.008682032378715,3,6.4
140,8.516793111394898,19,2007,1,0,1,1,0,0,0,0,0,0,6.240857761394887,5,6.128944742530841,101,5.8068666587394615,21,5.570321660523082,30,6.8
98,4.820281565605037,5,2021,0,0,0,0,0,0,0,0,0,0,6.20116967462939,1,6.20116967462939,1,7.047450176569067,83,6.927791280160949,120,9.1
133,7.709756864454165,9,2017,1,0,0,1,0,0,1,0,0,0,6.12406664776333,3,5.644496071203626,24,5.89207876553848,1,5.89207876553848,1,5.7
106,3.1354942159291497,11,2015,0,0,0,0,0,1,0,0,0,0,5.90116967462939,1,5.783109789466075,7,5.340428880697443,20,5.668316657890117,18,5.8
136,4.948759890378168,21,2005,0,0,0,0,0,1,0,0,0,0,5.707524428061553,5,5.079624548469646,9,5.458061887208807,4,5.551072201743608,2,3.8
140,3.9889840465642745,45,1981,1,0,1,0,0,0,0,0,0,0,6.034405535076941,2,6.471632800332116,53,5.837304297111666,52,6.061173800747261,18,6.1
102,4.465908118654584,34,1992,1,0,0,0,0,0,0,0,0,0,6.126072201743607,2,6.280857761394886,5,6.100756848289605,7,6.055715129174845,1,7.5
140,6.16541785423142,61,1965,1,0,1,0,0,0,0,0,0,0,6.073896947356662,1,6.073896947356662,1,6.073896947356662,1,6.073896947356662,1,7.7
141,10.825919389167046,13,2013,0,1,0,1,0,0,0,0,0,1,5.8092550617792735,13,6.006270356717961,8,6.144037670474925,13,5.736633315780234,4,6.0
135,3.332204510175204,56,1970,1,0,0,0,0,0,0,0,0,0,5.826992969522278,9,5.838304151307705,6,5.819266660024954,27,5.937533310993026,1,6.2
102,3.828641396489095,21,2005,0,0,0,0,0,1,0,0,0,0,5.325536100871804,14,5.509405535076941,2,5.3932974169941,3,5.655715129174845,1,3.1
141,4.406719247264253,45,1981,1,1,0,0,1,0,0,0,0,0,5.763304151307706,6,6.135342018301013,13,6.093297416994099,3,6.039451263147945,3,7.6
146,4.31748811353631,49,1977,0,1,1,0,1,0,0,0,0,0,5.992078765538481,1,6.491721282179798,73,6.313861254619549,27,5.911468511692314,26,6.8
136,9.669725322073777,6,2020,1,0,0,1,0,0,0,0,0,0,6.122937023384627,8,6.495850781948728,11,5.925804151307705,6,6.100804151307706,6,6.8
112,5.308267697401205,66,1960,0,0,1,0,0,0,0,1,0,0,6.310788497273217,19,6.618278626177521,29,6.471382787771719,21,6.3628786032973625,57,7.4
120,10.129467078669546,6,2020,1,0,0,0,0,0,0,0,0,0,6.044554151307706,6,6.006270356717961,8,5.9548358785325615,3,5.8375333109930265,1,5.1
90,6.86171134048073,7,2019,1,0,0,0,0,0,0,0,0,0,5.946624220083936,1,5.946624220083936,1,6.132054151307706,6,5.926072201743608,2,6.3
170,3.6888794541139363,74,1952,1,0,0,0,0,0,0,0,0,0,6.2010722017436075,2,6.1284424019021175,1,6.1284424019021175,1,6.343776172923092,4,8.3
144,3.7612001156935624,65,1961,1,0,1,0,0,0,0,0,0,0,6.951462009788914,33,6.229837873202802,34,6.438036100871805,14,6.285110246958587,16,7.1
143,10.560541125447834,7,2019,1,0,0,1,0,0,0,0,0,0,6.500919030065949,4,6.339603690051295,8,5.932256127417015,9,5.779490458637378,4,8.3
97,4.553876891600541,19,2007,0,0,0,0,0,1,0,0,0,0,5.792078765538481,1,5.593762214030777,20,5.792078765538481,1,5.792078765538481,1,4.6
88,4.983606621708336,14,2012,0,0,0,0,0,0,0,0,0,1,5.727524428061553,5,5.859405535076941,2,5.89207876553848,1,5.89207876553848,1,5.7
130,4.962844630259907,13,2013,0,0,0,0,0,0,0,0,0,0,5.727524428061553,5,5.937533310993026,1,5.937533310993026,1,5.937533310993026,1,6.2
97,4.770684624465665,10,2016,0,0,0,0,0,0,0,0,0,0,5.873896947356664,1,5.859405535076941,2,5.873896947356664,1,5.873896947356664,1,5.5
97,4.787491742782046,7,2019,0,1,0,0,0,0,0,0,0,1,5.727524428061553,5,5.846624220083935,1,5.846624220083935,1,5.846624220083935,1,5.2
103,5.049856007249537,28,1998,0,0,0,1,0,0,1,0,0,1,6.026072201743607,2,5.965462730642546,7,5.75483587853256,3,5.5320541513077055,6,5.7
141,2.4849066497880004,30,1996,1,0,0,0,0,0,0,0,0,0,5.787515931344491,13,5.322277075653853,22,5.7102605837202995,1,5.288304151307706,6,3.7
140,3.2188758248682006,65,1961,1,0,1,1,0,0,0,0,0,0,5.970220493917177,3,5.873896947356664,1,6.184887706364384,9,6.281958015589752,17,5.5
151,5.480638923341991,30,1996,0,0,1,1,0,1,0,0,0,0,5.400857761394886,5,4.990967175706513,55,5.375536100871805,14,5.788613718262449,24,4.7
155,3.58351893845611,67,1959,1,0,0,0,0,0,0,0,0,0,6.0562703567179605,8,6.60055940960536,13,6.118766655496514,12,6.400643321046165,10,6.6
137,4.219507705176107,55,1971,1,0,0,0,0,0,1,0,0,0,5.984405535076941,2,6.491721282179798,73,6.724115867164841,32,6.285110246958587,16,6.1
123,8.260751354700513,50,1976,0,0,1,1,0,0,0,0,0,0,6.488268679421918,23,6.47834521208835,91,6.3758041513077055,6,6.162528186224869,3,8.3
175,3.6888794541139363,59,1967,1,0,1,0,0,0,0,0,0,0,5.982987856447571,1,6.183869434205136,14,6.170220493917176,3,6.261825912273516,8,6.7
127,4.465908118654584,25,2001,1,0,1,0,0,0,0,1,0,0,5.379624548469647,9,5.6258041513077055,6,5.827524428061553,5,5.758187170035511,16,4.6
94,4.382026634673881,10,2016,1,0,0,0,0,0,1,0,0,1,6.137533310993026,1,6.137533310993026,1,6.137533310993026,1,6.137533310993026,1,8.4
127,3.4339872044851463,7,2019,1,0,0,0,0,0,0,0,0,0,5.855715129174845,1,5.855715129174845,1,5.686633315780235,4,6.113304151307705,6,5.3
90,6.263398262591624,21,2005,1,0,1,1,0,0,0,0,0,0,5.8829878564475715,1,5.8829878564475715,1,6.031758955455637,3,5.8829878564475715,1,5.6
112,2.5649493574615367,8,2018,1,0,0,1,0,0,1,0,0,0,5.955715129174845,1,5.955715129174845,1,5.955715129174845,1,5.672347601494521,4,6.4
110,2.772588722239781,10,2016,1,0,0,0,0,0,0,0,0,0,6.028442401902117,1,6.028442401902117,1,6.028442401902117,1,6.126072201743607,2,7.2
74,4.394449154672439,18,2008,0,0,0,0,0,0,0,0,0,0,6.0466242200839355,1,7.100201037826927,54,7.047450176569067,83,6.927791280160949,120,7.4
160,6.779921907472252,12,2014,1,0,0,0,0,0,0,0,0,0,5.982987856447571,1,6.290643321046164,10,5.976072201743608,2,6.383109789466076,7,6.7
135,8.89521858376562,15,2011,1,0,0,1,0,0,1,0,0,0,6.165204744351663,4,6.055715129174845,1,6.055715129174845,1,6.055715129174845,1,7.5
175,7.266128779556451,28,1998,1,1,0,0,0,0,0,0,0,1,6.400559409605361,13,6.272514656836932,15,6.387511820029784,21,5.900378424144803,24,6.6
151,5.308267697401205,64,1962,0,0,1,1,1,0,0,0,0,0,6.466201509566438,34,6.6843833277482565,34,6.100857761394886,5,5.9815650676630145,11,7.1
116,4.143134726391533,11,2015,0,0,1,0,0,0,0,0,0,0,6.059405535076941,2,5.992078765538481,1,5.992078765538481,1,5.877912801609484,3,6.8
155,5.247024072160486,20,2006,1,0,0,0,0,0,0,0,0,0,6.072347601494521,4,5.679490458637377,4,5.576869498317517,37,5.700989724686408,3,4.6
150,3.9512437185814275,20,2006,1,1,0,0,1,0,0,0,0,0,5.737533310993026,1,5.70940553507694,2,5.737533310993026,1,5.575804151307706,6,4.0
115,5.2574953720277815,17,2009,1,0,0,1,0,0,0,0,0,0,5.9193514928112085,1,5.939515471802202,46,5.687524428061552,5,5.9193514928112085,1,6.0
80,8.309922989258318,6,2020,1,0,0,0,0,0,0,0,0,0,6.082987856447573,1,6.082987856447573,1,6.132054151307706,6,6.082987856447573,1,7.8
135,1.791759469228055,10,2016,1,0,0,0,0,0,0,0,0,0,5.992078765538481,1,5.992078765538481,1,5.6831097894660765,7,5.992078765538481,1,6.8
90,6.848005274576363,7,2019,1,0,0,0,0,0,0,0,0,0,5.964806038265754,1,5.964806038265754,1,5.964806038265754,1,5.964806038265754,1,6.5
105,6.428105272684596,50,1976,1,0,1,0,0,0,0,0,0,0,6.488268679421918,23,6.561428974822752,13,6.028492578940183,8,5.989603690051293,8,7.5
120,4.90527477843843,15,2011,1,0,0,0,0,1,0,0,1,0,5.728442401902117,1,5.70940553507694,2,5.728442401902117,1,5.728442401902117,1,3.9
105,7.351799869057777,14,2012,1,1,0,0,0,0,0,0,0,0,6.037533310993027,1,6.32036761202638,25,6.134405535076941,2,6.142738868410274,2,7.3
160,7.553286605600419,21,2005,1,0,0,0,1,0,0,0,1,0,5.724286260054311,7,5.644648673347989,53,5.316563957322251,27,5.500559409605361,13,4.8
114,8.481980435660493,6,2020,1,0,0,0,0,0,0,0,0,0,6.709255061779273,13,5.90116967462939,1,5.90116967462939,1,6.008682032378715,3,5.8
85,2.0794415416798357,26,2000,0,0,0,0,0,0,1,0,0,0,6.085605109301792,3,6.0466242200839355,1,6.139451263147945,3,6.10091903006595,4,7.4
100,8.364973978438726,7,2019,1,0,0,1,0,0,0,0,0,0,5.839451263147946,3,6.362517448615395,11,5.964806038265754,1,5.9848877063643835,9,6.5
137,3.9889840465642745,33,1993,1,1,0,0,0,0,0,0,0,1,5.700989724686408,3,5.907524428061553,5,5.8788202791705775,13,5.788613718262449,24,6.9
107,3.1354942159291497,11,2015,0,0,0,1,0,0,0,0,0,0,4.923312110041968,12,5.322277075653853,22,5.58440553507694,2,5.794191094728219,5,4.7
127,3.2188758248682006,72,1954,1,1,0,0,0,0,0,0,0,0,5.928442401902117,1,6.6843833277482565,34,5.950919030065949,4,6.017738868410274,2,6.1
99,5.420534999272286,13,2013,1,0,0,1,0,1,0,0,0,0,5.964806038265754,1,5.820857761394886,5,5.964806038265754,1,5.964806038265754,1,6.5
145,7.025538314638521,24,2002,0,1,0,1,1,0,0,0,0,0,5.361036596488693,41,5.189745229318689,18,5.909255061779273,13,5.570321660523082,30,4.2
139,4.990432586778736,52,1974,0,1,1,0,0,0,0,1,0,0,5.894191094728219,5,6.249591938691465,81,6.354935346088585,23,5.911468511692314,26,6.5
142,2.70805020110221,36,1990,0,0,0,1,1,0,0,0,0,0,5.901072201743607,2,6.137978611715534,43,5.667738868410274,2,5.612521554171957,7,4.5
138,3.8066624897703196,49,1977,1,1,0,0,1,0,0,0,0,0,5.8808577613948865,5,6.249591938691465,81,5.858479561965267,21,6.024286260054311,7,5.8
158,6.16541785423142,70,1956,0,0,1,1,0,0,0,1,0,0,6.073896947356662,1,6.972277075653853,22,6.772514656836932,15,6.100989724686406,3,7.7
135,6.731018100482083,23,2003,0,0,1,1,0,0,0,1,0,0,5.842782443206489,9,5.396410830261542,70,5.653698024760194,7,6.0375192853117525,9,4.8
115,1.791759469228055,54,1972,1,1,0,0,0,0,0,0,0,0,5.8677388684102745,2,5.838304151307705,6,5.8677388684102745,2,5.828442401902118,1,5.0
160,8.4040244933106,25,2001,1,0,0,1,0,0,0,1,0,0,5.825459515032975,18,5.825459515032975,18,5.44664870849705,16,6.0375192853117525,9,5.4
165,4.919980925828125,51,1975,0,0,1,1,0,0,0,1,0,0,6.3910888771868235,11,6.47834521208835,91,6.594801845025647,26,6.2266463661271,13,7.0
149,3.6888794541139363,44,1982,1,0,0,1,0,0,0,0,0,0,6.072347601494521,4,5.4725802696012575,88,5.942802554650895,16,6.14603938276924,12,5.3
135,2.833213344056216,46,1980,0,1,0,0,0,0,0,0,0,0,5.700415045836235,21,5.570966659438921,24,5.942802554650895,16,6.235342018301012,13,7.1
124,4.442651256490317,51,1975,1,0,0,0,0,0,0,0,0,0,6.532256127417016,9,6.169554151307706,6,6.0466242200839355,1,6.167738868410274,2,7.4
99,4.634728988229636,23,2003,0,0,0,0,0,0,0,0,0,0,5.655715129174845,1,5.655715129174845,1,5.751072201743607,2,5.655715129174845,1,3.1
90,2.3978952727983707,22,2004,0,0,0,0,0,0,1,0,0,0,6.019351492811208,1,7.100201037826927,54,7.047450176569067,83,6.927791280160949,120,7.1
108,2.0794415416798357,6,2020,1,0,0,0,0,0,0,0,0,0,5.928442401902117,1,5.928442401902117,1,5.928442401902117,1,5.928442401902117,1,6.1
95,4.454347296253507,7,2019,1,0,0,1,0,0,0,0,0,0,5.992078765538481,1,5.992078765538481,1,5.992078765538481,1,5.992078765538481,1,6.8
135,3.1354942159291497,52,1974,1,0,0,0,0,0,0,0,0,0,5.750919030065949,4,6.471632800332116,53,5.753698024760193,7,5.980514656836932,15,5.3
85,2.995732273553991,6,2020,0,0,0,0,0,0,1,0,0,0,5.90116967462939,1,5.90116967462939,1,5.90116967462939,1,6.927791280160949,120,5.8
120,3.1354942159291497,10,2016,1,0,0,0,0,0,0,0,0,0,5.910260583720299,1,5.910260583720299,1,5.910260583720299,1,6.927791280160949,120,5.9
98,2.3978952727983707,29,1997,0,0,0,0,0,0,0,0,0,0,5.819351492811208,1,6.000989724686407,3,5.819351492811208,1,5.522937023384626,8,4.9
100,4.962844630259907,10,2016,0,0,0,0,0,1,0,0,0,0,5.5920787655384805,1,5.5920787655384805,1,5.5920787655384805,1,5.5920787655384805,1,2.4
164,9.123910643977796,20,2006,1,0,1,1,0,0,0,0,0,0,6.1977658056647,29,5.992078765538481,1,5.5941910947282185,5,5.8043410161893565,16,6.8
146,9.386308454797962,51,1975,1,0,1,1,0,0,0,0,0,0,6.951462009788914,33,5.921342085059831,89,6.724115867164841,32,6.367143200774937,17,8.3
164,4.727387818712341,23,2003,0,0,1,1,0,0,0,1,0,0,5.864806038265754,1,5.792738868410274,2,5.5760722017436075,2,5.6831097894660765,7,5.4
143,6.139884552226255,23,2003,1,1,0,0,0,0,0,0,1,0,5.3007568482896055,7,5.529490458637378,4,5.531758955455638,3,5.359777075653853,22,3.7
113,2.302585092994046,11,2015,0,0,0,0,0,0,0,0,0,0,5.982987856447571,1,5.982987856447571,1,5.982987856447571,1,5.982987856447571,1,6.7
126,8.482394685873542,12,2014,1,0,0,0,0,1,0,0,0,0,6.122937023384627,8,6.495850781948728,11,6.034405535076941,2,5.822347601494521,4,7.4
145,5.87493073085203,16,2010,1,0,0,0,1,0,0,0,0,0,5.871888086461546,18,6.151072201743607,2,6.143776172923092,4,5.992078765538481,1,6.8
98,8.53405030848266,6,2020,1,1,0,0,1,0,0,0,0,0,6.016374340071023,3,5.189745229318689,18,5.842738868410275,2,6.009405535076941,2,5.8
165,4.844187086458591,37,1989,1,1,0,0,1,0,0,0,0,0,6.100804151307706,6,6.0565146568369315,15,6.288268679421918,23,5.836633315780235,4,2.3
127,5.762051382780177,16,2010,1,0,0,0,0,0,0,0,1,0,5.3007568482896055,7,5.611203495838068,9,5.692078765538481,1,5.609405535076941,2,3.5
137,6.073044534100405,13,2013,1,0,0,0,0,0,0,0,0,0,6.037533310993027,1,6.290643321046164,10,6.093776172923092,4,6.200612686710633,11,7.3
125,2.8903717578961645,10,2016,0,1,0,0,0,1,0,1,0,0,5.95940553507694,2,5.8260722017436075,2,6.00116967462939,1,5.962528186224868,3,6.9
146,9.509481537516857,14,2012,1,0,1,1,0,0,0,0,0,0,6.031758955455638,3,5.644496071203626,24,6.025536100871804,14,6.08440553507694,2,6.3
90,4.624972813284271,11,2015,1,0,0,0,0,0,0,0,0,0,5.910260583720299,1,5.984405535076941,2,5.942738868410274,2,5.910260583720299,1,5.9
132,7.510977752014095,18,2008,1,0,1,0,0,0,0,0,0,0,6.323312110041968,12,5.930643321046165,10,6.067738868410274,2,5.570321660523082,30,7.0
92,4.07753744390572,20,2006,1,0,0,0,0,0,0,0,0,0,5.793776172923093,4,5.39015086425912,9,5.8829878564475715,1,5.984405535076941,2,5.6
117,7.416378479192928,6,2020,0,0,1,1,0,0,0,0,0,0,6.073896947356662,1,6.162528186224869,3,6.293776172923093,4,6.051072201743608,2,7.7
149,5.147494476813453,38,1988,1,1,1,0,0,0,0,0,0,0,5.605374591472538,11,5.3923579264167305,93,5.750714801162405,8,5.686633315780235,4,4.2
124,8.467582690862903,13,2013,0,1,0,0,0,1,0,0,0,1,5.937533310993026,1,5.95958037770137,7,5.937533310993026,1,5.937533310993026,1,6.2
144,8.011686729127847,9,2017,0,1,0,0,0,1,0,0,0,1,5.855715129174845,1,5.95958037770137,7,5.85091903006595,4,5.686633315780235,4,5.3
133,7.793999089503996,7,2019,0,1,0,0,0,1,0,0,0,1,5.620857761394886,5,5.95958037770137,7,5.85091903006595,4,5.807524428061553,5,5.7
142,9.602112152952344,24,2002,1,1,0,0,1,0,0,0,0,0,5.670066660951704,33,5.396410830261542,70,5.726072201743608,2,5.758187170035511,16,7.9
155,6.505784060128229,52,1974,1,0,0,0,0,1,0,0,1,0,6.355130291860149,12,6.128944742530841,101,6.1284925789401825,8,6.3628786032973625,57,7.1
140,2.772588722239781,40,1986,1,0,0,0,0,0,0,0,0,0,5.977912801609484,3,6.6328884004548545,36,6.241933318877841,7,6.243776172923092,4,6.5
92,5.4116460518550396,5,2021,1,0,0,0,0,1,0,0,0,0,6.192078765538482,1,6.192078765538482,1,6.192078765538482,1,6.192078765538482,1,9.0
117,5.442417710521793,18,2008,1,1,0,0,1,0,0,0,0,0,5.670066660951704,33,5.737533310993026,1,5.737533310993026,1,5.737533310993026,1,4.0
104,5.2574953720277815,6,2020,0,0,0,0,0,0,0,0,0,0,5.909405535076941,2,5.937533310993026,1,5.937533310993026,1,5.937533310993026,1,6.2
104,5.645446897643238,17,2009,1,0,0,1,0,0,0,0,0,0,5.864806038265754,1,5.83419109472822,5,5.864806038265754,1,5.876072201743607,2,5.4
177,7.66105638236183,43,1983,1,1,0,1,0,0,0,0,0,0,6.310788497273217,19,6.009405535076941,2,6.342024067247869,26,6.013304151307706,6,6.6
143,8.485496104672983,31,1995,0,1,1,1,0,0,0,0,0,0,5.361036596488693,41,4.990967175706513,55,5.185672541791862,24,5.734191094728219,5,6.6
146,6.520621127558696,35,1991,1,1,1,0,0,0,0,0,0,0,5.735110246958588,16,5.9675244280615525,5,5.8068666587394615,21,5.884405535076941,2,6.7
134,10.937259052166105,6,2020,0,1,1,1,0,0,0,0,0,0,5.361036596488693,41,5.521729811627541,9,5.662528186224869,3,5.570321660523082,30,2.9
142,7.579678823090456,20,2006,1,0,0,0,0,0,0,0,0,0,6.052733322648839,13,5.079624548469646,9,6.061825912273516,8,5.744496071203626,24,6.5
161,6.669498089857879,34,1992,1,1,1,0,0,0,0,0,0,0,5.715204744351664,4,5.396410830261542,70,5.185672541791862,24,6.235342018301012,13,4.8
116,8.37539918579835,12,2014,1,0,0,0,0,0,0,0,0,0,6.073896947356662,1,6.073896947356662,1,6.20940553507694,2,6.277912801609484,3,7.7
120,5.19295685089021,6,2020,1,0,0,0,0,0,0,0,0,0,5.8866333157802355,4,5.992078765538481,1,5.992078765538481,1,6.08440553507694,2,6.8
140,4.663439094112067,26,2000,0,0,0,0,0,1,0,0,0,0,5.855715129174845,1,5.801072201743608,2,5.855715129174845,1,5.855715129174845,1,5.3
163,8.308938252595778,15,2011,1,1,0,1,0,0,0,0,0,0,5.582054151307705,6,5.8829878564475715,1,5.8829878564475715,1,5.8829878564475715,1,5.6
108,4.787491742782046,10,2016,1,0,1,0,0,0,0,0,0,0,6.109405535076941,2,5.937533310993026,1,5.937533310993026,1,5.937533310993026,1,6.2
134,7.1770187659099,12,2014,0,1,0,0,0,0,0,0,0,0,5.080321660523082,30,5.079624548469646,9,5.655715129174845,1,5.700989724686408,3,3.1
123,6.111467339502679,32,1994,0,1,1,0,0,1,0,0,0,0,5.785976865733128,39,6.095643321046164,10,5.340428880697443,20,5.984405535076941,2,5.7
121,7.583756300707112,16,2010,1,1,0,0,0,1,0,0,0,0,6.032403019132877,12,5.543224754883523,25,5.620857761394886,5,5.8375333109930265,1,5.1
84,3.1780538303479458,10,2016,0,0,0,0,0,1,0,0,1,0,6.176072201743608,2,6.037533310993027,1,6.037533310993027,1,6.037533310993027,1,7.3
119,4.007333185232471,34,1992,1,0,0,0,0,0,0,0,0,0,6.059405535076941,2,6.272514656836932,15,6.428492578940183,8,6.14603938276924,12,6.9
86,4.61512051684126,15,2011,1,0,0,0,0,0,0,0,0,0,5.928442401902117,1,6.009405535076941,2,5.928442401902117,1,5.928442401902117,1,6.1
130,3.4011973816621555,7,2019,0,0,0,0,0,0,1,0,0,0,6.1284424019021175,1,6.1284424019021175,1,6.1284424019021175,1,5.926072201743608,2,8.3
107,7.080867896690782,21,2005,1,0,0,0,1,1,0,0,0,0,6.042738868410274,2,5.930643321046165,10,5.818403907113134,7,6.109405535076941,2,6.8
91,5.389071729816501,5,2021,0,1,0,0,1,1,0,0,0,0,5.670066660951704,33,5.773896947356662,1,5.773896947356662,1,5.759405535076941,2,4.4
138,3.4339872044851463,29,1997,1,1,0,1,0,0,0,0,0,0,5.567524428061552,5,5.776072201743607,2,5.792078765538481,1,5.726072201743608,2,4.6
171,3.044522437723423,60,1966,1,1,0,1,0,0,0,0,0,0,6.0562703567179605,8,6.47834521208835,91,6.015204744351664,4,5.937533310993026,1,6.2
139,3.4965075614664802,73,1953,1,0,0,0,0,0,0,0,0,0,6.059405535076941,2,6.559064359342182,19,5.964806038265754,1,6.093297416994099,3,6.5
149,5.075173815233827,74,1952,1,0,1,0,0,0,0,0,0,0,6.322937023384627,8,6.759304267203161,29,6.328492578940182,8,6.338304151307705,6,7.0
146,6.0844994130751715,53,1973,1,0,1,0,0,0,0,0,0,0,6.641027075653853,22,6.491721282179798,73,6.724115867164841,32,6.486326972424918,11,7.0
152,6.508769136971682,27,1999,1,1,0,0,0,1,0,0,0,0,5.468766655496513,12,5.356708208998889,59,5.377912801609484,3,5.526992969522278,9,4.8
128,3.091042453358316,62,1964,1,0,0,1,0,0,0,0,0,0,6.459735793367529,17,6.000919030065949,4,6.095159245606849,8,5.9675244280615525,5,6.0
130,4.330733340286331,14,2012,0,0,0,1,0,0,0,0,0,0,5.728442401902117,1,5.615204744351664,4,5.650804151307705,6,5.601072201743608,2,3.9
163,4.7535901911063645,21,2005,0,1,1,0,0,0,0,0,0,0,5.655715129174845,1,5.655715129174845,1,5.655715129174845,1,5.655715129174845,1,3.1
140,5.552959584921617,8,2018,1,0,0,0,0,1,0,0,0,0,6.314221200951058,12,5.8375333109930265,1,5.8375333109930265,1,5.925804151307705,6,5.1
145,6.349138991379798,29,1997,1,1,1,0,0,0,0,0,0,0,5.393776172923092,4,6.137978611715534,43,5.711656055020984,34,5.673571785420127,16,4.5
89,3.1354942159291497,7,2019,1,0,0,0,0,0,0,0,0,0,6.019351492811208,1,6.019351492811208,1,6.019351492811208,1,5.817738868410274,2,7.1
118,8.612685172875459,12,2014,1,0,1,1,0,0,0,0,0,0,6.093297416994099,3,5.954191094728219,5,6.018403907113134,7,5.565784695424972,51,6.1
115,4.990432586778736,16,2010,1,0,0,1,0,0,1,0,0,0,5.946624220083936,1,5.820857761394886,5,5.9675244280615525,5,5.946624220083936,1,6.3
126,10.315431626742,16,2010,0,1,0,1,1,0,0,0,0,0,5.7427388684102745,2,5.346112564277431,51,5.64603938276924,12,5.671345083583723,7,6.2
120,9.736310733068626,14,2012,0,1,0,1,1,0,0,0,0,0,5.810260583720299,1,5.346112564277431,51,5.64603938276924,12,5.544554151307706,6,4.8
160,9.668903811079362,7,2019,0,1,0,1,1,0,0,0,0,0,5.140643321046165,10,5.346112564277431,51,5.70940553507694,2,5.147524428061553,5,3.0
158,5.602118820879701,39,1987,1,1,0,0,0,0,0,0,0,0,5.552514656836931,15,6.023907835909508,24,5.5565146568369315,15,5.74603938276924,12,6.5
137,3.2188758248682006,47,1979,1,1,0,0,0,0,1,0,0,0,5.869554151307705,6,5.826992969522278,9,6.154191094728219,5,6.148514656836932,15,5.0
133,3.4339872044851463,27,1999,0,1,0,0,0,0,0,0,0,0,5.032514656836931,15,5.178820279170577,13,5.70940553507694,2,5.795201703100598,29,4.8
154,5.2574953720277815,46,1980,1,0,0,1,0,0,0,0,0,0,6.154835878532561,3,6.009405535076941,2,6.028442401902117,1,6.028442401902117,1,7.2
134,7.54274354536855,9,2017,0,1,0,0,1,0,0,0,0,0,5.9927388684102745,2,5.563439497071233,17,5.955715129174845,1,6.067738868410274,2,6.4
102,5.8944028342648505,17,2009,1,0,0,1,0,0,0,0,0,0,5.190643321046164,10,4.91827862617752,29,5.724066647763331,3,5.592738868410275,2,3.8
97,3.713572066704308,9,2017,1,0,0,0,0,0,0,0,0,0,6.073896947356662,1,6.073896947356662,1,6.073896947356662,1,6.073896947356662,1,7.7
118,2.0794415416798357,51,1975,1,0,0,0,0,0,0,0,1,0,5.819351492811208,1,5.700612686710633,11,5.837304297111666,52,6.235342018301012,13,4.9
120,5.198497031265826,11,2015,1,1,0,0,1,0,0,0,0,0,5.937533310993026,1,5.937533310993026,1,5.947143570840253,3,5.937533310993026,1,6.2
145,5.655991810819852,28,1998,1,0,0,0,0,0,0,0,0,0,6.338304151307705,6,6.0466242200839355,1,5.9927388684102745,2,6.0466242200839355,1,7.4
149,2.772588722239781,76,1950,1,0,0,0,0,0,0,0,0,0,6.380514656836932,15,6.017738868410274,2,6.051072201743608,2,5.946624220083936,1,6.3
155,5.247024072160486,27,1999,1,0,1,0,0,1,0,0,0,0,5.873896947356664,1,5.873896947356664,1,6.036050965936664,7,5.9317589554556385,3,5.5
161,3.9318256327243257,40,1986,1,1,0,0,0,0,0,0,0,0,5.995414022153857,9,5.333601383769235,38,5.500459515032975,18,5.74603938276924,12,5.3
127,2.0794415416798357,49,1977,1,1,0,0,0,0,0,0,0,0,5.968316657890118,18,6.306652075653853,22,5.983224754883523,25,5.521729811627541,9,4.7
93,2.0794415416798357,26,2000,0,1,0,0,1,0,0,0,0,1,5.412902075653853,22,5.643469829567775,11,5.972347601494521,4,5.377912801609484,3,3.9
120,1.791759469228055,26,2000,0,1,0,0,0,0,0,0,0,0,5.393776172923092,4,5.921342085059831,89,5.507054151307706,6,5.505940337943332,9,3.8
134,2.8903717578961645,26,2000,1,0,0,0,0,0,0,1,0,1,5.412902075653853,22,5.643469829567775,11,5.828442401902118,1,5.976072201743608,2,5.0
160,4.663439094112067,33,1993,1,1,0,0,0,0,0,0,0,0,5.325536100871804,14,5.3923579264167305,93,5.467381467829071,8,5.817738868410274,2,4.9
108,6.8885724595653635,15,2011,1,0,0,0,0,0,0,0,0,1,5.6738969473566625,1,5.6738969473566625,1,5.6738969473566625,1,5.6738969473566625,1,3.3
110,3.970291913552122,48,1978,0,0,0,1,0,0,0,0,0,0,5.787524428061553,5,6.561428974822752,13,5.8460393827692405,12,5.90091903006595,4,7.0
122,6.008813185442595,15,2011,1,0,1,1,0,0,0,0,0,0,5.737533310993026,1,4.64193331887784,7,5.8866333157802355,4,5.737533310993026,1,4.0
175,8.066521490469993,33,1993,1,0,0,0,1,0,0,0,0,0,6.400559409605361,13,5.976072201743608,2,6.244152075653853,22,5.83419109472822,5,7.8
106,4.852030263919617,41,1985,1,0,0,0,0,0,0,0,0,0,6.335342018301013,13,5.982987856447571,1,6.036633315780235,4,5.982987856447571,1,6.7
153,5.5909869805108565,39,1987,1,1,0,0,0,0,0,1,0,0,5.605374591472538,11,5.3923579264167305,93,6.184777075653853,22,5.865204744351664,4,6.1
85,4.859812404361672,29,1997,1,0,0,0,0,0,0,0,0,0,6.08440553507694,2,5.973896947356663,1,5.973896947356663,1,5.973896947356663,1,6.6
124,3.258096538021482,31,1995,0,0,1,0,0,0,1,0,0,0,5.748045601101226,9,5.610260583720299,1,5.610260583720299,1,5.610260583720299,1,2.6
150,6.419994928147142,35,1991,1,1,0,0,0,0,0,1,0,0,5.592738868410275,2,5.528400721966557,82,5.728442401902117,1,5.495643321046164,10,3.9
153,3.2188758248682006,28,1998,0,1,0,0,0,0,0,0,0,0,5.2951592456068495,8,5.770220493917176,3,5.575804151307706,6,5.926072201743608,2,3.7
161,12.014155195062772,10,2016,1,1,0,0,0,0,0,0,0,0,6.500919030065949,4,6.578877771926745,32,6.192738868410274,2,6.137533310993026,1,8.4
130,6.742880635791903,14,2012,0,0,1,0,0,0,0,0,1,0,5.080321660523082,30,5.188992142407252,7,5.4317589554556385,3,5.745159245606849,8,3.9
108,2.995732273553991,7,2019,0,0,0,0,0,1,0,0,0,0,5.89207876553848,1,5.89207876553848,1,5.89207876553848,1,5.89207876553848,1,5.7
103,4.189654742026425,21,2005,1,0,0,0,0,0,0,0,0,0,6.010260583720299,1,6.010260583720299,1,6.061825912273516,8,5.820857761394886,5,7.0
85,2.302585092994046,8,2018,1,0,0,0,0,0,0,0,0,0,6.1284424019021175,1,6.1284424019021175,1,6.1284424019021175,1,6.1284424019021175,1,8.3
105,6.2285110035911835,30,1996,1,1,1,0,0,0,0,0,0,0,5.825459515032975,18,5.825459515032975,18,6.244152075653853,22,5.763036100871804,14,5.4
145,6.590301048196686,6,2020,1,0,0,0,0,0,0,0,0,0,6.055715129174845,1,6.15091903006595,4,6.055715129174845,1,6.055715129174845,1,7.5
159,8.551787836180736,6,2020,0,1,0,0,0,1,0,0,0,0,6.115204744351664,4,6.032731365321274,24,5.700857761394886,5,6.009405535076941,2,6.1
152,4.174387269895637,44,1982,1,0,0,0,0,0,0,0,0,0,6.243776172923092,4,6.229837873202802,34,5.983224754883523,25,6.229490458637378,4,7.0
76,2.1972245773362196,21,2005,0,0,0,0,0,0,0,0,0,0,5.412902075653853,22,5.792738868410274,2,5.462528186224868,3,5.846624220083935,1,5.2
146,5.2574953720277815,38,1988,1,0,0,0,0,0,0,0,0,0,5.571345083583723,7,4.990967175706513,55,5.658061887208807,4,5.8375333109930265,1,5.1
113,2.1972245773362196,7,2019,1,0,0,0,0,0,0,0,0,0,5.964806038265754,1,5.964806038265754,1,5.862528186224869,3,5.964806038265754,1,6.5
107,5.799092654460526,7,2019,0,0,0,0,0,1,0,0,0,0,5.8829878564475715,1,5.83419109472822,5,6.0471435708402534,3,5.8829878564475715,1,5.6
128,6.380122536899765,19,2007,1,0,1,0,0,0,0,0,0,0,5.670066660951704,33,5.153308758995962,9,5.531758955455638,3,5.614191094728219,5,3.8
128,4.143134726391533,29,1997,1,0,0,0,0,0,0,0,0,0,6.072347601494521,4,5.934405535076941,2,6.009405535076941,2,5.884514656836932,15,7.2
121,8.073402968986406,23,2003,0,0,0,0,0,0,0,0,0,0,5.79419109472822,5,5.644496071203626,24,5.786633315780235,4,5.408061887208807,4,6.3
108,7.5822291942764615,20,2006,0,0,0,0,0,0,0,0,0,0,5.724066647763331,3,5.864806038265754,1,5.976072201743608,2,5.864806038265754,1,5.4
123,2.302585092994046,77,1949,1,0,1,0,1,0,0,0,0,0,6.073896947356662,1,6.972277075653853,22,6.073896947356662,1,6.139451263147945,3,7.7
140,3.6375861597263857,56,1970,1,0,0,0,0,0,1,0,0,0,6.180857761394886,5,6.229837873202802,34,6.622579622803425,26,6.07419109472822,5,7.1
178,10.027296838262414,33,1993,1,1,1,0,0,0,0,0,0,0,6.641027075653853,22,5.812521554171958,7,5.5565146568369315,15,6.069554151307706,6,7.8
124,6.842683282238422,12,2014,0,0,0,0,0,1,0,0,0,0,5.831758955455637,3,5.593762214030777,20,5.925804151307705,6,5.585605109301792,3,4.9
117,4.499809670330265,48,1978,0,0,0,0,0,0,0,0,0,0,5.593762214030777,20,5.8264024600341955,17,6.215204744351664,4,5.9193514928112085,1,6.0
84,3.9318256327243257,24,2002,0,0,0,0,0,0,0,0,0,0,5.412902075653853,22,5.764806038265753,1,5.764806038265753,1,5.586633315780235,4,4.3
106,5.823045895483019,20,2006,1,0,0,1,1,0,0,0,0,0,5.724066647763331,3,5.178820279170577,13,5.82406664776333,3,5.726072201743608,2,5.3
119,4.709530201312334,18,2008,0,0,0,0,0,0,1,0,0,0,5.955715129174845,1,5.955715129174845,1,5.955715129174845,1,5.955715129174845,1,6.4
131,5.75890177387728,8,2018,0,1,0,0,0,1,0,0,0,0,5.670220493917176,3,5.7193514928112075,1,5.593297416994099,3,5.842738868410275,2,3.8
173,4.812184355372417,54,1972,1,0,0,1,0,1,0,0,0,0,6.568514656836932,15,6.759304267203161,29,6.724115867164841,32,6.205191863924958,31,6.9
141,5.683579767338681,30,1996,1,0,1,0,0,0,0,0,0,0,5.785976865733128,39,5.679490458637377,4,5.6937761729230925,4,5.7580618872088065,4,4.7
145,4.812184355372417,56,1970,1,0,0,0,0,0,0,0,0,0,6.126072201743607,2,6.471632800332116,53,6.034405535076941,2,6.0760722017436075,2,7.1
122,4.127134385045092,76,1950,1,0,1,0,0,0,1,0,0,0,6.300643321046165,10,6.1937761729230925,4,6.772514656836932,15,6.1177388684102745,2,6.8
113,8.722742874329398,18,2008,1,0,0,1,0,0,0,0,0,0,6.077912801609484,3,6.0266463661271,13,6.082987856447573,1,6.065643321046164,10,7.8
125,4.060443010546419,25,2001,1,0,0,0,0,0,0,0,0,0,6.0466242200839355,1,6.160857761394885,5,6.0466242200839355,1,6.10091903006595,4,7.4
180,6.914730892718563,29,1997,0,1,0,1,0,0,0,0,0,1,5.670066660951704,33,5.356708208998889,59,5.379754014514597,19,5.570321660523082,30,5.9
150,3.58351893845611,44,1982,1,1,0,0,1,0,0,0,0,0,6.405130291860149,12,5.790996893509845,33,6.313861254619549,27,5.720514656836932,15,6.1
143,6.727431724850855,34,1992,0,1,1,0,0,0,0,0,0,1,5.89207876553848,1,6.578877771926745,32,5.843474236839166,34,5.450919030065949,4,5.7
155,7.866722285136729,13,2013,1,1,0,0,1,0,0,0,0,0,6.222347601494521,4,6.031758955455638,3,5.593297416994099,3,5.937533310993026,1,6.2
137,1.9459101490553132,51,1975,1,0,0,0,0,0,0,0,0,0,5.9927388684102745,2,6.092738868410275,2,6.028442401902117,1,5.842738868410275,2,7.2
173,6.3080984415095305,38,1988,1,1,0,0,1,0,0,0,0,0,5.684048134495738,8,5.790996893509845,33,6.1419333188778396,7,5.916374340071022,3,6.5
75,2.772588722239781,9,2017,1,0,0,0,0,0,0,0,0,0,6.110260583720299,1,6.110260583720299,1,6.110260583720299,1,6.110260583720299,1,8.1
155,5.53338948872752,10,2016,0,0,0,1,0,0,0,0,0,0,6.037533310993027,1,6.037533310993027,1,6.037533310993027,1,6.037533310993027,1,7.3
153,9.161780181360806,13,2013,0,1,0,0,0,1,0,0,0,0,5.900677180048595,9,6.693069126700863,17,6.244152075653853,22,6.044554151307706,6,7.2
162,8.95660873889395,17,2009,0,1,0,1,1,0,0,0,0,0,6.1977658056647,29,5.528400721966557,82,5.316563957322251,27,5.686633315780235,4,5.5
135,8.899730794880696,7,2019,1,0,1,1,0,0,0,0,0,0,5.973896947356663,1,5.396410830261542,70,5.8068666587394615,21,5.6937761729230925,4,6.6
140,6.695798917058491,18,2008,1,0,1,1,0,0,0,0,0,0,5.838304151307705,6,5.305643321046165,10,5.135643321046165,10,5.447143570840253,3,4.1
126,2.3978952727983707,10,2016,0,0,0,1,0,1,0,0,0,0,5.955715129174845,1,5.955715129174845,1,5.955715129174845,1,5.955715129174845,1,6.4
102,6.373319789577012,20,2006,0,0,0,0,1,1,0,0,0,0,5.577912801609484,3,6.160857761394885,5,6.384048134495738,8,5.946624220083936,1,6.3
95,5.953243334287785,10,2016,1,0,0,0,0,0,1,0,0,0,5.809405535076941,2,5.747143570840253,3,5.946624220083936,1,5.946624220083936,1,6.3
111,5.968707559985366,9,2017,1,0,1,0,0,0,0,0,0,0,5.90116967462939,1,5.326992969522278,9,5.90116967462939,1,5.90116967462939,1,5.8
91,2.3978952727983707,8,2018,1,0,0,0,0,0,0,0,0,0,6.265204744351664,4,6.082987856447573,1,6.151072201743607,2,6.082987856447573,1,7.8
145,2.9444389791664403,12,2014,0,0,0,0,0,1,0,0,0,1,5.973896947356663,1,5.973896947356663,1,5.973896947356663,1,5.973896947356663,1,6.6
151,10.522719050145906,10,2016,1,0,1,0,0,0,0,0,0,0,6.2010722017436075,2,5.936633315780235,4,6.144037670474925,13,6.070220493917176,3,7.5
100,3.1354942159291497,39,1987,1,0,0,0,0,0,0,0,0,0,6.055715129174845,1,6.055715129174845,1,6.055715129174845,1,6.243776172923092,4,7.5
152,8.850660919017152,12,2014,1,0,1,1,0,0,0,0,0,0,6.3866333157802355,4,5.884887706364384,9,6.387511820029784,21,5.500559409605361,13,7.1
130,6.361302477572996,34,1992,1,0,1,0,0,0,0,0,0,0,6.212514656836931,15,5.528400721966557,82,5.185672541791862,24,5.6301686129954875,7,4.3
130,5.293304824724492,75,1951,0,0,1,0,0,0,0,1,0,0,6.236050965936664,7,6.972277075653853,22,6.288268679421918,23,6.126072201743607,2,7.6
153,6.037870919922137,25,2001,0,1,1,0,0,0,0,0,0,0,5.325804151307706,6,5.563439497071233,17,5.39015086425912,9,5.980514656836932,15,4.6
168,3.713572066704308,50,1976,1,1,0,0,1,0,0,0,0,0,6.113304151307705,6,6.249591938691465,81,6.313861254619549,27,5.463835074785436,9,6.5
174,9.245900547374733,51,1975,1,1,0,0,1,0,0,0,0,0,6.641027075653853,22,6.128944742530841,101,6.594801845025647,26,6.285110246958587,16,8.1
185,8.74814616962193,34,1992,0,1,0,1,1,0,0,0,0,0,5.468766655496513,12,5.939515471802202,46,5.806639201230782,7,6.069554151307706,6,6.9
130,5.8289456176102075,13,2013,1,0,1,1,0,0,0,0,0,0,4.896369434205138,14,4.990967175706513,55,5.3349264283077,19,5.639451263147945,3,2.4
140,7.819636302367592,29,1997,0,0,1,1,0,0,0,0,0,0,5.361036596488693,41,5.644648673347989,53,5.383762214030777,20,5.763036100871804,14,6.7
130,6.860663671448287,36,1990,1,0,1,1,0,0,0,0,0,0,6.0760722017436075,2,5.89207876553848,1,6.236050965936664,7,5.586948473678333,12,5.7
97,3.258096538021482,39,1987,1,0,1,0,0,0,0,0,0,0,5.174472453083621,13,5.3923579264167305,93,5.8932974169941,3,5.900378424144803,24,5.0
164,6.376726947898627,26,2000,0,1,1,0,0,0,0,0,0,0,5.376803162901108,11,5.396410830261542,70,5.379754014514597,19,5.526992969522278,9,4.7
158,8.438799123988225,21,2005,1,1,0,1,0,0,0,0,0,0,5.080321660523082,30,5.813762214030776,20,5.711656055020984,34,5.8910888771868235,11,5.3
169,7.8713112033234065,24,2002,1,0,0,0,1,0,0,0,1,0,5.578820279170578,13,5.396410830261542,70,5.9695541513077055,6,6.13870792480587,11,6.6
126,4.204692619390966,19,2007,0,0,1,0,0,0,0,0,0,0,5.871888086461546,18,5.955715129174845,1,5.756652075653853,22,6.109405535076941,2,6.4
105,3.295836866004329,17,2009,1,0,0,1,1,0,0,0,0,0,5.827524428061553,5,5.782987856447572,1,5.782987856447572,1,6.200612686710633,11,4.5
141,3.4011973816621555,69,1957,0,0,1,1,0,0,0,0,0,0,6.322937023384627,8,6.026072201743607,2,6.239451263147946,3,6.0466242200839355,1,7.4
110,5.652489180268651,12,2014,0,0,0,1,0,0,0,0,0,0,6.042738868410274,2,5.928442401902117,1,6.0471435708402534,3,5.928442401902117,1,6.1
138,3.6635616461296463,41,1985,1,0,0,1,0,0,0,0,0,0,5.8829878564475715,1,6.514947961485934,31,5.542202767538471,14,6.2951592456068495,8,5.6
98,3.2188758248682006,8,2018,1,0,0,0,0,0,0,0,0,0,5.592738868410275,2,5.516374340071023,3,5.910260583720299,1,5.926072201743608,2,5.9
103,10.25061708363133,15,2011,0,1,0,1,1,0,0,0,0,0,6.080857761394886,5,6.064806038265754,1,5.894554151307705,6,6.072347601494521,4,7.6
88,5.981414211254481,15,2011,1,0,0,1,0,0,0,0,0,0,6.147143570840253,3,6.232256127417014,9,5.937533310993026,1,5.937533310993026,1,6.2
96,7.397561535524052,14,2012,0,0,0,1,0,0,0,0,0,1,5.900677180048595,9,4.990967175706513,55,5.9695541513077055,6,6.13870792480587,11,5.6
141,8.889721799278137,17,2009,1,0,0,0,0,0,0,0,0,0,6.1258041513077055,6,6.229184115282061,11,6.1428025546508955,16,6.154835878532561,3,6.1
94,3.8918202981106265,14,2012,0,0,0,0,0,0,0,0,0,0,5.8260722017436075,2,5.910260583720299,1,5.722347601494521,4,5.809405535076941,2,5.9
141,6.873163834212518,14,2012,0,1,0,0,1,1,0,0,0,0,5.670066660951704,33,5.356708208998889,59,5.942738868410274,2,5.655715129174845,1,3.1
148,7.3833681469923835,19,2007,1,1,1,0,0,0,0,0,0,0,5.736633315780234,4,5.937533310993026,1,5.585605109301792,3,5.767738868410274,2,6.2
130,3.9318256327243257,24,2002,1,0,0,0,0,0,0,0,0,0,5.819351492811208,1,5.784048134495738,8,5.776072201743607,2,5.819351492811208,1,4.9
158,2.4849066497880004,46,1980,0,1,0,0,0,0,0,0,0,0,6.069725631573973,16,5.963304151307705,6,6.007524428061553,5,6.014191094728219,5,5.5
140,8.268731832117737,18,2008,0,1,0,0,0,1,0,0,0,0,5.006270356717961,8,5.50116967462939,1,5.52406664776333,3,5.407054151307706,6,1.4
165,6.285998094508865,44,1982,1,1,0,1,0,0,0,0,0,0,6.310788497273217,19,6.128944742530841,101,6.244872614659345,46,5.700804151307706,6,6.0
145,2.5649493574615367,35,1991,1,1,0,0,1,0,0,0,0,0,5.70116967462939,1,5.780643321046165,10,5.700989724686408,3,5.9356433210461645,10,3.6
122,9.488275092973083,15,2011,1,0,0,1,0,0,0,0,0,0,5.8260722017436075,2,5.528400721966557,82,5.732403019132877,12,5.89207876553848,1,5.7
139,4.844187086458591,12,2014,0,1,0,0,0,0,0,0,0,0,5.559405535076941,2,5.737533310993026,1,5.743776172923092,4,5.737533310993026,1,4.0
114,2.772588722239781,68,1958,0,0,0,0,0,0,0,0,1,0,6.466201509566438,34,5.918403907113135,7,6.34709554736411,20,6.281958015589752,17,6.4
139,9.957407394525559,11,2015,1,1,0,0,1,0,0,0,0,0,6.463304151307705,6,6.339603690051295,8,6.073896947356662,1,6.518403907113134,7,7.7
140,4.343805421853684,17,2009,1,0,0,0,1,0,1,0,0,0,5.937533310993026,1,5.937533310993026,1,5.937533310993026,1,5.937533310993026,1,6.2
172,7.195187320178709,22,2004,1,0,0,0,0,0,0,0,0,0,6.605374591472538,11,6.128944742530841,101,5.909255061779273,13,5.977912801609484,3,6.9
144,10.284796570766533,17,2009,1,0,1,0,0,0,0,0,0,0,6.709255061779273,13,6.362517448615395,11,5.900584837314695,12,6.067738868410274,2,8.0
87,3.4657359027997265,21,2005,1,0,0,0,0,0,0,0,0,0,5.793297416994099,3,5.484405535076941,2,5.5080618872088065,4,5.7557151291748445,1,4.2
156,4.406719247264253,60,1966,1,0,1,0,1,0,0,0,0,0,6.405130291860149,12,5.921342085059831,89,6.724115867164841,32,6.446369434205137,14,7.2
148,3.9318256327243257,48,1978,1,0,0,0,0,0,1,0,0,0,6.041933318877841,7,6.471632800332116,53,6.288118693193251,31,6.308514656836931,15,7.1
185,10.585927615952386,24,2002,1,0,1,0,0,0,0,1,0,0,6.4848877063643835,9,6.437236226541811,36,5.763036100871804,14,5.586948473678333,12,7.6
139,4.5217885770490405,90,1936,1,0,1,0,0,0,0,0,0,0,6.147143570840253,3,6.138304151307706,6,5.937533310993026,1,5.937533310993026,1,6.2
159,7.4570320891223805,71,1955,1,0,1,0,0,0,0,1,0,0,6.709675746405605,12,6.759304267203161,29,6.35091903006595,4,6.322347601494521,4,7.9
146,2.8903717578961645,24,2002,1,0,0,0,0,0,0,0,0,0,5.973896947356663,1,5.973896947356663,1,5.648045601101225,9,6.277857564587422,12,6.6
117,2.772588722239781,7,2019,1,0,0,0,0,0,0,0,0,0,6.339451263147946,3,6.20940553507694,2,6.20940553507694,2,6.082987856447573,1,7.8
161,5.564520407322694,22,2004,1,1,0,0,0,0,0,0,0,0,5.90116967462939,1,5.9675244280615525,5,5.792738868410274,2,5.82406664776333,3,5.8
79,2.833213344056216,7,2019,1,0,0,0,0,0,0,0,0,0,5.9548358785325615,3,5.83440553507694,2,5.9548358785325615,3,5.83440553507694,2,5.2
89,5.153291594497779,7,2019,1,0,0,1,0,0,0,0,0,0,5.45940553507694,2,5.610260583720299,1,5.610260583720299,1,5.668316657890117,18,2.6
178,2.833213344056216,70,1956,1,0,0,0,0,0,0,0,0,1,5.89207876553848,1,6.183869434205136,14,5.892738868410274,2,5.89207876553848,1,5.7
177,3.091042453358316,28,1998,0,1,0,0,0,0,0,0,0,0,5.006270356717961,8,5.39015086425912,9,5.576869498317517,37,5.467738868410275,2,3.5
135,2.6390573296152584,8,2018,0,1,0,0,0,0,0,0,0,0,5.873896947356664,1,5.873896947356664,1,6.15958037770137,7,6.100989724686406,3,5.5
167,7.1808311990445555,26,2000,1,0,1,0,0,0,0,0,0,0,5.468766655496513,12,5.427417939266281,16,5.763036100871804,14,5.9531351783589805,26,3.7
148,4.23410650459726,29,1997,1,1,0,0,0,0,0,0,0,0,5.814191094728219,5,5.790996893509845,33,5.316563957322251,27,5.970220493917177,3,5.1
138,9.148464968258095,8,2018,1,0,1,0,0,0,0,0,0,0,5.82406664776333,3,5.7427388684102745,2,5.782987856447572,1,5.700584837314694,12,4.5
161,8.847072312567807,26,2000,1,0,1,0,0,0,0,0,0,0,5.436050965936664,7,5.528400721966557,82,5.375536100871805,14,5.8910888771868235,11,6.5
146,2.5649493574615367,20,2006,1,1,0,0,1,0,0,0,0,0,5.659405535076941,2,5.773896947356662,1,5.773896947356662,1,5.851072201743608,2,4.4
136,9.53813218535584,19,2007,0,1,0,1,0,0,0,0,0,1,5.542202767538471,14,5.356708208998889,59,5.135643321046165,10,5.500559409605361,13,7.3
132,2.70805020110221,53,1973,1,1,0,0,1,0,0,0,0,0,5.787515931344491,13,5.790996893509845,33,5.854191094728219,5,5.864806038265754,1,5.4
146,4.060443010546419,46,1980,1,0,0,0,0,0,0,0,0,0,5.877912801609484,3,5.939515471802202,46,5.942802554650895,16,6.3628786032973625,57,6.5
167,7.787796878181171,19,2007,1,0,0,0,0,0,0,0,0,0,5.724286260054311,7,6.131652075653853,22,5.943469829567776,11,5.705374591472538,11,5.0
123,5.53338948872752,33,1993,1,0,1,1,0,0,0,0,0,0,6.0451592456068495,8,5.396410830261542,70,5.340428880697443,20,4.8659609110663204,19,3.4
152,4.02535169073515,45,1981,1,0,0,0,1,0,1,0,0,0,5.940857761394886,5,6.491721282179798,73,5.983224754883523,25,6.308514656836931,15,7.3
95,2.4849066497880004,18,2008,1,0,1,0,0,0,0,0,0,0,5.764806038265753,1,5.764806038265753,1,5.6856433210461645,10,5.764806038265753,1,4.3
148,2.833213344056216,10,2016,1,0,0,0,0,0,0,0,0,0,5.773896947356662,1,5.805643321046165,10,5.773896947356662,1,5.773896947356662,1,4.4
159,4.948759890378168,51,1975,1,0,0,0,0,0,1,0,0,0,6.031758955455638,3,6.618278626177521,29,5.972347601494521,4,6.121888086461546,18,6.0
155,3.091042453358316,35,1991,1,1,0,0,0,0,0,0,0,0,5.62406664776333,3,5.790996893509845,33,5.759580377701369,7,5.692078765538481,1,3.5
129,7.6586995582682995,11,2015,0,0,0,1,0,0,0,0,0,0,5.946624220083936,1,6.137978611715534,43,6.1570541513077055,6,6.3536980247601935,7,6.3
165,6.573680166960646,49,1977,0,1,0,1,0,0,0,0,0,1,6.310788497273217,19,5.921342085059831,89,6.313861254619549,27,5.905940337943331,9,6.7
120,5.66988092298052,34,1992,1,0,0,0,1,0,0,0,0,0,6.314221200951058,12,6.1294904586373775,4,6.288118693193251,31,6.010260583720299,1,7.0
159,4.553876891600541,40,1986,1,1,0,1,0,0,0,0,0,0,5.735110246958588,16,5.90116967462939,1,6.487515931344491,13,5.905940337943331,9,5.8
128,3.5553480614894135,29,1997,1,1,0,0,0,0,0,0,0,0,5.90116967462939,1,5.90116967462939,1,5.90116967462939,1,5.4861738007472605,18,5.8
163,5.69035945432406,51,1975,0,1,1,0,0,1,0,0,0,0,5.684048134495738,8,5.986633315780234,4,6.1419333188778396,7,6.186948473678331,12,6.7
150,4.477336814478207,65,1961,1,0,0,0,0,0,0,0,0,0,6.641027075653853,22,6.346888086461546,18,6.594801845025647,26,6.400643321046165,10,7.3
126,5.8805329864007,15,2011,1,0,0,0,1,1,0,0,0,0,5.793776172923093,4,5.593762214030777,20,5.876072201743607,2,6.010260583720299,1,7.0
125,2.833213344056216,76,1950,1,0,0,0,0,0,0,0,0,0,6.270124626996664,13,5.955715129174845,1,5.955715129174845,1,5.955715129174845,1,6.4
128,5.4638318050256105,9,2017,1,0,0,0,0,0,1,0,0,0,6.082987856447573,1,6.137978611715534,43,6.082987856447573,1,6.082987856447573,1,7.8
158,6.698268054115413,25,2001,1,1,0,0,0,0,0,0,0,0,6.010260583720299,1,6.031758955455638,3,5.842738868410275,2,6.163304151307706,6,7.0
117,5.963579343618446,6,2020,0,0,0,0,0,0,0,0,0,0,5.964806038265754,1,5.400612686710633,11,5.964806038265754,1,5.964806038265754,1,6.5
100,9.449042262206245,16,2010,1,0,0,0,0,0,0,0,0,0,6.010260583720299,1,5.747524428061553,5,6.010260583720299,1,6.010260583720299,1,7.0
117,6.1224928095143865,19,2007,1,1,1,0,0,0,0,0,0,0,5.4437761729230925,4,5.937533310993026,1,5.885605109301792,3,5.942738868410274,2,6.2
145,8.61286694148452,19,2007,0,0,0,1,1,0,0,0,1,0,6.1977658056647,29,5.946624220083936,1,5.665204744351663,4,5.986633315780234,4,6.3
155,1.9459101490553132,75,1951,0,0,1,1,0,0,0,0,0,0,6.026072201743607,2,5.887524428061552,5,5.946624220083936,1,5.946624220083936,1,6.3
122,3.1354942159291497,47,1979,1,1,0,1,0,0,0,0,0,0,5.894191094728219,5,5.700612686710633,11,5.942802554650895,16,5.911468511692314,26,4.5
153,5.0689042022202315,67,1959,1,0,0,0,0,0,0,0,0,0,6.641027075653853,22,6.346888086461546,18,6.171345083583723,7,6.165462730642546,7,6.7
129,9.83996185165625,22,2004,1,1,0,0,1,0,0,0,0,0,5.732054151307706,6,5.427417939266281,16,5.732403019132877,12,5.8677388684102745,2,6.7
152,10.11094877644823,20,2006,0,1,0,0,1,1,0,0,0,0,5.732054151307706,6,6.114236773135286,19,6.1428025546508955,16,6.039603690051294,8,6.5
172,10.688119423218252,13,2013,0,1,0,0,1,1,0,0,0,0,5.577912801609484,3,6.578877771926745,32,5.811173800747261,18,5.105940337943331,9,5.4
128,4.477336814478207,18,2008,1,0,0,1,1,0,0,0,0,0,5.476072201743608,2,5.333601383769235,38,5.640643321046165,10,5.720857761394885,5,3.4
113,2.1972245773362196,41,1985,1,0,0,0,0,0,0,0,0,0,5.955715129174845,1,5.955715129174845,1,7.047450176569067,83,6.927791280160949,120,6.4
131,6.62273632394984,17,2009,1,0,0,1,0,0,0,0,0,0,6.000919030065949,4,6.314898400996348,11,5.687524428061552,5,5.671345083583723,7,5.6
126,5.493061443340548,23,2003,1,0,0,0,0,0,0,0,0,0,5.600857761394886,5,6.272514656836932,15,6.2820541513077055,6,6.154191094728219,5,7.2
139,2.995732273553991,51,1975,0,0,0,1,0,0,0,0,0,0,5.782987856447572,1,5.754191094728219,5,5.782987856447572,1,5.470220493917177,3,4.5
72,4.060443010546419,43,1983,0,0,0,0,0,0,0,0,0,0,6.479624548469647,9,6.082987856447573,1,6.082987856447573,1,6.927791280160949,120,7.8
147,4.51085950651685,37,1989,1,1,0,0,0,0,0,0,0,0,6.0760722017436075,2,6.2010722017436075,2,5.850804151307706,6,6.110260583720299,1,8.1
152,4.3694478524670215,45,1981,1,0,0,0,0,0,0,0,0,0,6.255643321046165,10,6.023907835909508,24,5.576869498317517,37,6.10091903006595,4,7.2
139,4.07753744390572,24,2002,1,1,0,0,0,0,1,0,0,0,6.00116967462939,1,5.90627035671796,8,6.00116967462939,1,6.0760722017436075,2,6.9
130,6.272877006546167,53,1973,1,0,0,0,0,1,0,0,1,0,6.568514656836932,15,6.186326972424918,11,6.313861254619549,27,6.308061887208806,4,7.2
153,5.5134287461649825,23,2003,0,0,0,0,0,0,0,0,1,1,5.593762214030777,20,5.5920787655384805,1,5.5920787655384805,1,5.401072201743607,2,2.4
106,3.871201010907891,7,2019,1,0,0,0,1,0,0,0,0,0,6.182987856447571,1,6.182987856447571,1,6.182987856447571,1,6.182987856447571,1,8.9
145,2.8903717578961645,44,1982,1,1,0,0,1,0,0,0,0,0,6.041933318877841,7,6.47834521208835,91,6.175643321046165,10,6.086633315780235,4,6.1
155,3.4657359027997265,86,1940,0,1,0,0,0,0,0,0,0,1,5.700643321046165,10,5.90091903006595,4,5.928442401902117,1,5.928442401902117,1,6.1
97,4.48863636973214,14,2012,1,0,0,0,0,0,0,0,0,0,5.509405535076941,2,5.70116967462939,1,5.70116967462939,1,5.70116967462939,1,3.6
120,5.14166355650266,35,1991,1,0,0,0,0,0,0,0,0,0,6.010260583720299,1,5.926072201743608,2,6.010260583720299,1,6.010260583720299,1,7.0
172,8.520786726926367,36,1990,1,0,1,1,0,0,0,0,0,0,5.542202767538471,14,6.578877771926745,32,5.955253755513655,21,5.893776172923092,4,6.7
164,7.337587743538596,34,1992,1,0,1,0,0,0,0,0,0,0,5.551072201743608,2,5.4725802696012575,88,5.576869498317517,37,5.990643321046164,10,5.0
156,3.4339872044851463,48,1978,1,1,0,0,1,0,0,0,0,0,5.619152075653853,22,5.4725802696012575,88,6.1718880864615455,18,6.308514656836931,15,5.5
137,3.044522437723423,58,1968,0,1,0,0,0,0,0,0,0,0,5.928442401902117,1,6.47834521208835,91,5.900989724686407,3,6.063835074785437,9,6.1
101,11.673154775289367,6,2020,1,0,1,1,0,0,0,0,0,0,5.973896947356663,1,6.339603690051295,8,5.973896947356663,1,5.839451263147945,3,6.6
148,8.269500767180615,17,2009,1,0,1,1,0,0,0,0,0,0,5.793297416994099,3,5.813762214030776,20,5.966027075653853,22,5.565784695424972,51,4.6
183,11.129305015439526,25,2001,1,0,1,1,0,0,0,0,0,0,6.3866333157802355,4,6.578877771926745,32,5.926221497449138,21,5.835342018301013,13,8.1
187,4.990432586778736,67,1959,0,0,1,0,0,0,0,1,0,0,6.390643321046165,10,6.6843833277482565,34,6.438036100871805,14,6.147524428061553,5,7.0
170,9.662879887470275,11,2015,1,0,1,1,0,0,0,0,0,0,6.2772274365249,7,5.644648673347989,53,6.00116967462939,1,5.558869434205136,14,6.9
134,3.5263605246161616,52,1974,0,0,1,1,0,0,0,0,0,0,5.888992142407253,7,5.700612686710633,11,6.6445146568369315,15,5.850804151307706,6,6.2
169,4.787491742782046,60,1966,1,0,1,0,0,0,0,1,0,0,6.300643321046165,10,6.759304267203161,29,6.487515931344491,13,6.013304151307706,6,6.4
121,6.161207321695077,20,2006,1,0,1,0,0,1,0,0,0,0,5.620857761394886,5,5.543224754883523,25,5.363304151307705,6,5.5760722017436075,2,3.5
112,7.935229539816907,19,2007,1,0,0,1,1,0,0,0,0,0,5.884405535076941,2,6.010260583720299,1,5.757054151307706,6,6.02406664776333,3,7.0
148,4.867534450455582,63,1963,1,0,1,0,0,0,0,1,0,0,6.169554151307706,6,6.559064359342182,19,6.171345083583723,7,6.1937761729230925,4,6.7
157,4.74493212836325,33,1993,1,1,1,0,0,0,0,0,0,0,4.896369434205138,14,5.480857761394886,5,5.338956400804742,16,5.655715129174845,1,3.1
154,8.31581113188354,35,1991,1,0,0,1,0,0,0,0,0,1,5.785976865733128,39,6.578877771926745,32,5.8788202791705775,13,5.565784695424972,51,7.3
185,7.450660796211539,24,2002,1,0,1,0,0,0,0,0,0,0,5.736050965936664,7,5.563439497071233,17,5.645643321046164,10,5.526992969522278,9,5.3
128,4.812184355372417,63,1963,1,0,1,1,0,0,0,0,0,0,5.976072201743608,2,6.019351492811208,1,6.772514656836932,15,5.871345083583723,7,7.1
164,4.634728988229636,34,1992,1,0,1,0,0,0,0,0,0,0,5.808061887208806,4,5.8375333109930265,1,5.680643321046165,10,5.720514656836932,15,5.1
144,5.808142489980444,21,2005,1,0,1,0,0,0,0,0,0,0,5.9510722017436075,2,6.128944742530841,101,6.2820541513077055,6,5.792078765538481,1,4.6
130,4.6443908991413725,9,2017,0,0,1,0,0,0,0,0,0,0,5.855715129174845,1,5.42406664776333,3,5.776072201743607,2,5.855715129174845,1,5.3
124,6.035481432524756,8,2018,0,0,1,1,0,0,0,0,0,0,5.7102605837202995,1,6.206639201230781,7,5.7102605837202995,1,5.7102605837202995,1,3.7
157,5.2574953720277815,34,1992,0,0,1,0,0,0,0,1,0,0,5.335643321046165,10,5.89207876553848,1,5.806639201230782,7,5.89207876553848,1,5.7
150,7.38770923908104,23,2003,1,0,1,0,0,0,0,1,0,0,5.550919030065949,4,5.563439497071233,17,5.763036100871804,14,5.536633315780235,4,4.8
136,1.9459101490553132,12,2014,1,1,0,0,1,0,0,0,0,0,5.855715129174845,1,5.855715129174845,1,5.855715129174845,1,5.855715129174845,1,5.3
120,6.483107351457199,18,2008,1,0,0,1,0,0,0,0,0,0,5.89207876553848,1,6.693069126700863,17,5.939603690051293,8,6.042738868410274,2,5.7
110,2.5649493574615367,21,2005,1,0,0,0,0,1,0,0,0,0,5.819351492811208,1,5.888304151307706,6,5.606639201230782,7,5.859405535076941,2,4.9
162,6.20455776256869,33,1993,1,1,0,0,0,0,0,0,0,0,6.1309941922140565,13,6.023907835909508,24,5.855715129174845,1,5.6937761729230925,4,5.3
158,7.005789019253503,27,1999,1,0,1,0,0,0,0,1,0,0,6.335342018301013,13,5.396410830261542,70,5.2269929695222785,9,5.700857761394886,5,5.1
123,7.500529485395295,22,2004,0,0,1,0,0,0,0,1,0,0,5.750584837314696,12,5.813762214030776,20,5.778492578940183,8,5.777912801609484,3,5.2
135,7.448333860897476,22,2004,1,0,1,0,0,0,0,0,0,0,5.567738868410274,2,5.346112564277431,51,5.645643321046164,10,5.585605109301792,3,4.4
173,3.367295829986474,59,1967,1,0,1,0,0,0,0,0,0,0,6.010260583720299,1,6.249591938691465,81,6.057054151307705,6,6.108682032378715,3,7.0
150,4.5217885770490405,23,2003,1,0,1,0,0,0,0,0,0,0,5.427857564587422,12,5.676072201743608,2,5.585605109301792,3,5.9531351783589805,26,4.8
148,5.365976015021851,26,2000,1,0,0,0,0,0,0,0,0,0,6.122937023384627,8,6.32036761202638,25,5.8068666587394615,21,5.814191094728219,5,5.0
110,3.091042453358316,10,2016,0,0,1,0,0,0,0,0,0,0,5.828442401902118,1,5.667738868410274,2,5.6856433210461645,10,5.4675244280615525,5,5.0
163,10.218079290294767,28,1998,1,0,1,0,0,0,0,0,0,0,6.229490458637378,4,6.437236226541811,36,5.340428880697443,20,6.006639201230782,7,7.6
151,6.580639137284949,33,1993,1,0,1,1,0,0,0,0,0,0,5.335643321046165,10,5.884887706364384,9,5.44664870849705,16,5.469725631573973,16,5.1
150,4.553876891600541,64,1962,0,0,1,1,0,0,0,0,0,0,6.010260583720299,1,6.6843833277482565,34,6.34709554736411,20,6.269725631573973,16,7.0
139,5.225746673713202,30,1996,1,0,0,0,0,0,0,0,1,0,5.335643321046165,10,5.644496071203626,24,5.275643321046164,10,6.084549116340087,28,5.0
180,9.960954252184457,29,1997,1,0,0,1,0,0,0,1,0,0,6.641027075653853,22,6.437236226541811,36,5.955253755513655,21,4.8659609110663204,19,7.0
143,8.222553638396958,15,2011,1,0,1,1,0,0,0,0,0,0,6.052733322648839,13,5.396410830261542,70,5.861825912273516,8,5.90116967462939,1,5.8
135,2.8903717578961645,10,2016,1,0,1,0,0,0,0,0,0,0,5.751072201743607,2,5.9815650676630145,11,5.500459515032975,18,5.964806038265754,1,6.5
127,3.1354942159291497,39,1987,0,0,1,0,0,0,0,0,0,0,5.888992142407253,7,5.8152047443516635,4,5.542202767538471,14,6.228492578940183,8,5.0
150,6.12029741895095,24,2002,1,0,1,0,0,0,0,1,0,0,5.750584837314696,12,6.275804151307705,6,5.796514656836931,15,5.679624548469646,9,5.3
138,3.091042453358316,32,1994,1,0,1,0,0,0,0,0,0,0,5.7193514928112075,1,5.7193514928112075,1,5.7193514928112075,1,5.7193514928112075,1,3.8
165,2.9444389791664403,49,1977,1,1,0,1,0,0,0,0,0,0,5.619152075653853,22,5.4725802696012575,88,5.837304297111666,52,6.100536100871803,14,4.5
142,2.3978952727983707,73,1953,0,0,1,0,0,0,0,0,0,0,6.300643321046165,10,6.043776172923093,4,6.118766655496514,12,6.009405535076941,2,6.7
140,3.1780538303479458,39,1987,1,1,0,0,0,0,0,0,0,0,6.216466653732805,9,5.333601383769235,38,5.532256127417016,9,6.332403019132877,12,5.1
159,7.352441100243583,30,1996,1,1,1,0,0,0,0,0,0,0,5.376803162901108,11,5.396410830261542,70,5.653698024760194,7,5.9531351783589805,26,5.8
130,4.174387269895637,79,1947,0,0,1,1,0,0,0,0,0,0,6.0466242200839355,1,6.618278626177521,29,6.722298540040144,13,6.0466242200839355,1,7.4
188,6.981934677156389,27,1999,1,0,1,0,0,0,0,1,0,0,5.793297416994099,3,5.219562361627795,52,5.581565067663014,11,6.13870792480587,11,5.3
146,2.9444389791664403,60,1966,1,0,1,1,0,0,0,0,0,0,5.946624220083936,1,6.346888086461546,18,6.057054151307705,6,6.093776172923092,4,6.3
121,5.176149732573829,11,2015,1,0,0,1,0,0,0,0,0,0,5.7102605837202995,1,5.7102605837202995,1,5.7102605837202995,1,5.7102605837202995,1,3.7
123,3.4339872044851463,76,1950,1,0,0,0,1,0,0,0,1,0,5.9510722017436075,2,5.8677388684102745,2,6.27436139057491,9,6.067738868410274,2,7.1
160,7.034387929915503,40,1986,1,1,0,1,0,0,0,0,0,0,5.190643321046164,10,5.3923579264167305,93,6.184777075653853,22,5.74603938276924,12,3.7
172,7.9215356321335495,32,1994,1,1,1,0,0,0,0,0,0,0,5.376803162901108,11,5.396410830261542,70,5.316563957322251,27,5.673571785420127,16,5.7
158,10.38489466421945,11,2015,1,1,0,1,0,0,0,0,0,0,5.8092550617792735,13,6.437236226541811,36,6.129702767538471,14,5.792738868410274,2,5.1
181,11.084217318131664,31,1995,1,0,1,0,0,0,0,0,0,0,6.02406664776333,3,6.437236226541811,36,6.129702767538471,14,5.9531351783589805,26,8.1
120,4.07753744390572,46,1980,0,0,1,0,0,0,0,0,0,0,6.028442401902117,1,5.917738868410274,2,6.028442401902117,1,6.028442401902117,1,7.2
130,4.204692619390966,10,2016,0,1,1,1,0,0,0,0,0,0,4.923312110041968,12,5.647524428061553,5,5.516374340071023,3,5.737533310993026,1,4.0
130,6.3561076606958915,11,2015,1,0,0,0,0,0,0,0,0,0,4.896369434205138,14,5.888514656836931,15,6.095414022153857,9,5.60116967462939,1,2.5
135,7.163946684342547,44,1982,1,0,1,0,0,0,0,1,0,0,5.605374591472538,11,5.3923579264167305,93,6.009405535076941,2,6.051072201743608,2,6.4
135,4.983606621708336,36,1990,1,0,0,1,0,0,0,1,0,0,6.432054151307705,6,6.6328884004548545,36,6.324514656836932,15,6.200612686710633,11,7.0
119,6.894670039433482,12,2014,0,1,0,0,0,1,0,0,0,0,5.846624220083935,1,5.5941910947282185,5,5.500989724686407,3,5.83419109472822,5,5.2
124,8.867990898182093,10,2016,0,1,0,1,0,0,0,0,0,1,5.8260722017436075,2,6.131652075653853,22,5.877912801609484,3,5.708682032378714,3,5.1
133,2.0794415416798357,42,1984,1,0,1,0,0,0,0,0,0,0,5.62406664776333,3,5.894191094728219,5,6.082054151307705,6,5.989603690051293,8,5.7
180,5.298317366548036,33,1993,1,1,0,0,0,0,0,0,0,0,5.814191094728219,5,5.396410830261542,70,5.371391221603244,28,5.850804151307706,6,3.8
171,4.770684624465665,59,1967,1,0,1,0,0,0,0,0,0,0,6.150804151307705,6,6.618278626177521,29,6.364745229318689,18,6.472041258139204,11,6.9
155,6.045005314036012,50,1976,1,0,0,0,0,0,0,0,0,0,6.255643321046165,10,6.128944742530841,101,5.837304297111666,52,6.205191863924958,31,6.9
143,7.444833273892193,69,1957,1,0,0,1,1,0,0,0,0,0,6.380514656836932,15,6.293297416994099,3,6.270220493917176,3,6.40627035671796,8,8.4
132,6.86171134048073,46,1980,1,1,0,1,0,0,0,0,0,0,5.888992142407253,7,6.249591938691465,81,6.342024067247869,26,6.186948473678331,12,7.0
150,3.5553480614894135,57,1969,1,1,0,0,1,0,0,0,0,0,6.3910888771868235,11,6.47834521208835,91,6.34709554736411,20,5.905940337943331,9,6.2
131,7.527255919373784,73,1953,1,0,0,0,0,0,0,0,0,0,6.709675746405605,12,6.60055940960536,13,6.4729370233846275,8,6.137533310993026,1,8.4
141,2.772588722239781,55,1971,1,1,0,0,0,0,0,0,0,0,6.270124626996664,13,5.916374340071022,3,6.054191094728219,5,5.469098232680173,9,6.3
120,3.044522437723423,11,2015,0,1,0,0,0,0,0,0,0,0,5.333946020043966,11,5.522347601494521,4,5.750919030065949,4,5.855715129174845,1,5.3
149,3.044522437723423,44,1982,1,0,1,0,0,0,0,0,0,0,6.255643321046165,10,5.921342085059831,89,6.077912801609484,3,6.285110246958587,16,6.0
112,8.562740006372207,16,2010,1,0,0,1,0,0,0,0,0,0,6.093297416994099,3,5.939515471802202,46,5.942802554650895,16,6.142738868410274,2,7.5
135,4.204692619390966,58,1968,1,0,0,1,0,0,0,0,0,0,6.028442401902117,1,6.409201953556568,24,6.028442401902117,1,5.984405535076941,2,7.2
127,4.48863636973214,54,1972,0,0,0,0,0,0,0,0,0,0,5.928442401902117,1,5.928442401902117,1,5.928442401902117,1,6.042738868410274,2,6.1
135,4.61512051684126,51,1975,0,0,0,1,0,0,0,0,1,0,5.884048134495738,8,6.618278626177521,29,6.171345083583723,7,5.9510722017436075,2,6.1
160,4.276666119016055,58,1968,1,0,0,0,0,0,1,1,0,0,6.100804151307706,6,6.100804151307706,6,6.34709554736411,20,6.060857761394886,5,6.5
126,7.030857476116121,17,2009,1,0,0,1,0,0,0,0,0,0,5.361036596488693,41,4.990967175706513,55,5.448045601101226,9,5.470124626996665,13,3.6
128,7.252762418053187,10,2016,1,1,1,0,0,0,0,0,0,0,5.307054151307705,6,5.859405535076941,2,5.964806038265754,1,5.627524428061553,5,6.5
147,3.1354942159291497,48,1978,1,0,1,0,0,0,1,0,0,0,6.132054151307706,6,6.249591938691465,81,5.837304297111666,52,5.955643321046165,10,7.1
136,1.791759469228055,52,1974,1,0,0,0,1,0,0,0,0,0,6.028442401902117,1,6.028442401902117,1,5.976072201743608,2,6.10091903006595,4,7.2
139,3.2188758248682006,28,1998,0,1,0,0,0,0,0,0,0,0,5.032514656836931,15,5.3923579264167305,93,5.7193514928112075,1,5.342782443206489,9,3.8
161,2.0794415416798357,68,1958,1,0,0,0,0,0,1,0,0,0,6.300643321046165,10,6.092738868410275,2,5.9193514928112085,1,5.9932974169941,3,6.0
140,4.0943445622221,52,1974,1,1,0,1,0,0,0,0,0,0,6.041933318877841,7,6.47834521208835,91,6.175643321046165,10,5.788613718262449,24,6.7
135,4.007333185232471,46,1980,0,1,0,0,0,1,0,0,0,0,6.321888086461547,18,5.939515471802202,46,6.1718880864615455,18,6.15775554385349,11,5.7
158,4.653960350157523,37,1989,0,1,0,0,0,1,0,0,0,0,5.540857761394887,5,5.356708208998889,59,5.383762214030777,20,5.400714801162405,8,4.4
165,5.6131281063880705,57,1969,1,0,1,0,0,0,0,0,0,0,6.321888086461547,18,6.491721282179798,73,6.354935346088585,23,6.418766655496513,12,7.0
130,2.302585092994046,55,1971,1,0,0,0,0,0,0,0,0,0,5.8866333157802355,4,5.838304151307705,6,5.8677388684102745,2,6.000989724686407,3,6.3
145,1.9459101490553132,49,1977,0,1,0,0,0,0,0,0,0,0,5.6738969473566625,1,5.6738969473566625,1,5.6738969473566625,1,5.6738969473566625,1,3.3
139,4.248495242049359,67,1959,1,1,0,0,1,0,0,0,0,0,5.985605109301791,3,6.618278626177521,29,6.722298540040144,13,6.147524428061553,5,7.1
110,3.2188758248682006,38,1988,0,1,0,0,0,0,0,0,0,0,5.955715129174845,1,5.89396343293301,21,6.453319600615392,24,5.782602372175831,18,6.4
90,3.4011973816621555,12,2014,0,0,0,0,0,1,0,0,0,0,5.859405535076941,2,6.019351492811208,1,6.059405535076941,2,6.08440553507694,2,7.1
106,5.786897381366708,9,2017,0,0,0,0,0,0,0,0,1,0,5.79419109472822,5,6.111825912273516,8,5.8932974169941,3,5.7102605837202995,1,3.7
135,4.867534450455582,22,2004,1,0,0,0,0,0,0,1,0,0,5.476072201743608,2,5.333601383769235,38,5.371391221603244,28,5.526992969522278,9,3.2
144,1.9459101490553132,86,1940,1,0,0,0,0,0,0,0,0,0,6.257054151307706,6,5.964806038265754,1,5.964806038265754,1,6.101072201743608,2,6.5
156,4.0943445622221,57,1969,1,0,1,0,0,0,0,0,0,0,6.180857761394886,5,6.491721282179798,73,6.048045601101225,9,6.205191863924958,31,7.2
170,6.226536669287466,28,1998,1,0,1,0,0,0,0,0,0,0,6.1977658056647,29,5.873312110041968,12,5.955715129174845,1,5.565784695424972,51,6.4
98,7.9658927350845286,11,2015,0,0,1,1,0,0,0,0,0,0,5.734405535076941,2,5.717738868410275,2,5.901072201743607,2,6.100804151307706,6,4.5
126,8.467162257810672,7,2019,1,0,0,1,0,0,0,0,0,0,5.877912801609484,3,6.106639201230782,7,6.389603690051294,8,5.784405535076941,2,5.4
129,3.8501476017100584,7,2019,1,0,0,0,0,1,0,0,0,0,5.819351492811208,1,5.9510722017436075,2,5.819351492811208,1,5.784405535076941,2,4.9
171,10.4665829937358,20,2006,0,1,0,0,1,1,0,0,0,0,6.3866333157802355,4,6.437236226541811,36,5.3349264283077,19,6.044554151307706,6,7.2
166,9.358070484000518,48,1978,0,1,0,0,1,1,0,0,0,0,6.101072201743608,2,6.128944742530841,101,6.313861254619549,27,6.3628786032973625,57,7.8
148,10.828460484793117,15,2011,0,1,0,0,1,1,0,0,0,0,6.3866333157802355,4,6.437236226541811,36,6.019351492811208,1,6.008690733914536,26,7.1
112,4.110873864173311,18,2008,1,0,0,1,0,0,0,0,0,0,5.730168612995487,7,5.3923579264167305,93,5.551072201743608,2,5.383109789466076,7,4.7
139,5.049856007249537,10,2016,1,1,0,0,0,0,0,1,0,0,5.534405535076941,2,5.779490458637378,4,5.363304151307705,6,5.728442401902117,1,3.9
83,2.8903717578961645,20,2006,1,0,0,0,0,0,0,0,0,1,5.982987856447571,1,5.982987856447571,1,5.982987856447571,1,5.982987856447571,1,6.7
168,4.77912349311153,36,1990,1,1,0,0,0,0,0,0,0,0,5.333946020043966,11,5.333601383769235,38,5.642782443206489,9,6.205191863924958,31,4.6
99,2.0794415416798357,9,2017,1,0,0,0,0,0,0,0,0,0,5.737533310993026,1,5.737533310993026,1,5.737533310993026,1,5.737533310993026,1,4.0
153,3.9889840465642745,62,1964,1,0,0,0,0,0,0,1,0,0,6.251072201743607,2,6.409201953556568,24,6.134405535076941,2,6.119351492811208,1,8.2
138,3.871201010907891,55,1971,1,0,0,0,0,0,0,0,0,0,6.251072201743607,2,6.409201953556568,24,6.288268679421918,23,6.332403019132877,12,7.7
135,3.5263605246161616,62,1964,0,0,1,0,0,0,0,0,0,0,6.132054151307706,6,5.85958037770137,7,6.364745229318689,18,6.3628786032973625,57,6.0
119,7.198183577101943,6,2020,1,0,0,1,0,0,0,0,0,0,5.734405535076941,2,5.859405535076941,2,5.900584837314695,12,5.970220493917177,3,6.2
137,5.1298987149230735,49,1977,1,0,1,0,0,0,1,0,0,0,6.1258041513077055,6,6.249591938691465,81,6.244152075653853,22,6.206270356717961,8,7.0
153,2.772588722239781,43,1983,1,0,0,0,0,0,1,0,0,0,6.2954140221538575,9,6.232256127417014,9,6.724115867164841,32,6.277857564587422,12,6.9
147,8.66319648553608,20,2006,1,0,0,0,0,0,0,0,0,0,6.519660305758252,11,6.126072201743607,2,5.757054151307706,6,6.154191094728219,5,7.9
141,2.6390573296152584,19,2007,1,0,0,0,1,0,0,0,1,0,5.855715129174845,1,5.49015086425912,9,5.855715129174845,1,5.357054151307706,6,5.3
164,5.407171771460119,52,1974,1,0,0,0,0,0,0,0,0,0,6.255643321046165,10,5.921342085059831,89,6.244872614659345,46,6.084549116340087,28,7.0
162,3.6109179126442243,37,1989,0,1,0,0,0,0,0,0,0,0,5.190643321046164,10,5.3923579264167305,93,6.034405535076941,2,5.676072201743608,2,5.2
163,7.347943823148687,62,1964,1,0,0,0,0,0,1,1,0,0,6.459735793367529,17,6.137533310993026,1,6.137533310993026,1,6.308061887208806,4,8.4
152,4.276666119016055,40,1986,1,1,0,0,0,0,0,0,0,0,5.527662618815857,23,5.322277075653853,22,5.82406664776333,3,5.9356433210461645,10,5.7
130,3.8501476017100584,7,2019,1,0,0,0,0,0,0,0,0,0,5.6738969473566625,1,5.805643321046165,10,5.6738969473566625,1,5.6738969473566625,1,3.3
136,7.809135398120538,21,2005,1,0,1,0,0,0,0,0,0,0,5.063835074785437,9,5.528400721966557,82,5.581565067663014,11,5.8043410161893565,16,5.5
104,3.8066624897703196,21,2005,0,0,0,1,0,0,0,0,0,0,5.7557151291748445,1,5.7557151291748445,1,5.551072201743608,2,5.7557151291748445,1,4.2
138,8.200562797008564,15,2011,1,0,0,1,1,0,0,0,0,0,5.542202767538471,14,5.356708208998889,59,5.135643321046165,10,5.500559409605361,13,3.8
102,3.6375861597263857,8,2018,0,0,0,0,0,1,0,0,0,0,5.984405535076941,2,6.119351492811208,1,6.119351492811208,1,6.119351492811208,1,8.2
92,4.143134726391533,11,2015,1,0,0,0,0,0,0,0,0,0,6.051072201743608,2,6.010260583720299,1,6.010260583720299,1,6.010260583720299,1,7.0
101,7.95892649305011,12,2014,0,0,0,1,0,0,0,0,0,0,5.9193514928112085,1,5.901072201743607,2,5.9193514928112085,1,5.9193514928112085,1,6.0
124,4.356708826689592,79,1947,1,0,0,0,0,0,0,0,0,0,6.380514656836932,15,6.293297416994099,3,6.051072201743608,2,6.070220493917176,3,6.8
92,2.9444389791664403,27,1999,0,0,0,0,0,0,0,0,0,0,5.7193514928112075,1,5.7193514928112075,1,5.3932974169941,3,5.505940337943332,9,3.8
137,4.859812404361672,13,2013,0,0,0,0,0,0,0,0,0,0,5.534405535076941,2,5.5466242200839355,1,5.509405535076941,2,5.5466242200839355,1,1.9
124,1.9459101490553132,95,1931,1,0,0,0,0,0,0,0,0,0,5.855715129174845,1,5.855715129174845,1,5.855715129174845,1,5.639451263147945,3,5.3
83,2.1972245773362196,12,2014,0,0,0,0,0,0,0,0,0,0,6.110260583720299,1,6.110260583720299,1,6.110260583720299,1,6.110260583720299,1,8.1
132,9.41548287218084,7,2019,0,0,1,1,0,0,0,0,0,0,6.010260583720299,1,6.57970276753847,14,5.925804151307705,6,6.3536980247601935,7,7.0
110,2.5649493574615367,17,2009,1,0,0,0,0,0,0,1,0,0,5.937533310993026,1,5.937533310993026,1,5.937533310993026,1,5.937533310993026,1,6.2
120,2.772588722239781,13,2013,1,0,0,0,0,0,0,0,0,0,5.846624220083935,1,5.846624220083935,1,5.846624220083935,1,5.846624220083935,1,5.2
171,4.442651256490317,36,1990,1,0,0,0,0,0,0,0,0,0,6.605374591472538,11,5.854191094728219,5,6.019351492811208,1,6.247524428061553,5,7.1
163,11.216229556350545,11,2015,1,0,0,0,1,0,0,0,1,0,6.394191094728218,5,5.396410830261542,70,5.9275244280615516,5,5.884514656836932,15,8.2
147,8.767017621311778,7,2019,0,1,0,0,1,1,0,0,0,0,5.759405535076941,2,6.339603690051295,8,5.2508041513077055,6,5.692078765538481,1,3.5
162,5.968707559985366,32,1994,1,0,0,0,0,1,0,0,0,0,6.605374591472538,11,6.272514656836932,15,6.387511820029784,21,6.247524428061553,5,7.6
130,4.912654885736052,34,1992,0,1,1,0,1,0,0,0,0,0,5.910260583720299,1,5.910260583720299,1,5.9608577613948865,5,6.13870792480587,11,5.9
130,6.7464121285733745,23,2003,0,0,0,1,0,0,0,0,0,0,5.792078765538481,1,6.314898400996348,11,5.792078765538481,1,5.700989724686408,3,4.6
156,5.6240175061873385,32,1994,0,0,1,0,0,0,0,1,0,0,6.382054151307706,6,5.964806038265754,1,5.964806038265754,1,5.74603938276924,12,6.5
160,2.6390573296152584,11,2015,1,0,0,0,0,0,0,0,0,0,5.784405535076941,2,5.846624220083935,1,5.846624220083935,1,5.846624220083935,1,5.2
133,3.4657359027997265,77,1949,0,0,1,0,0,0,0,1,0,0,6.300643321046165,10,5.964806038265754,1,5.964806038265754,1,6.109405535076941,2,6.5
141,4.51085950651685,62,1964,1,0,0,1,0,0,1,0,0,0,6.062528186224868,3,6.618278626177521,29,6.565643321046164,10,6.350584837314695,12,7.1
152,7.81923445385907,16,2010,1,0,1,1,0,0,0,0,0,0,5.715204744351664,4,5.679490458637377,4,5.415643321046164,10,5.7557151291748445,1,4.2
159,2.995732273553991,10,2016,1,1,0,0,0,0,1,0,0,0,5.784405535076941,2,5.8375333109930265,1,5.95940553507694,2,5.8375333109930265,1,5.1
170,3.713572066704308,59,1967,1,0,0,0,1,0,0,0,0,0,6.093297416994099,3,5.921342085059831,89,6.471382787771719,21,6.281958015589752,17,6.7
158,8.08301991917133,26,2000,1,0,1,1,0,0,0,0,0,0,5.361036596488693,41,5.346112564277431,51,5.185672541791862,24,6.008690733914536,26,5.1
165,4.143134726391533,49,1977,1,0,0,0,0,0,1,1,0,0,6.2954140221538575,9,6.0920787655384805,1,6.0920787655384805,1,6.047815671819016,7,7.9
143,7.8674885686991285,28,1998,0,0,0,1,0,0,0,0,0,0,5.700415045836235,21,4.990967175706513,55,5.371391221603244,28,5.469725631573973,16,6.6
166,7.37650812632622,23,2003,1,1,0,0,1,0,0,0,0,0,5.838304151307705,6,5.400612686710633,11,5.39015086425912,9,5.6570541513077055,6,5.6
109,3.367295829986474,10,2016,1,0,0,0,0,0,0,0,0,0,6.215204744351664,4,6.57970276753847,14,6.389603690051294,8,6.927791280160949,120,7.3
110,9.827739775097854,11,2015,1,0,1,1,0,0,0,0,0,0,6.215204744351664,4,6.57970276753847,14,6.389603690051294,8,6.114191094728219,5,7.5
128,8.258681496264236,15,2011,1,1,0,0,1,0,0,0,0,0,5.936633315780235,4,5.427417939266281,16,6.025536100871804,14,5.705374591472538,11,6.2
169,5.262690188904886,42,1984,1,1,0,0,0,0,0,0,0,0,6.1258041513077055,6,6.47834521208835,91,6.487515931344491,13,5.61709554736411,20,7.0
139,4.3694478524670215,47,1979,0,1,0,0,0,1,0,0,0,0,6.0320541513077055,6,6.249591938691465,81,6.244152075653853,22,6.206270356717961,8,7.0
166,3.4657359027997265,89,1937,1,0,0,0,0,0,0,0,0,0,6.380514656836932,15,5.870220493917175,3,6.00116967462939,1,6.00116967462939,1,6.9
95,3.5263605246161616,11,2015,1,0,1,0,0,0,0,0,0,0,5.946624220083936,1,5.83440553507694,2,6.313861254619549,27,5.946624220083936,1,6.3
137,4.969813299576001,16,2010,1,0,1,0,0,0,0,0,0,0,5.7102605837202995,1,5.9815650676630145,11,5.488992142407252,7,5.609405535076941,2,3.7
164,8.878358040627822,28,1998,0,1,0,1,1,0,0,0,0,0,5.785976865733128,39,6.437236226541811,36,5.843474236839166,34,5.648045601101225,9,5.6
147,3.9318256327243257,24,2002,0,0,0,1,0,0,0,0,0,0,5.412902075653853,22,5.643469829567775,11,5.972347601494521,4,5.964806038265754,1,6.5
143,3.5263605246161616,43,1983,1,1,0,0,1,0,0,0,0,0,5.682054151307705,6,6.249591938691465,81,6.724115867164841,32,6.024286260054311,7,6.2
116,2.8903717578961645,24,2002,1,0,0,0,0,0,0,0,0,0,5.724066647763331,3,5.724066647763331,3,5.792078765538481,1,5.792078765538481,1,4.6
155,8.512582578858554,6,2020,0,0,0,0,0,1,0,0,0,0,5.7193514928112075,1,5.7193514928112075,1,5.900584837314695,12,5.500559409605361,13,3.8
110,7.350516171833998,19,2007,1,0,0,0,0,0,0,0,0,0,6.044554151307706,6,5.89207876553848,1,5.89207876553848,1,5.89207876553848,1,5.7
162,3.8066624897703196,60,1966,1,0,0,1,0,0,0,1,0,0,6.132054151307706,6,5.973896947356663,1,6.057054151307705,6,6.100989724686406,3,6.6
155,4.653960350157523,50,1976,1,1,0,1,0,0,0,0,0,0,5.8829878564475715,1,6.0565146568369315,15,6.244872614659345,46,6.292202767538471,14,5.6
120,5.71042701737487,16,2010,1,0,0,1,0,0,0,0,0,0,6.00116967462939,1,6.32036761202638,25,5.724066647763331,3,6.00116967462939,1,6.9
145,7.518607216815252,28,1998,1,0,0,0,1,1,0,0,0,0,5.900804151307705,6,5.788992142407252,7,5.231796183454951,25,5.700584837314694,12,6.9
146,3.6635616461296463,36,1990,1,1,0,0,0,0,0,0,0,0,6.466201509566438,34,5.3923579264167305,93,5.750714801162405,8,5.342782443206489,9,5.4
138,2.8903717578961645,69,1957,1,0,0,0,0,0,0,0,0,0,5.95940553507694,2,6.603274868014205,55,6.208682032378714,3,6.019351492811208,1,7.1
153,6.481577129276431,30,1996,1,0,0,0,0,0,0,0,0,0,5.975804151307706,6,5.737533310993026,1,5.842738868410275,2,6.269725631573973,16,4.0
129,3.258096538021482,34,1992,0,1,1,0,0,0,0,0,0,0,5.006270356717961,8,5.608682032378715,3,5.806639201230782,7,5.359777075653853,22,5.0
156,5.365976015021851,31,1995,1,1,1,0,0,0,0,0,0,0,5.540857761394887,5,5.819351492811208,1,5.819351492811208,1,5.83419109472822,5,4.9
177,5.303304908059076,55,1971,1,0,0,0,0,0,0,0,0,0,6.255643321046165,10,6.559064359342182,19,6.1419333188778396,7,6.190643321046164,10,7.1
82,6.359573868672378,53,1973,1,0,1,0,0,0,0,0,0,0,6.479624548469647,9,6.010260583720299,1,6.010260583720299,1,6.010260583720299,1,7.0
110,8.925853190420922,28,1998,1,0,1,0,0,0,0,0,0,0,6.220857761394885,5,6.578877771926745,32,6.15958037770137,7,6.042738868410274,2,7.7
125,3.332204510175204,12,2014,0,0,0,0,0,0,0,0,0,0,5.764806038265753,1,5.734405535076941,2,5.764806038265753,1,5.764806038265753,1,4.3
105,5.298317366548036,14,2012,1,0,0,0,1,0,0,0,0,0,6.0466242200839355,1,5.95940553507694,2,6.095414022153857,9,6.0466242200839355,1,7.4
138,4.844187086458591,25,2001,1,0,0,1,0,0,0,0,0,0,5.782987856447572,1,5.782987856447572,1,5.9608577613948865,5,5.82406664776333,3,4.5
98,7.129297548929373,7,2019,1,0,0,1,0,0,0,0,0,0,6.0466242200839355,1,6.0466242200839355,1,6.0466242200839355,1,6.0466242200839355,1,7.4
133,5.786897381366708,32,1994,0,1,0,1,1,0,0,0,0,0,5.361036596488693,41,5.790996893509845,33,6.244152075653853,22,5.763036100871804,14,4.7
147,6.1224928095143865,37,1989,1,0,0,0,0,0,1,1,0,0,6.0451592456068495,8,5.926072201743608,2,5.532731365321274,24,6.028442401902117,1,7.2
116,4.564348191467836,25,2001,1,0,1,0,0,0,0,0,0,0,5.871888086461546,18,4.91827862617752,29,5.6937761729230925,4,5.976072201743608,2,5.6
111,6.322565239927284,7,2019,0,1,0,0,0,0,0,0,0,1,5.992078765538481,1,5.992078765538481,1,5.992078765538481,1,5.992078765538481,1,6.8
141,2.1972245773362196,80,1946,1,0,0,1,0,0,0,0,0,0,5.964806038265754,1,6.47834521208835,91,6.288268679421918,23,5.964806038265754,1,6.5
123,2.3978952727983707,8,2018,1,0,0,0,0,0,0,0,0,0,6.082987856447573,1,6.082987856447573,1,6.082987856447573,1,6.082987856447573,1,7.8
115,2.3978952727983707,54,1972,1,0,0,0,0,0,0,0,0,0,6.532256127417016,9,6.169554151307706,6,6.073896947356662,1,6.073896947356662,1,7.7
142,7.379008127628304,21,2005,1,1,0,0,1,0,0,0,0,0,5.420857761394886,5,6.128944742530841,101,5.734191094728219,5,5.846624220083935,1,5.2
71,2.833213344056216,26,2000,0,0,0,0,0,0,1,0,0,0,5.89207876553848,1,5.89207876553848,1,5.89207876553848,1,5.9531351783589805,26,5.7
120,3.8501476017100584,23,2003,1,0,0,0,0,0,0,0,0,0,5.982987856447571,1,6.171345083583723,7,6.080857761394886,5,5.565784695424972,51,6.7
153,3.871201010907891,45,1981,0,1,0,0,0,1,0,0,0,0,5.894191094728219,5,6.249591938691465,81,5.858479561965267,21,6.206270356717961,8,6.3
139,2.9444389791664403,40,1986,1,1,0,0,0,0,0,0,0,0,5.973896947356663,1,5.3923579264167305,93,5.563835074785437,9,6.308514656836931,15,6.6
132,2.1972245773362196,48,1978,1,0,0,1,0,0,0,0,0,0,5.975804151307706,6,6.255643321046165,10,6.1718880864615455,18,5.873896947356664,1,5.5
137,2.6390573296152584,43,1983,1,0,0,0,0,0,0,0,0,0,6.001072201743607,2,5.322277075653853,22,6.10055940960536,13,6.100989724686406,3,6.7
142,3.7376696182833684,46,1980,1,0,1,0,0,0,1,0,0,0,6.2954140221538575,9,6.186326972424918,11,6.288118693193251,31,5.792738868410274,2,7.0
147,3.4339872044851463,46,1980,1,0,0,0,0,0,0,0,0,0,5.572347601494521,4,5.917738868410274,2,6.428492578940183,8,5.946624220083936,1,6.3
100,1.9459101490553132,6,2020,1,0,0,0,0,0,0,0,0,0,5.7580618872088065,4,6.146624220083936,1,6.146624220083936,1,6.146624220083936,1,8.5
109,2.8903717578961645,54,1972,1,1,0,0,0,0,0,0,0,0,5.808061887208806,4,5.4725802696012575,88,5.837304297111666,52,5.980514656836932,15,4.7
133,4.8283137373023015,40,1986,1,0,0,0,0,0,0,0,0,0,6.019351492811208,1,5.911825912273516,8,6.244152075653853,22,5.9356433210461645,10,7.1
143,8.491875383431948,19,2007,0,0,0,1,1,0,0,0,0,1,5.884405535076941,2,6.362517448615395,11,6.036050965936664,7,6.037533310993027,1,7.3
122,6.318968113746434,24,2002,1,0,0,0,0,0,0,0,0,0,5.665462730642546,7,5.637533310993026,1,5.340428880697443,20,5.667738868410274,2,2.9
139,2.70805020110221,41,1985,1,0,0,0,0,0,0,0,0,0,6.015204744351664,4,5.80709554736411,20,5.983224754883523,25,6.350584837314695,12,6.6
133,1.791759469228055,41,1985,0,1,0,0,0,0,0,0,0,0,5.836050965936664,7,6.47834521208835,91,6.416514656836931,15,5.5577555438534905,11,3.8
146,3.970291913552122,63,1963,1,0,1,1,0,0,0,0,0,0,6.15091903006595,4,6.618278626177521,29,6.622579622803425,26,6.472041258139204,11,6.4
95,4.3694478524670215,23,2003,0,0,0,0,0,1,0,0,0,0,5.707524428061553,5,5.871345083583723,7,5.728442401902117,1,5.8677388684102745,2,3.9
105,5.552959584921617,37,1989,1,0,0,0,0,0,0,0,0,0,6.532256127417016,9,6.6328884004548545,36,6.077912801609484,3,6.019351492811208,1,7.1
122,7.193685818395112,36,1990,1,0,0,0,0,0,0,0,0,0,6.447524428061553,5,6.6328884004548545,36,6.259405535076941,2,6.0796245484696465,9,8.3
167,6.9865664594064265,45,1981,1,0,1,0,0,0,0,1,0,0,6.382054151307706,6,6.514947961485934,31,5.542202767538471,14,6.087524428061553,5,7.5
137,2.70805020110221,69,1957,1,0,0,0,0,0,0,0,0,0,6.255643321046165,10,6.043776172923093,4,6.34709554736411,20,6.055643321046165,10,6.4
100,4.3694478524670215,35,1991,1,0,0,0,0,0,0,0,0,0,6.028442401902117,1,6.137978611715534,43,6.428492578940183,8,6.028442401902117,1,7.2
105,4.653960350157523,9,2017,1,0,0,0,0,0,0,0,0,0,5.063835074785437,9,5.359405535076941,2,5.60116967462939,1,5.60116967462939,1,2.5
140,2.9444389791664403,54,1972,1,0,1,1,0,0,0,0,0,0,5.808061887208806,4,5.4725802696012575,88,6.048045601101225,9,6.281958015589752,17,5.4
120,8.852664927703866,22,2004,1,0,0,0,1,0,0,0,1,0,6.347524428061552,5,5.644496071203626,24,5.379754014514597,19,6.041933318877841,7,7.5
144,4.919980925828125,45,1981,1,0,1,0,0,0,1,0,0,0,5.527662618815857,23,5.4725802696012575,88,5.837304297111666,52,5.884405535076941,2,5.8
130,5.231108616854587,33,1993,0,1,0,0,0,0,0,0,0,0,5.174472453083621,13,5.396410830261542,70,5.371391221603244,28,5.893776172923092,4,3.4
145,4.672828834461906,34,1992,1,0,0,1,0,0,0,0,0,0,6.059405535076941,2,6.234048134495739,8,6.010260583720299,1,5.6301686129954875,7,7.0
151,3.9512437185814275,43,1983,0,0,1,0,0,0,1,0,0,0,5.934191094728219,5,5.428492578940183,8,5.83440553507694,2,5.359777075653853,22,6.5
120,2.3978952727983707,58,1968,1,0,1,0,0,0,1,0,0,0,5.917738868410274,2,6.47834521208835,91,5.900989724686407,3,5.946624220083936,1,6.3
143,6.39024066706535,21,2005,0,0,0,1,1,1,0,0,0,0,5.662528186224869,3,5.153308758995962,9,5.89207876553848,1,5.680857761394886,5,5.7
126,3.784189633918261,19,2007,0,1,0,0,0,0,0,0,0,0,6.265204744351664,4,6.128944742530841,101,5.964806038265754,1,6.044554151307706,6,6.5
162,6.97914527506881,34,1992,0,0,1,1,0,0,0,0,0,0,6.015204744351664,4,5.346112564277431,51,5.642782443206489,9,5.565784695424972,51,5.7
120,8.277666160851503,7,2019,1,0,1,1,0,0,0,0,0,0,5.873896947356664,1,5.854191094728219,5,5.532731365321274,24,6.1741910947282195,5,5.5
138,2.8903717578961645,40,1986,0,0,1,0,0,0,0,0,0,0,6.355130291860149,12,6.249591938691465,81,6.00116967462939,1,6.332403019132877,12,6.9
110,8.777401286867264,14,2012,1,0,1,1,0,0,0,0,0,0,6.042738868410274,2,5.521729811627541,9,5.894554151307705,6,5.89207876553848,1,5.7
136,2.3978952727983707,56,1970,1,0,0,0,0,0,0,0,0,0,6.016374340071023,3,5.944554151307706,6,5.928442401902117,1,6.029490458637378,4,6.1
180,2.0794415416798357,36,1990,1,1,0,0,1,0,0,0,0,0,5.737533310993026,1,5.734405535076941,2,5.737533310993026,1,5.817738868410274,2,4.0
131,4.1588830833596715,55,1971,1,0,0,0,0,0,0,0,1,0,5.884048134495738,8,5.89396343293301,21,6.356032089663826,17,6.311203495838067,9,6.8
145,7.438971592395862,11,2015,0,0,1,0,0,1,0,0,1,0,5.7102605837202995,1,5.236633315780234,4,5.62234760149452,4,5.7102605837202995,1,3.7
135,3.784189633918261,40,1986,1,0,0,0,0,0,0,0,0,0,6.072347601494521,4,6.6328884004548545,36,6.387511820029784,21,5.90091903006595,4,6.9
136,3.8501476017100584,66,1960,1,0,1,1,0,0,0,0,0,0,6.214898400996348,11,6.229837873202802,34,6.622579622803425,26,6.281958015589752,17,6.8
150,5.337538079701318,57,1969,1,0,0,0,0,0,1,1,0,0,6.132054151307706,6,5.838304151307705,6,6.290150864259121,9,6.200857761394886,5,6.6
155,1.9459101490553132,58,1968,1,1,0,0,1,0,0,0,0,0,5.90116967462939,1,5.9932974169941,3,6.054191094728219,5,5.684405535076941,2,5.8
132,3.4339872044851463,63,1963,0,0,0,1,0,0,0,0,0,0,6.466201509566438,34,6.409201953556568,24,6.043776172923093,4,6.3628786032973625,57,6.8
134,3.6375861597263857,69,1957,1,0,1,0,0,0,1,0,0,0,6.132054151307706,6,6.47834521208835,91,6.722298540040144,13,6.281958015589752,17,7.3
125,3.1354942159291497,61,1965,0,1,0,1,0,0,0,1,0,0,5.884048134495738,8,5.89396343293301,21,5.854191094728219,5,6.0080618872088065,4,4.9
158,3.8066624897703196,50,1976,0,1,0,1,1,0,0,0,0,0,6.3910888771868235,11,6.47834521208835,91,6.390643321046165,10,6.063835074785437,9,7.0
146,5.049856007249537,22,2004,0,0,0,1,0,1,0,0,0,0,5.736050965936664,7,4.91827862617752,29,5.371391221603244,28,5.684405535076941,2,4.4
180,4.143134726391533,17,2009,0,1,0,1,1,0,0,0,0,0,5.776072201743607,2,5.764806038265753,1,5.764806038265753,1,5.726072201743608,2,4.3
140,3.871201010907891,57,1969,1,0,1,0,0,0,0,0,0,0,6.214898400996348,11,6.249591938691465,81,6.048045601101225,9,6.261825912273516,8,6.6
115,2.772588722239781,26,2000,1,0,0,0,0,0,0,0,0,0,5.89207876553848,1,5.89207876553848,1,5.89207876553848,1,5.89207876553848,1,5.7
73,2.1972245773362196,11,2015,1,0,0,0,0,0,0,0,0,0,6.00116967462939,1,6.00116967462939,1,6.00116967462939,1,6.00116967462939,1,6.9
120,1.791759469228055,8,2018,1,0,0,0,0,0,1,0,0,0,5.737533310993026,1,5.322277075653853,22,5.737533310993026,1,5.737533310993026,1,4.0
150,4.7535901911063645,30,1996,0,1,0,0,0,1,0,0,0,0,5.554835878532561,3,5.907524428061553,5,5.316563957322251,27,5.875643321046164,10,3.9
132,10.361798083190818,14,2012,0,1,1,0,0,1,0,0,0,0,5.994554151307705,6,5.346112564277431,51,5.811173800747261,18,6.086633315780235,4,5.5
135,8.295798110636145,13,2013,0,0,1,0,0,1,0,0,0,0,5.89207876553848,1,5.543224754883523,25,6.384048134495738,8,6.067738868410274,2,5.7
164,2.9444389791664403,77,1949,1,0,0,0,0,0,0,0,0,0,6.026072201743607,2,6.00116967462939,1,6.034405535076941,2,6.175804151307705,6,6.9
120,2.772588722239781,17,2009,1,0,0,0,0,0,0,0,0,0,6.225804151307706,6,5.773896947356662,1,5.557054151307706,6,5.773896947356662,1,4.4
132,6.1070228877422545,18,2008,1,0,1,0,0,0,0,0,0,0,5.876072201743607,2,5.62406664776333,3,5.846624220083935,1,5.846624220083935,1,5.2
140,5.793013608384144,17,2009,1,1,0,0,0,1,0,0,0,0,5.3007568482896055,7,5.189745229318689,18,5.9275244280615516,5,6.000756848289605,7,4.7
151,3.970291913552122,70,1956,1,0,0,0,0,0,0,0,0,0,6.568514656836932,15,6.47834521208835,91,6.307340221411149,19,6.162528186224869,3,6.9
136,7.9976631270201,14,2012,1,0,1,0,0,0,0,0,0,0,6.051072201743608,2,5.747524428061553,5,5.83440553507694,2,6.067524428061552,5,5.9
97,5.978885764901122,8,2018,1,0,0,0,0,0,0,0,0,0,5.89207876553848,1,6.394874495348429,7,5.89207876553848,1,5.89207876553848,1,5.7
140,6.220590170099739,12,2014,0,0,0,1,0,0,0,0,0,0,5.9193514928112085,1,5.888514656836931,15,6.036050965936664,7,6.0080618872088065,4,6.0
105,8.068402958569699,19,2007,1,1,0,0,0,0,0,0,1,0,6.15958037770137,7,6.128944742530841,101,5.926221497449138,21,5.500514656836932,15,6.1
94,3.091042453358316,7,2019,1,0,0,0,0,0,0,0,0,0,5.90116967462939,1,5.90116967462939,1,5.90116967462939,1,5.90116967462939,1,5.8
99,3.6109179126442243,7,2019,0,0,0,0,0,1,0,0,1,0,6.10116967462939,1,5.976072201743608,2,5.967738868410275,2,6.10116967462939,1,8.0
146,6.75110146893676,32,1994,0,1,0,0,1,1,0,0,0,0,5.278820279170577,13,5.528400721966557,82,6.082054151307705,6,5.615204744351664,4,5.3
144,3.912023005428146,55,1971,1,1,0,0,0,0,0,1,0,0,5.9193514928112085,1,5.826992969522278,9,5.837304297111666,52,5.980514656836932,15,6.0
159,6.54965074223381,21,2005,0,1,0,0,0,1,0,0,0,0,5.080321660523082,30,5.563439497071233,17,4.709255061779273,13,5.785605109301792,3,4.4
133,2.5649493574615367,79,1947,1,0,0,0,0,0,0,0,0,0,6.483168105257534,13,6.139451263147945,3,5.937533310993026,1,5.937533310993026,1,6.2
180,6.368187186350492,18,2008,1,0,0,1,1,0,0,0,0,0,5.7557151291748445,1,5.7557151291748445,1,5.231796183454951,25,6.13870792480587,11,4.2
149,4.844187086458591,42,1984,1,1,0,0,0,0,0,0,0,0,6.090643321046164,10,6.514947961485934,31,5.984405535076941,2,5.736633315780234,4,6.5
145,3.713572066704308,21,2005,1,1,0,0,1,0,0,0,0,0,6.016374340071023,3,5.89207876553848,1,5.89207876553848,1,5.89207876553848,1,5.7
150,4.997212273764115,24,2002,1,0,0,0,1,0,0,0,0,0,5.928442401902117,1,6.137978611715534,43,5.928442401902117,1,5.928442401902117,1,6.1
137,2.4849066497880004,6,2020,0,0,1,1,0,0,0,0,0,0,5.928442401902117,1,5.928442401902117,1,5.692738868410274,2,5.928442401902117,1,6.1
134,10.442609045456965,14,2012,1,0,0,1,0,0,1,0,0,0,6.2010722017436075,2,5.916466653732805,9,6.001072201743607,2,6.082987856447573,1,7.8
133,5.10594547390058,23,2003,1,0,0,0,0,1,0,0,0,1,5.626072201743607,2,5.326992969522278,9,5.601072201743608,2,5.809405535076941,2,4.3
170,4.07753744390572,19,2007,1,1,0,0,1,0,0,0,0,0,5.937533310993026,1,5.937533310993026,1,5.937533310993026,1,5.937533310993026,1,6.2
102,6.159095388491933,8,2018,1,0,0,0,0,0,0,0,0,0,6.093776172923092,4,5.734405535076941,2,5.984405535076941,2,6.0760722017436075,2,7.1
103,5.780743515792329,25,2001,1,0,1,0,0,0,0,0,0,0,6.067738868410274,2,5.910260583720299,1,5.910260583720299,1,6.054191094728219,5,5.9
90,7.99260665240021,6,2020,0,0,0,0,0,1,0,0,1,0,5.80116967462939,1,5.80116967462939,1,5.80116967462939,1,5.80116967462939,1,4.7
144,2.302585092994046,11,2015,1,0,0,0,0,0,1,0,0,0,5.682987856447571,1,5.554835878532561,3,5.682987856447571,1,5.682987856447571,1,3.4
120,7.994294986415977,15,2011,1,0,0,1,0,0,0,0,0,0,5.244554151307706,6,5.430994192214055,13,5.135643321046165,10,5.792078765538481,1,4.6
146,4.174387269895637,41,1985,1,0,1,0,0,0,0,0,0,0,6.641027075653853,22,6.229837873202802,34,5.837304297111666,52,5.782987856447572,1,4.5
114,3.332204510175204,7,2019,1,0,1,0,0,0,0,0,0,0,5.855715129174845,1,5.660857761394886,5,5.593297416994099,3,5.855715129174845,1,5.3
115,5.0689042022202315,13,2013,1,0,0,0,0,0,0,0,0,0,6.286633315780235,4,6.037533310993027,1,6.037533310993027,1,6.037533310993027,1,7.3
139,4.574710978503383,50,1976,1,1,0,0,0,1,0,0,0,0,6.0471435708402534,3,6.249591938691465,81,6.288118693193251,31,5.911468511692314,26,6.5
166,3.828641396489095,38,1988,1,1,0,0,1,0,0,0,0,0,5.665462730642546,7,6.023907835909508,24,5.217024067247869,26,5.917738868410274,2,6.0
135,2.833213344056216,7,2019,1,1,0,0,0,1,0,0,0,0,6.019351492811208,1,6.019351492811208,1,6.019351492811208,1,6.019351492811208,1,7.1
127,6.059123195581797,7,2019,1,1,0,0,0,0,0,0,0,0,6.0760722017436075,2,6.137533310993026,1,5.796514656836931,15,5.9932974169941,3,8.4
150,7.532088143541722,20,2006,1,1,0,0,1,0,0,0,0,0,6.400559409605361,13,6.128944742530841,101,5.711656055020984,34,5.585605109301792,3,5.6
104,2.1972245773362196,9,2017,1,0,0,0,0,0,0,0,0,0,5.819351492811208,1,5.660857761394886,5,5.819351492811208,1,5.784405535076941,2,4.9
142,10.675307271747375,10,2016,1,1,0,0,0,1,0,0,0,0,6.093776172923092,4,6.437236226541811,36,6.0471435708402534,3,5.970220493917177,3,7.0
168,10.355772631288183,20,2006,1,1,1,0,0,0,0,0,0,0,5.675804151307705,6,6.578877771926745,32,6.129702767538471,14,5.61709554736411,20,7.2
136,5.752572638825633,51,1975,1,1,0,0,1,0,0,0,0,0,6.341933318877841,7,6.471632800332116,53,6.724115867164841,32,6.367143200774937,17,6.9
137,2.1972245773362196,61,1965,0,0,0,0,0,1,0,0,1,0,5.928442401902117,1,6.017738868410274,2,6.290150864259121,9,6.031758955455638,3,6.1
131,2.70805020110221,43,1983,0,1,0,0,0,1,0,0,0,0,5.787524428061553,5,5.3923579264167305,93,5.8460393827692405,12,6.14603938276924,12,4.5
147,4.859812404361672,30,1996,1,1,0,0,1,0,0,0,0,0,5.080321660523082,30,5.601072201743608,2,5.5080618872088065,4,5.80116967462939,1,4.7
129,5.1647859739235145,21,2005,1,0,0,0,0,1,0,0,0,0,5.307054151307705,6,5.75483587853256,3,5.911203495838068,9,5.746624220083936,1,4.1
126,2.70805020110221,49,1977,1,1,0,0,0,0,0,0,0,0,5.808061887208806,4,6.249591938691465,81,5.837304297111666,52,5.785605109301792,3,5.1
170,4.61512051684126,59,1967,0,1,0,0,1,1,0,0,0,0,5.968316657890118,18,5.4725802696012575,88,6.048045601101225,9,5.788613718262449,24,6.2
139,3.6375861597263857,37,1989,1,0,0,0,0,0,0,0,0,0,5.592738868410275,2,6.249591938691465,81,5.383762214030777,20,5.612521554171957,7,4.3
148,2.302585092994046,69,1957,1,0,0,0,0,0,1,0,0,0,6.4101364962344425,11,5.918403907113135,7,6.500584837314696,12,6.228492578940183,8,8.0
167,9.385889044482708,18,2008,1,0,1,0,0,0,0,0,0,0,6.052733322648839,13,5.90627035671796,8,5.738304151307705,6,5.839451263147946,3,6.9
119,4.787491742782046,7,2019,1,0,1,0,0,0,0,0,0,0,5.792078765538481,1,5.759405535076941,2,5.792078765538481,1,5.792078765538481,1,4.6
68,2.5649493574615367,93,1933,1,0,1,0,0,0,0,0,0,0,5.937533310993026,1,6.034191094728219,5,5.937533310993026,1,5.937533310993026,1,6.2
113,2.70805020110221,83,1943,1,0,0,0,0,0,0,0,0,0,6.483168105257534,13,6.092738868410275,2,6.134405535076941,2,6.12406664776333,3,6.6
98,6.07073772800249,14,2012,0,0,1,1,0,0,0,0,0,0,6.372937023384627,8,5.585605109301792,3,5.972347601494521,4,6.283109789466075,7,5.7
134,4.356708826689592,5,2021,1,0,0,0,0,0,0,0,0,0,5.864806038265754,1,5.877912801609484,3,5.864806038265754,1,5.839451263147946,3,5.4
145,2.995732273553991,63,1963,1,1,0,0,0,0,0,0,0,1,6.061825912273516,8,6.108869434205137,14,6.354935346088585,23,5.984405535076941,2,6.2
97,3.332204510175204,10,2016,1,0,0,0,1,1,0,0,0,0,5.873896947356664,1,6.111825912273516,8,5.873896947356664,1,6.100857761394886,5,5.5
140,8.54461378699223,14,2012,1,0,0,1,0,0,1,0,0,0,5.955715129174845,1,5.325643321046165,10,6.1284925789401825,8,5.955715129174845,1,6.4
128,3.367295829986474,72,1954,1,0,0,0,0,0,1,0,0,0,6.286633315780235,4,6.603274868014205,55,5.83440553507694,2,5.90116967462939,1,5.8
123,6.470799503782602,10,2016,0,0,0,0,1,0,0,0,1,0,5.809405535076941,2,5.912521554171958,7,5.80116967462939,1,5.80116967462939,1,4.7
122,7.81237820598861,22,2004,1,1,0,0,1,0,0,0,0,0,5.793297416994099,3,5.521729811627541,9,5.415643321046164,10,5.885605109301792,3,5.5
136,3.7376696182833684,45,1981,0,1,0,1,0,0,0,1,0,0,5.784405535076941,2,6.491721282179798,73,5.948045601101225,9,6.1741910947282195,5,6.1
140,7.247080584585756,20,2006,0,1,0,0,1,0,0,0,0,0,5.801072201743608,2,5.6738969473566625,1,5.316563957322251,27,5.265204744351664,4,3.3
151,5.497168225293202,24,2002,1,0,1,0,0,0,0,0,0,0,6.044554151307706,6,5.765462730642547,7,5.448045601101226,9,5.679624548469646,9,5.5
133,3.1780538303479458,43,1983,1,0,0,1,0,0,0,0,0,0,6.030168612995488,7,5.926072201743608,2,5.90116967462939,1,6.042738868410274,2,5.8
145,4.143134726391533,21,2005,1,0,0,0,0,0,0,0,0,0,5.900804151307705,6,5.600989724686406,3,5.687524428061552,5,5.659405535076941,2,5.1
117,8.123261319121745,14,2012,0,0,0,1,0,0,0,0,0,0,6.320857761394886,5,6.15091903006595,4,6.037533310993027,1,6.286633315780235,4,7.3
80,2.302585092994046,7,2019,1,0,0,0,0,0,0,0,0,0,6.00116967462939,1,6.009405535076941,2,6.00116967462939,1,6.00116967462939,1,6.9
102,8.736489351001554,12,2014,1,0,0,1,0,0,0,0,0,1,6.031758955455638,3,6.006270356717961,8,5.35958037770137,7,6.400402075653853,22,5.7
101,7.641084249174914,18,2008,1,0,0,0,0,1,0,0,0,0,6.159405535076941,2,6.0466242200839355,1,6.272347601494521,4,5.8677388684102745,2,7.4
158,6.9865664594064265,9,2017,1,0,0,1,0,0,0,0,0,0,5.773896947356662,1,5.773896947356662,1,5.773896947356662,1,5.773896947356662,1,4.4
104,8.661120360222881,30,1996,1,0,1,0,0,0,0,0,0,0,6.220857761394885,5,6.6328884004548545,36,6.15958037770137,7,6.028442401902117,1,7.2
87,6.530877627725885,13,2013,0,0,0,0,0,0,0,0,0,0,6.073896947356662,1,6.073896947356662,1,6.073896947356662,1,6.073896947356662,1,7.7
84,3.295836866004329,5,2021,1,0,0,0,0,0,0,0,0,0,5.992078765538481,1,5.992078765538481,1,5.992078765538481,1,5.992078765538481,1,6.8
87,5.568344503761097,16,2010,0,0,0,0,0,0,0,0,0,0,5.773896947356662,1,5.871345083583723,7,5.773896947356662,1,5.592738868410275,2,4.4
100,4.564348191467836,13,2013,1,0,0,0,0,0,1,0,0,0,5.937533310993026,1,5.792738868410274,2,5.937533310993026,1,5.937533310993026,1,6.2
88,4.276666119016055,11,2015,1,0,0,0,0,0,0,0,0,0,6.010260583720299,1,6.010260583720299,1,6.010260583720299,1,6.010260583720299,1,7.0
165,3.871201010907891,35,1991,0,0,1,0,0,0,0,0,0,0,5.810260583720299,1,5.480857761394886,5,5.340428880697443,20,5.670220493917176,3,4.8
150,7.01301578963963,36,1990,1,1,0,0,0,0,0,0,0,0,5.5958507819487275,11,6.603274868014205,55,6.236050965936664,7,5.759405535076941,2,5.3
131,8.417814747435958,10,2016,1,0,1,0,0,0,0,0,0,0,6.087524428061553,5,5.954191094728219,5,5.811173800747261,18,5.884514656836932,15,5.4
170,8.267448958304849,26,2000,1,1,0,0,1,0,0,0,0,0,5.777912801609484,3,5.784048134495738,8,5.185672541791862,24,5.928442401902117,1,6.1
97,2.4849066497880004,12,2014,1,0,0,0,0,0,0,0,0,0,4.923312110041968,12,5.9193514928112085,1,5.6856433210461645,10,5.9193514928112085,1,6.0
105,4.430816798843313,9,2017,0,0,0,0,1,1,0,0,1,0,5.8375333109930265,1,5.8375333109930265,1,5.8375333109930265,1,5.8375333109930265,1,5.1
116,5.886104031450156,5,2021,0,1,0,0,0,1,0,0,0,0,6.1284424019021175,1,6.1284424019021175,1,6.1284424019021175,1,6.1284424019021175,1,8.3
84,2.6390573296152584,10,2016,1,0,0,0,0,0,0,0,0,0,5.9193514928112085,1,5.9193514928112085,1,5.9193514928112085,1,5.9193514928112085,1,6.0
106,5.902633333401366,19,2007,1,0,0,0,0,0,0,0,0,0,5.946624220083936,1,5.946624220083936,1,5.946624220083936,1,5.946624220083936,1,6.3
144,7.553286605600419,19,2007,0,1,0,1,1,0,0,0,0,0,5.272347601494521,4,5.219562361627795,52,5.5941910947282185,5,5.408061887208807,4,3.4
148,4.060443010546419,73,1953,1,0,0,1,1,0,0,0,0,0,6.016374340071023,3,6.759304267203161,29,6.307340221411149,19,6.055715129174845,1,7.5
115,5.662960480135946,6,2020,0,0,0,0,1,1,0,0,0,0,5.828442401902118,1,6.008682032378715,3,5.651072201743607,2,5.917738868410274,2,5.0
164,6.715383386334681,23,2003,1,1,0,0,1,0,0,0,0,0,5.080321660523082,30,5.305643321046165,10,5.081565067663014,11,5.575804151307706,6,5.3
137,8.895903562215581,15,2011,1,1,0,0,1,0,0,0,0,0,6.394191094728218,5,6.131652075653853,22,6.000857761394886,5,5.884405535076941,2,6.5
127,8.526945482858915,10,2016,0,1,0,0,0,1,0,0,0,1,6.080857761394886,5,6.131652075653853,22,5.64603938276924,12,6.059405535076941,2,6.2
69,1.9459101490553132,13,2013,0,0,0,0,0,0,1,0,0,0,6.192078765538482,1,7.100201037826927,54,7.047450176569067,83,6.927791280160949,120,9.0
86,3.1780538303479458,19,2007,0,0,0,1,0,0,0,0,0,0,6.085605109301792,3,5.780643321046165,10,5.955715129174845,1,5.955715129174845,1,6.4
160,4.060443010546419,67,1959,1,0,0,0,0,0,0,0,0,0,6.270124626996664,13,6.618278626177521,29,6.090643321046164,10,5.8910888771868235,11,7.5
134,2.995732273553991,11,2015,0,1,0,0,0,1,0,0,1,0,5.792078765538481,1,5.322347601494521,4,5.792078765538481,1,5.792078765538481,1,4.6
112,3.970291913552122,14,2012,0,0,0,1,0,0,0,0,0,0,5.601072201743608,2,5.80116967462939,1,5.796514656836931,15,5.811203495838067,9,4.7
145,6.317164686747284,17,2009,1,0,0,0,1,0,0,0,1,0,5.307054151307705,6,5.563439497071233,17,5.5565146568369315,15,5.809405535076941,2,5.2
109,6.519147287940395,7,2019,1,0,0,1,0,0,0,0,0,0,5.8866333157802355,4,5.430994192214055,13,5.907524428061553,5,5.764806038265753,1,4.3
120,7.879669914604289,10,2016,0,0,0,1,0,0,0,0,0,0,5.544554151307706,6,6.212033323881665,16,6.036633315780235,4,5.851072201743608,2,4.9
129,2.995732273553991,10,2016,0,1,0,0,0,1,0,0,0,0,5.819351492811208,1,5.776072201743607,2,5.740857761394887,5,5.819351492811208,1,4.9
85,3.8918202981106265,8,2018,0,0,0,1,0,0,0,0,0,0,5.808682032378714,3,5.992078765538481,1,5.992078765538481,1,5.992078765538481,1,6.8
152,6.833031732786201,46,1980,1,1,0,0,1,0,0,0,0,0,6.321888086461547,18,6.128944742530841,101,5.819266660024954,27,6.2266463661271,13,6.6
145,9.5569750810205,18,2008,1,0,1,1,0,0,0,0,0,0,5.759405535076941,2,5.427417939266281,16,5.732403019132877,12,5.558869434205136,14,6.5
109,5.2574953720277815,19,2007,1,0,0,0,0,0,0,0,0,0,6.08440553507694,2,6.151072201743607,2,6.019351492811208,1,6.019351492811208,1,7.1
90,4.276666119016055,17,2009,1,0,0,1,1,0,0,0,0,0,5.628442401902117,1,5.628442401902117,1,6.1284925789401825,8,5.017381467829072,8,2.8
114,6.664409020350408,8,2018,1,0,0,1,0,0,0,0,0,0,5.734405535076941,2,4.990967175706513,55,5.846624220083935,1,5.779490458637378,4,5.2
100,5.049856007249537,10,2016,1,0,0,1,0,0,0,0,0,0,5.864806038265754,1,5.864806038265754,1,5.864806038265754,1,5.864806038265754,1,5.4
134,6.9167150203536085,12,2014,1,0,0,0,0,1,0,0,0,0,5.647143570840253,3,5.593762214030777,20,5.80116967462939,1,5.517738868410274,2,4.7
139,9.283869605264298,13,2013,1,0,1,1,0,0,0,0,0,0,6.042738868410274,2,5.432054151307706,6,6.00116967462939,1,5.8866333157802355,4,6.9
74,1.9459101490553132,6,2020,0,0,0,1,0,0,1,0,0,0,6.1284424019021175,1,6.1284424019021175,1,6.1177388684102745,2,6.1284424019021175,1,8.3
141,8.495152060539358,9,2017,0,0,0,1,0,0,0,0,0,0,6.042738868410274,2,5.432054151307706,6,5.8260722017436075,2,5.8866333157802355,4,6.5
169,6.1675164908883415,66,1960,1,0,1,0,0,0,0,1,0,0,5.978492578940183,8,6.229184115282061,11,6.463304151307705,6,6.400643321046165,10,7.2
138,4.290459441148391,21,2005,0,0,0,0,0,1,0,0,0,0,5.655715129174845,1,5.655715129174845,1,5.539451263147945,3,5.655715129174845,1,3.1
180,4.584967478670572,14,2012,1,0,0,0,0,0,0,0,0,0,5.901072201743607,2,5.985605109301791,3,5.8866333157802355,4,5.911468511692314,26,6.2
104,3.871201010907891,9,2017,1,0,0,0,0,0,0,0,0,0,6.1284424019021175,1,6.1284424019021175,1,6.1284424019021175,1,6.1284424019021175,1,8.3
148,2.8903717578961645,53,1973,1,0,0,0,0,0,1,0,0,0,6.039451263147945,3,5.570966659438921,24,6.6445146568369315,15,5.895643321046164,10,6.0
169,3.9318256327243257,60,1966,1,0,1,0,1,0,0,0,0,0,5.967738868410275,2,5.90116967462939,1,6.24603938276924,12,6.200857761394886,5,5.8
128,10.052338499268483,11,2015,0,1,0,1,1,0,0,0,0,0,6.016374340071023,3,5.528400721966557,82,5.9927388684102745,2,5.8043410161893565,16,7.1
111,2.302585092994046,19,2007,0,1,0,0,0,0,0,0,0,0,5.412902075653853,22,5.4548358785325615,3,5.810260583720299,1,5.562528186224868,3,4.8
170,9.236495329453033,25,2001,1,1,1,0,0,0,0,0,0,0,5.8092550617792735,13,5.219562361627795,52,4.709255061779273,13,5.9531351783589805,26,7.2
152,4.574710978503383,31,1995,1,1,1,0,0,0,0,0,0,0,5.616374340071022,3,4.91827862617752,29,5.484405535076941,2,5.648045601101225,9,4.6
127,6.12029741895095,20,2006,1,0,0,0,0,0,0,0,0,0,6.028442401902117,1,6.1294904586373775,4,6.028442401902117,1,6.028442401902117,1,7.2
148,5.278114659230517,27,1999,1,1,0,0,0,0,0,0,0,0,5.333946020043966,11,5.396410830261542,70,5.371391221603244,28,5.782602372175831,18,3.7
152,4.51085950651685,37,1989,1,1,0,1,0,0,0,0,0,0,5.8808577613948865,5,5.916466653732805,9,5.383762214030777,20,5.700919030065949,4,5.3
122,6.588926477533519,26,2000,1,0,0,0,0,0,0,0,0,0,5.828442401902118,1,5.884887706364384,9,6.288118693193251,31,6.400402075653853,22,5.0
145,4.356708826689592,22,2004,0,1,0,0,0,0,0,0,0,0,5.750714801162405,8,5.692078765538481,1,5.751072201743607,2,5.692078765538481,1,3.5
109,6.391917113392602,14,2012,1,0,0,1,0,0,1,0,0,0,5.651072201743607,2,5.873312110041968,12,5.5702204939171756,3,5.5320541513077055,6,5.1
120,4.672828834461906,17,2009,0,0,0,1,0,0,0,0,0,0,6.037533310993027,1,6.037533310993027,1,6.037533310993027,1,6.017738868410274,2,7.3
119,5.204006687076795,48,1978,1,0,0,0,0,0,0,0,0,0,5.977912801609484,3,6.290643321046164,10,6.184777075653853,22,6.192738868410274,2,7.1
165,4.143134726391533,22,2004,0,1,0,1,1,0,0,0,0,0,5.782987856447572,1,5.692738868410274,2,5.850804151307706,6,5.782987856447572,1,4.5
154,5.0106352940962555,55,1971,0,0,1,0,1,1,0,0,0,0,6.154835878532561,3,6.603274868014205,55,6.139451263147945,3,5.9510722017436075,2,6.5
169,5.877735781779639,31,1995,0,1,0,1,1,0,0,0,0,0,5.554835878532561,3,4.990967175706513,55,5.375536100871805,14,5.190643321046164,10,5.0
131,3.9889840465642745,33,1993,1,1,0,0,1,0,0,0,0,0,5.747143570840253,3,6.137978611715534,43,5.5562703567179605,8,5.450919030065949,4,5.1
135,7.685243607975833,15,2011,1,1,0,0,1,0,0,0,0,0,6.080857761394886,5,5.427417939266281,16,5.738304151307705,6,5.565784695424972,51,5.2
146,3.258096538021482,19,2007,1,1,0,0,1,0,0,0,0,0,5.554835878532561,3,5.579490458637379,4,5.855715129174845,1,5.884405535076941,2,5.3
148,2.1972245773362196,9,2017,1,0,0,0,0,0,0,0,0,0,5.964806038265754,1,5.39015086425912,9,5.82406664776333,3,6.113304151307705,6,6.5
140,4.499809670330265,9,2017,0,0,0,0,0,1,0,0,0,0,6.019351492811208,1,6.019351492811208,1,6.019351492811208,1,6.172937023384628,8,7.1
107,2.1972245773362196,8,2018,1,0,0,0,0,0,0,0,0,0,5.90116967462939,1,5.90116967462939,1,5.90116967462939,1,5.90116967462939,1,5.8
191,12.301923588186817,44,1982,1,0,0,0,0,0,0,0,0,0,6.10116967462939,1,6.10116967462939,1,6.10116967462939,1,6.243776172923092,4,8.0
108,5.337538079701318,15,2011,1,0,0,0,0,0,0,0,0,0,5.509405535076941,2,5.60116967462939,1,5.9675244280615525,5,5.248045601101226,9,2.5
136,7.374629015218945,19,2007,1,0,0,0,0,0,0,0,0,0,6.042738868410274,2,5.873312110041968,12,6.051072201743608,2,6.154835878532561,3,7.3
128,4.04305126783455,10,2016,1,0,0,0,0,0,0,0,0,0,5.859405535076941,2,5.859405535076941,2,5.95958037770137,7,5.7427388684102745,2,4.6
97,3.4011973816621555,10,2016,1,0,0,0,0,0,0,0,0,0,6.064806038265754,1,6.064806038265754,1,6.064806038265754,1,6.064806038265754,1,7.6
137,6.60934924316738,40,1986,0,0,1,1,0,0,1,0,0,0,6.064806038265754,1,6.3008577613948855,5,6.064806038265754,1,6.064806038265754,1,7.6
185,1.9459101490553132,18,2008,1,0,0,0,0,0,0,0,0,0,6.10116967462939,1,7.100201037826927,54,7.047450176569067,83,6.927791280160949,120,8.0
152,5.420534999272286,26,2000,1,1,0,0,1,0,0,0,0,0,5.928442401902117,1,5.333601383769235,38,6.324514656836932,15,5.934405535076941,2,6.1
128,5.932245187448011,12,2014,0,0,0,1,0,0,0,0,0,0,5.388036100871804,14,5.325643321046165,10,5.900584837314695,12,5.911468511692314,26,3.6
112,1.9459101490553132,10,2016,1,0,0,0,0,0,0,0,0,0,5.846624220083935,1,6.017738868410274,2,5.846624220083935,1,5.842738868410275,2,5.2
102,4.189654742026425,20,2006,1,1,0,0,0,0,0,0,0,0,5.80116967462939,1,6.128944742530841,101,6.244872614659345,46,5.57419109472822,5,4.7
157,2.8903717578961645,46,1980,1,0,0,0,0,0,0,0,0,0,5.8152047443516635,4,6.229837873202802,34,6.594801845025647,26,5.782602372175831,18,6.4
142,4.990432586778736,48,1978,1,1,0,0,0,0,0,0,0,0,5.816374340071023,3,6.128944742530841,101,5.837304297111666,52,5.720514656836932,15,5.4
145,2.0794415416798357,43,1983,1,0,0,0,0,0,0,0,0,0,5.750919030065949,4,5.661825912273516,8,5.63870792480587,11,5.900378424144803,24,5.7
187,6.366470447731438,38,1988,1,1,1,0,0,0,0,0,0,0,6.310788497273217,19,6.128944742530841,101,5.576869498317517,37,5.648385496561882,13,4.6
157,9.69109846411978,23,2003,1,1,0,0,1,0,0,0,0,0,6.335342018301013,13,5.396410830261542,70,5.52406664776333,3,5.505940337943332,9,7.8
110,5.6937321388027,13,2013,1,0,0,0,0,0,1,0,0,0,6.037533310993027,1,6.037533310993027,1,5.972347601494521,4,6.247524428061553,5,7.3
123,8.638702608813434,20,2006,1,1,0,0,1,0,0,0,0,0,6.090643321046164,10,5.936948473678331,12,6.193297416994099,3,5.787524428061553,5,7.1
126,3.295836866004329,42,1984,1,1,0,0,0,0,0,0,0,0,5.855715129174845,1,6.032731365321274,24,6.288118693193251,31,5.826992969522278,9,5.3
124,4.672828834461906,8,2018,1,0,0,0,0,0,0,0,0,0,5.855715129174845,1,5.901072201743607,2,5.9510722017436075,2,5.777912801609484,3,5.3
127,3.4339872044851463,54,1972,1,0,1,0,0,0,1,0,0,0,5.884048134495738,8,6.306652075653853,22,5.837304297111666,52,6.100536100871803,14,6.8
102,3.4339872044851463,21,2005,1,0,0,0,0,0,0,0,0,0,5.412902075653853,22,5.643469829567775,11,5.782987856447572,1,5.782987856447572,1,4.5
129,2.772588722239781,71,1955,1,0,0,0,0,0,0,0,0,0,6.272347601494521,4,6.194191094728219,5,6.037533310993027,1,6.139451263147945,3,7.3
142,2.5649493574615367,22,2004,0,0,0,0,0,1,0,0,0,0,5.784405535076941,2,5.9193514928112085,1,5.9193514928112085,1,6.927791280160949,120,6.0
129,4.23410650459726,54,1972,0,1,0,1,0,0,0,1,0,0,5.908682032378715,3,5.9548358785325615,3,6.184887706364384,9,6.148514656836932,15,5.8
146,9.577203242302405,21,2005,0,0,0,1,0,0,0,0,0,0,6.1977658056647,29,5.528400721966557,82,5.732403019132877,12,5.570321660523082,30,6.7
105,6.85751406254539,8,2018,1,0,0,0,0,1,0,0,0,0,5.751072201743607,2,5.682987856447571,1,5.682987856447571,1,5.682987856447571,1,3.4
153,6.694562058521095,33,1993,1,1,0,0,1,0,0,0,0,0,6.1977658056647,29,5.333601383769235,38,6.082054151307705,6,5.990643321046164,10,7.4
146,6.536691597591305,52,1974,1,0,0,0,0,0,0,0,0,0,6.1856051093017905,3,6.60055940960536,13,6.2010722017436075,2,6.192738868410274,2,8.1
90,5.988961416889864,15,2011,1,0,0,0,0,0,0,0,0,0,6.08440553507694,2,6.037533310993027,1,6.037533310993027,1,6.037533310993027,1,7.3
125,4.174387269895637,12,2014,0,0,0,0,1,0,0,0,0,0,6.010260583720299,1,6.010260583720299,1,6.010260583720299,1,6.010260583720299,1,7.0
152,3.713572066704308,58,1968,1,0,0,0,0,0,1,0,0,0,6.421369434205137,14,6.229837873202802,34,6.471382787771719,21,6.311203495838067,9,6.5
98,4.700480365792417,19,2007,1,0,0,0,0,1,0,0,0,0,5.692078765538481,1,5.692078765538481,1,5.640643321046165,10,5.6570541513077055,6,3.5
124,4.454347296253507,10,2016,0,0,0,0,0,0,1,0,0,0,6.173896947356663,1,6.126072201743607,2,6.173896947356663,1,6.20940553507694,2,8.8
131,4.07753744390572,47,1979,1,1,0,0,1,0,0,0,0,0,6.089745229318689,18,6.249591938691465,81,5.819266660024954,27,6.100584837314695,12,6.0
119,2.4849066497880004,24,2002,0,1,0,0,0,0,0,0,0,0,5.634405535076941,2,5.178820279170577,13,5.576869498317517,37,5.357054151307706,6,2.7
111,3.6109179126442243,37,1989,0,0,0,0,0,0,0,0,1,0,5.707524428061553,5,5.9815650676630145,11,5.8829878564475715,1,6.026072201743607,2,5.6
138,6.661854740545311,22,2004,1,0,0,0,0,1,0,0,0,0,5.79419109472822,5,4.900514656836932,15,5.470220493917177,3,6.200612686710633,11,4.2
151,4.04305126783455,34,1992,1,0,0,0,0,0,0,0,0,0,5.325536100871804,14,5.6366333157802355,4,5.806639201230782,7,5.6301686129954875,7,5.9
130,4.6913478822291435,51,1975,1,0,0,1,0,0,1,0,0,0,6.030168612995488,7,6.320857761394886,5,6.093776172923092,4,5.713304151307705,6,6.9
150,3.828641396489095,33,1993,1,0,0,0,0,0,0,0,0,0,6.466201509566438,34,5.4725802696012575,88,5.837304297111666,52,6.050919030065949,4,6.0
135,5.003946305945459,46,1980,1,0,0,0,0,0,0,0,0,0,5.992078765538481,1,5.992078765538481,1,6.077912801609484,3,6.322347601494521,4,6.8
147,4.852030263919617,53,1973,0,1,0,0,1,1,0,0,0,0,6.169554151307706,6,5.4725802696012575,88,6.244872614659345,46,6.367143200774937,17,5.4
150,6.814542897259958,24,2002,0,1,0,1,1,0,0,0,0,0,6.026072201743607,2,6.031758955455638,3,5.967738868410275,2,5.928442401902117,1,6.1
105,4.736198448394496,40,1986,1,0,0,0,0,0,0,0,0,0,6.532256127417016,9,6.6328884004548545,36,6.387511820029784,21,6.008690733914536,26,6.7
165,7.508787170634276,8,2018,0,1,0,0,0,1,0,0,0,0,5.8092550617792735,13,5.855715129174845,1,5.855715129174845,1,5.795201703100598,29,5.3
139,3.7612001156935624,37,1989,0,0,0,1,1,0,0,1,0,0,5.819351492811208,1,4.990967175706513,55,5.593297416994099,3,5.5700868612400996,23,4.9
167,6.077642243349034,41,1985,1,1,0,0,0,0,0,0,0,0,5.8808577613948865,5,6.514947961485934,31,5.94664870849705,16,6.087524428061553,5,6.1
186,10.961364648472154,18,2008,1,1,0,0,0,0,0,0,1,0,6.115204744351664,4,6.578877771926745,32,5.608061887208806,4,6.037533310993027,1,7.3
137,8.47595444339964,13,2013,0,0,0,1,1,1,0,0,0,0,6.114191094728219,5,5.543224754883523,25,6.022937023384626,8,5.920857761394886,5,5.8
121,5.262690188904886,48,1978,1,0,1,0,0,0,0,0,0,0,6.010260583720299,1,6.010260583720299,1,6.175643321046165,10,6.121888086461546,18,7.0
139,2.833213344056216,63,1963,1,0,0,1,0,0,0,0,0,0,6.117381467829072,8,6.0565146568369315,15,5.90116967462939,1,5.934405535076941,2,5.8
130,2.3978952727983707,28,1998,1,1,0,0,1,0,0,0,0,0,5.567738868410274,2,5.773896947356662,1,5.773896947356662,1,6.063835074785437,9,4.4
153,3.7612001156935624,41,1985,1,0,0,0,0,0,0,0,0,0,5.787515931344491,13,5.9927388684102745,2,6.062528186224868,3,5.964221200951059,12,7.1
156,4.330733340286331,42,1984,1,0,0,0,0,0,0,0,0,0,5.619152075653853,22,6.249591938691465,81,6.1718880864615455,18,5.795201703100598,29,5.5
155,5.337538079701318,38,1988,1,0,0,1,0,0,0,0,0,0,5.787515931344491,13,4.990967175706513,55,5.532256127417016,9,5.61709554736411,20,4.9
120,4.219507705176107,56,1970,1,0,0,0,0,0,1,0,0,0,6.291088877186824,11,6.60055940960536,13,6.4729370233846275,8,5.977912801609484,3,7.6
142,4.875197323201151,22,2004,1,0,0,0,0,0,1,0,0,0,5.737533310993026,1,5.737533310993026,1,5.722347601494521,4,5.737533310993026,1,4.0
155,5.8888779583328805,36,1990,1,0,0,0,0,0,0,0,0,0,5.787515931344491,13,5.644648673347989,53,5.7380361008718035,14,5.964221200951059,12,6.0
148,3.258096538021482,34,1992,0,0,0,1,0,0,1,0,0,0,5.9932974169941,3,5.638304151307706,6,5.63870792480587,11,5.795201703100598,29,5.8
158,4.189654742026425,37,1989,1,0,0,0,0,0,0,0,0,0,5.2951592456068495,8,6.491721282179798,73,5.642782443206489,9,5.350714801162405,8,5.9
157,2.6390573296152584,59,1967,1,0,0,0,0,0,0,0,0,0,5.95940553507694,2,6.450714801162405,8,6.205643321046165,10,5.4861738007472605,18,6.6
94,2.4849066497880004,39,1987,1,0,0,0,0,0,1,0,0,0,5.787515931344491,13,5.82406664776333,3,6.10055940960536,13,5.7580618872088065,4,6.6
136,3.2188758248682006,78,1948,1,0,0,0,0,0,1,0,0,0,5.89207876553848,1,5.967738868410275,2,5.95940553507694,2,6.100989724686406,3,5.7
136,3.784189633918261,38,1988,1,1,0,0,0,0,1,0,0,0,5.80116967462939,1,5.917738868410274,2,5.80116967462939,1,5.400536100871804,14,4.7
72,3.784189633918261,5,2021,1,0,0,0,0,0,0,0,0,0,6.064806038265754,1,6.064806038265754,1,6.064806038265754,1,6.927791280160949,120,7.6
154,3.9889840465642745,65,1961,1,0,0,1,0,0,1,0,0,0,6.288992142407252,7,6.306652075653853,22,6.390643321046165,10,6.288304151307706,6,7.1
141,5.2832037287379885,49,1977,1,0,1,0,0,0,0,0,0,0,6.00116967462939,1,6.561428974822752,13,6.028492578940183,8,6.0760722017436075,2,6.9
138,6.46302945692067,28,1998,0,0,0,1,0,0,0,0,0,0,5.361036596488693,41,5.644648673347989,53,5.371391221603244,28,5.582054151307705,6,4.6
108,4.276666119016055,50,1976,0,0,0,0,0,0,0,0,0,0,6.059405535076941,2,5.982987856447571,1,5.982987856447571,1,5.982987856447571,1,6.7
68,2.302585092994046,9,2017,0,0,0,0,0,0,0,0,0,0,6.082987856447573,1,7.100201037826927,54,7.047450176569067,83,6.927791280160949,120,7.8
158,8.109826276018477,30,1996,1,1,0,0,0,0,0,0,0,0,6.400559409605361,13,5.219562361627795,52,5.7380361008718035,14,5.900378424144803,24,7.4
91,4.02535169073515,18,2008,0,0,0,0,0,0,1,0,0,0,6.108061887208806,4,6.059405535076941,2,6.00116967462939,1,6.00116967462939,1,6.9
163,8.32239411311117,36,1990,1,1,0,0,1,0,0,0,0,0,6.400559409605361,13,5.219562361627795,52,6.082054151307705,6,5.74603938276924,12,7.6
127,8.509362612301048,10,2016,1,1,0,0,1,0,0,0,0,0,5.793297416994099,3,5.219562361627795,52,5.995159245606849,8,6.008690733914536,26,6.3
162,4.927253685157205,44,1982,1,1,0,1,0,0,0,0,0,0,6.0471435708402534,3,5.992078765538481,1,6.208601383769235,38,5.9317589554556385,3,6.8
144,3.332204510175204,34,1992,0,0,1,1,0,0,0,0,0,0,5.776072201743607,2,5.847524428061552,5,5.901072201743607,2,6.332403019132877,12,5.4
105,3.871201010907891,7,2019,0,0,1,0,0,0,0,0,0,0,6.228442401902117,1,6.228442401902117,1,6.228442401902117,1,6.228442401902117,1,9.4
108,7.904334842085095,6,2020,0,0,0,1,0,0,0,0,0,0,5.873896947356664,1,6.212033323881665,16,5.873896947356664,1,5.925804151307705,6,5.5
120,3.332204510175204,29,1997,1,1,0,1,0,0,0,0,0,0,5.864806038265754,1,5.792738868410274,2,5.467381467829071,8,5.383109789466076,7,5.4
118,5.420534999272286,14,2012,0,0,0,0,0,0,0,0,0,0,5.582987856447572,1,5.550919030065949,4,5.582987856447572,1,5.582987856447572,1,2.3
130,7.161622002939187,7,2019,0,0,0,0,0,1,0,0,0,0,5.080321660523082,30,5.828442401902118,1,5.828442401902118,1,5.717738868410275,2,5.0
144,8.438366410870266,6,2020,0,0,0,0,0,1,0,0,0,0,6.2772274365249,7,5.885605109301792,3,5.885605109301792,3,5.885605109301792,3,4.3
162,9.30546871706776,28,1998,1,1,0,0,1,0,0,0,0,0,5.080321660523082,30,6.578877771926745,32,5.966027075653853,22,6.177227436524899,7,7.3
123,2.1972245773362196,53,1973,1,0,0,0,0,0,1,0,0,0,5.862528186224869,3,5.570966659438921,24,6.215204744351664,4,6.100584837314695,12,6.2
124,1.791759469228055,70,1956,1,0,0,0,0,0,0,0,0,0,5.869554151307705,6,5.973896947356663,1,5.9927388684102745,2,6.036633315780235,4,6.6
162,7.02197642307216,29,1997,1,1,0,0,1,0,0,0,0,0,5.325536100871804,14,6.182602372175832,18,5.371391221603244,28,5.570321660523082,30,6.6
199,6.163314804034641,41,1985,1,1,0,0,0,0,0,0,0,0,6.071345083583723,7,5.921342085059831,89,5.576869498317517,37,6.400402075653853,22,7.2
138,3.5553480614894135,45,1981,0,0,0,0,0,1,0,0,1,0,5.593762214030777,20,5.8264024600341955,17,5.946624220083936,1,6.121888086461546,18,6.3
126,3.9512437185814275,19,2007,0,0,0,0,0,0,0,0,0,0,5.593762214030777,20,5.819351492811208,1,5.684405535076941,2,5.934405535076941,2,4.9
103,4.174387269895637,42,1984,1,0,0,0,0,0,0,0,0,0,5.992078765538481,1,6.272514656836932,15,6.184777075653853,22,6.169098232680173,9,6.8
125,8.261784679514752,6,2020,1,0,1,1,0,0,0,0,0,0,5.89207876553848,1,5.89207876553848,1,5.9548358785325615,3,5.926072201743608,2,5.7
95,6.673297967767654,13,2013,1,0,0,1,0,0,0,0,0,0,5.8829878564475715,1,5.8829878564475715,1,5.8829878564475715,1,5.8829878564475715,1,5.6
126,5.84354441703136,22,2004,1,0,0,0,0,0,0,0,0,0,5.37234760149452,4,5.62406664776333,3,5.531758955455638,3,5.329490458637379,4,3.2
123,3.1780538303479458,26,2000,0,0,0,0,1,0,0,0,0,0,5.564806038265754,1,5.393776172923092,4,5.564806038265754,1,5.564806038265754,1,2.1
120,5.220355825078324,10,2016,0,0,0,0,0,1,0,0,0,0,5.708682032378714,3,5.850804151307706,6,5.842738868410275,2,5.672347601494521,4,5.6
110,4.976733742420574,19,2007,1,0,1,0,1,0,0,0,0,0,5.526072201743607,2,5.619351492811209,1,5.277912801609484,3,5.680857761394886,5,2.7
111,9.387900611668426,13,2013,0,1,0,1,0,0,0,0,0,1,6.127524428061552,5,6.127524428061552,5,5.926221497449138,21,5.982987856447571,1,6.7
145,4.343805421853684,58,1968,0,0,0,0,1,1,0,0,0,0,6.267738868410274,2,6.110260583720299,1,6.110260583720299,1,6.039451263147945,3,8.1
90,3.8501476017100584,7,2019,0,0,0,0,0,0,0,0,0,0,6.219351492811208,1,6.219351492811208,1,6.219351492811208,1,6.219351492811208,1,9.3
152,8.293799608846818,18,2008,1,0,0,1,0,0,0,0,0,0,5.651072201743607,2,6.128944742530841,101,5.44664870849705,16,5.558869434205136,14,3.6
110,4.07753744390572,63,1963,1,0,0,0,0,0,0,0,0,0,6.010260583720299,1,5.971369434205137,14,6.247524428061553,5,6.446369434205137,14,7.0
140,3.6375861597263857,43,1983,1,0,0,0,0,0,0,0,0,0,6.019351492811208,1,6.019351492811208,1,6.019351492811208,1,6.019351492811208,1,7.1
150,5.313205979041787,27,1999,1,0,0,0,1,1,0,0,0,0,5.831758955455637,3,6.6328884004548545,36,5.507054151307706,6,5.982987856447571,1,6.7
151,9.387062950369655,8,2018,1,0,0,0,0,0,0,0,0,0,6.131758955455638,3,5.528400721966557,82,6.037533310993027,1,6.070220493917176,3,7.3
136,2.5649493574615367,58,1968,0,1,0,0,1,0,0,0,1,0,5.946624220083936,1,5.944554151307706,6,5.946624220083936,1,5.822347601494521,4,6.3
160,6.2285110035911835,16,2010,0,1,0,0,1,1,0,0,0,0,5.736633315780234,4,5.8866333157802355,4,5.776072201743607,2,5.92406664776333,3,5.9
155,8.941807118363164,16,2010,0,1,0,1,0,0,0,0,0,0,5.8092550617792735,13,5.3923579264167305,93,5.338956400804742,16,5.8043410161893565,16,5.5
140,9.03884005381381,9,2017,0,1,0,1,0,0,0,0,0,0,5.8092550617792735,13,5.396410830261542,70,5.943469829567776,11,5.884514656836932,15,5.0
135,8.886962034866128,18,2008,0,0,0,1,1,0,0,0,1,0,5.8092550617792735,13,5.396410830261542,70,5.778254311886048,17,5.500559409605361,13,5.1
150,9.652265977087122,20,2006,1,1,0,1,0,0,0,0,0,0,5.8092550617792735,13,5.396410830261542,70,5.943469829567776,11,5.83440553507694,2,7.4
110,7.109062135687172,7,2019,1,0,0,1,0,0,0,0,0,0,6.010260583720299,1,6.010260583720299,1,6.010260583720299,1,6.062528186224868,3,7.0
115,7.444833273892193,19,2007,0,0,0,1,0,0,0,1,0,0,5.600857761394886,5,4.900514656836932,15,5.861825912273516,8,5.7193514928112075,1,3.8
134,9.657906656102982,7,2019,0,0,0,1,0,0,0,0,0,0,6.00116967462939,1,5.528400721966557,82,5.778254311886048,17,6.00116967462939,1,6.9
138,4.394449154672439,18,2008,1,1,1,0,0,0,0,0,0,0,5.955715129174845,1,5.90627035671796,8,5.917738868410274,2,5.955715129174845,1,6.4
142,3.8066624897703196,37,1989,1,1,0,0,0,0,0,1,0,0,5.90116967462939,1,5.8152047443516635,4,5.843474236839166,34,5.825804151307706,6,5.8
174,3.4965075614664802,67,1959,0,0,1,0,0,0,0,1,0,0,6.326992969522278,9,6.306652075653853,22,6.0320541513077055,6,6.308061887208806,4,7.6
79,4.77912349311153,13,2013,1,0,0,1,0,0,0,0,0,0,6.010260583720299,1,6.010260583720299,1,6.010260583720299,1,6.010260583720299,1,7.0
132,3.5263605246161616,47,1979,0,0,0,0,0,0,0,0,0,0,6.017738868410274,2,6.320857761394886,5,6.028492578940183,8,5.947143570840253,3,6.9
143,5.278114659230517,56,1970,1,1,0,1,0,0,0,0,0,0,6.421369434205137,14,6.759304267203161,29,6.364745229318689,18,6.3628786032973625,57,7.0
161,6.703188113240863,32,1994,1,1,0,1,0,0,0,0,0,0,5.873896947356664,1,4.91827862617752,29,5.185672541791862,24,5.5471435708402534,3,5.5
150,4.8283137373023015,44,1982,0,0,0,1,0,1,0,0,0,0,5.884048134495738,8,6.618278626177521,29,6.313861254619549,27,6.055643321046165,10,5.9
155,3.6635616461296463,78,1948,1,0,0,0,0,0,0,0,0,0,6.150804151307705,6,6.0466242200839355,1,6.772514656836932,15,6.0466242200839355,1,7.4
128,4.634728988229636,54,1972,1,1,0,1,0,0,0,0,0,0,5.884048134495738,8,6.306652075653853,22,6.244872614659345,46,6.121888086461546,18,5.0
150,8.191463051326927,13,2013,1,0,1,1,0,0,0,0,0,0,5.52406664776333,3,5.932054151307705,6,5.778254311886048,17,5.819351492811208,1,4.9
114,6.280395838960195,11,2015,1,0,0,0,0,0,0,0,0,0,5.750584837314696,12,6.0266463661271,13,6.384048134495738,8,6.283109789466075,7,7.4
145,5.7899601708972535,33,1993,1,1,0,0,1,0,0,0,0,0,5.670066660951704,33,6.095643321046164,10,5.992239632997927,27,5.884405535076941,2,6.7
110,4.454347296253507,25,2001,1,0,0,0,1,0,0,0,0,0,5.665462730642546,7,5.333601383769235,38,5.340428880697443,20,5.8375333109930265,1,5.1
154,3.58351893845611,63,1963,1,0,0,0,0,0,1,0,0,0,6.117381467829072,8,6.47834521208835,91,6.4729370233846275,8,5.992078765538481,1,6.8
137,8.686429508661536,13,2013,1,0,0,1,0,1,0,0,0,0,5.542202767538471,14,5.612521554171957,7,5.529184115282062,11,5.407524428061553,5,4.4
134,7.780720886117918,10,2016,1,0,0,1,0,0,0,0,0,0,5.542202767538471,14,5.300989724686407,3,5.135643321046165,10,5.408061887208807,4,3.6
90,3.871201010907891,14,2012,0,0,0,1,0,0,0,0,0,0,5.876072201743607,2,5.89207876553848,1,5.89207876553848,1,5.89207876553848,1,5.7
134,4.634728988229636,47,1979,1,0,1,0,0,0,0,0,0,0,6.267524428061552,5,6.471632800332116,53,6.724115867164841,32,5.826992969522278,9,6.9
70,3.044522437723423,7,2019,0,0,0,0,0,0,1,0,0,0,6.164806038265753,1,7.100201037826927,54,7.047450176569067,83,6.927791280160949,120,8.7
121,6.9363427358340495,55,1971,1,0,0,1,0,0,1,0,0,0,6.951462009788914,33,5.921342085059831,89,6.6445146568369315,15,6.300989724686407,3,7.2
160,7.718240951959316,31,1995,1,0,1,0,0,0,0,0,0,0,5.601072201743608,2,5.894191094728219,5,5.909405535076941,2,5.758187170035511,16,4.2
130,6.511745329644728,11,2015,0,0,0,1,0,0,0,0,0,0,5.6177388684102745,2,5.6177388684102745,2,5.687524428061552,5,5.80116967462939,1,4.7
124,6.762729506931879,11,2015,1,0,0,1,0,0,0,0,0,0,6.0945541513077055,6,5.430994192214055,13,6.062528186224868,3,5.82406664776333,3,5.3
138,5.820082930352362,29,1997,0,0,1,0,0,0,0,1,0,0,6.488268679421918,23,5.888514656836931,15,5.7557151291748445,1,6.022347601494521,4,4.2
139,3.912023005428146,29,1997,1,0,0,0,0,0,0,0,0,0,6.400804151307705,6,5.3923579264167305,93,6.067738868410274,2,6.3628786032973625,57,6.7
132,7.479299637782834,9,2017,0,0,0,1,0,0,0,0,0,0,5.729490458637378,4,6.078492578940182,8,5.885605109301792,3,5.570321660523082,30,5.4
120,8.939843124278502,61,1965,1,0,1,0,0,0,0,1,0,0,6.629184115282062,11,6.603274868014205,55,6.622579622803425,26,6.159405535076941,2,8.4
119,8.273846932784508,6,2020,1,0,0,0,0,1,0,0,0,0,5.862528186224869,3,5.626072201743607,2,5.864806038265754,1,5.864806038265754,1,5.4
132,5.365976015021851,6,2020,1,0,0,0,0,0,0,0,0,0,5.642738868410274,2,5.5920787655384805,1,5.606639201230782,7,5.6570541513077055,6,2.4
139,7.639642287858013,12,2014,1,1,0,0,0,0,0,0,0,0,5.808682032378714,3,5.884887706364384,9,5.843474236839166,34,5.928442401902117,1,6.1
140,9.563810184965966,17,2009,1,0,0,0,1,1,0,0,0,0,6.709255061779273,13,6.416514656836931,15,6.110260583720299,1,6.110260583720299,1,8.1
96,5.3471075307174685,14,2012,0,0,0,0,0,0,0,0,0,0,6.134405535076941,2,6.055715129174845,1,6.055715129174845,1,6.055715129174845,1,7.5
124,9.338293736286644,6,2020,1,0,0,1,0,0,0,0,0,0,6.463304151307705,6,6.128944742530841,101,5.946624220083936,1,5.9848877063643835,9,6.3
154,10.431229288678432,7,2019,1,0,1,0,0,0,0,0,0,0,6.2772274365249,7,6.142738868410274,2,6.10116967462939,1,6.10116967462939,1,8.0
151,7.284134806195205,61,1965,1,0,0,0,0,1,0,0,1,0,6.213304151307705,6,5.99419109472822,5,6.500584837314696,12,6.3628786032973625,57,7.0
107,4.553876891600541,18,2008,0,1,0,0,1,0,0,0,0,0,5.62406664776333,3,5.450919030065949,4,5.2269929695222785,9,5.7102605837202995,1,3.7
142,7.4360278163518485,7,2019,1,1,0,0,0,0,0,0,0,0,6.042738868410274,2,6.154835878532561,3,6.082987856447573,1,6.082987856447573,1,7.8
155,4.997212273764115,63,1963,1,0,1,0,0,0,0,0,0,0,6.568514656836932,15,6.47834521208835,91,6.34709554736411,20,6.162528186224869,3,6.9
149,6.55250788703459,33,1993,1,1,0,0,1,0,0,0,0,0,5.785976865733128,39,5.356708208998889,59,5.992239632997927,27,5.565784695424972,51,6.2
117,4.430816798843313,33,1993,0,1,0,0,0,1,0,0,0,0,5.785976865733128,39,5.219562361627795,52,5.565084306497744,24,5.654835878532561,3,4.7
135,5.877735781779639,24,2002,1,0,0,0,1,1,0,0,0,0,5.692738868410274,2,5.079624548469646,9,5.458061887208807,4,5.700584837314694,12,3.3
110,2.0794415416798357,56,1970,0,0,0,0,1,0,0,0,0,0,5.826992969522278,9,6.471632800332116,53,5.854191094728219,5,5.900989724686407,3,5.6
154,3.044522437723423,59,1967,1,0,0,0,0,0,0,0,0,0,5.90116967462939,1,6.255643321046165,10,5.704030943604403,18,6.108682032378715,3,5.8
149,2.833213344056216,36,1990,0,1,0,0,0,0,0,0,0,0,5.667381467829071,8,5.3923579264167305,93,5.8008577613948855,5,5.190643321046164,10,5.1
169,2.70805020110221,38,1988,0,1,0,0,0,0,0,0,0,0,5.581264093112434,16,5.570966659438921,24,5.565084306497744,24,5.350714801162405,8,4.9
136,3.4965075614664802,57,1969,1,1,0,0,1,0,0,0,0,0,6.061825912273516,8,5.984405535076941,2,5.987524428061552,5,6.0760722017436075,2,6.7
129,9.209439966733019,28,1998,0,1,0,1,1,0,0,0,0,0,5.412902075653853,22,5.3923579264167305,93,5.95940553507694,2,5.505940337943332,9,7.3
140,5.846438775057725,31,1995,0,1,0,0,0,0,0,0,0,0,5.278820279170577,13,5.396410830261542,70,6.082054151307705,6,5.700857761394886,5,4.2
152,10.970695169727144,12,2014,1,1,0,0,0,0,0,1,0,0,5.6741910947282195,5,5.767381467829072,8,5.35958037770137,7,5.558869434205136,14,2.4
125,3.713572066704308,31,1995,1,0,0,0,0,0,0,0,0,0,5.080321660523082,30,5.746624220083936,1,5.608682032378715,3,5.55958037770137,7,4.1
178,6.261491684321042,65,1961,1,1,0,0,0,0,0,1,0,0,6.236050965936664,7,6.759304267203161,29,6.358187170035511,16,5.639451263147945,3,7.6
112,10.126871075054945,6,2020,1,1,0,0,0,0,0,0,0,0,5.855715129174845,1,5.7427388684102745,2,6.036633315780235,4,5.984405535076941,2,5.3
134,3.7376696182833684,6,2020,0,1,0,0,0,0,0,0,0,0,5.992078765538481,1,5.900989724686407,3,5.992078765538481,1,5.992078765538481,1,6.8
114,3.044522437723423,7,2019,0,0,1,1,0,0,0,0,0,0,5.692078765538481,1,5.692078765538481,1,5.692078765538481,1,5.692078765538481,1,3.5
173,8.452761331256848,29,1997,0,1,0,0,1,0,0,0,1,0,5.988304151307705,6,5.189745229318689,18,6.129702767538471,14,5.758187170035511,16,7.3
107,7.5411524551363085,10,2016,0,0,0,0,1,1,0,0,0,0,5.964806038265754,1,5.939451263147945,3,6.036633315780235,4,5.964806038265754,1,6.5
174,4.736198448394496,37,1989,0,0,0,0,1,0,0,0,0,0,5.595643321046164,10,5.3923579264167305,93,5.992239632997927,27,5.5700868612400996,23,5.5
159,6.1779441140506,46,1980,1,1,0,0,1,0,0,0,0,0,6.10627035671796,8,6.514947961485934,31,5.992239632997927,27,6.051072201743608,2,6.7
162,4.330733340286331,23,2003,0,1,0,0,0,0,0,0,0,0,5.8829878564475715,1,5.3923579264167305,93,5.8829878564475715,1,5.8829878564475715,1,5.6
166,10.020247843144828,19,2007,1,0,0,0,0,0,0,0,0,0,6.229490458637378,4,5.3923579264167305,93,6.1428025546508955,16,6.039603690051294,8,7.7
139,5.948034989180646,38,1988,0,1,0,1,0,0,0,0,0,0,6.090643321046164,10,6.032731365321274,24,6.0760722017436075,2,5.970220493917177,3,7.1
150,2.9444389791664403,16,2010,0,0,1,0,0,0,0,0,0,0,5.619351492811209,1,5.619351492811209,1,5.619351492811209,1,5.736633315780234,4,2.7
134,2.0794415416798357,45,1981,0,1,0,1,0,0,0,0,0,0,6.136050965936664,7,6.108869434205137,14,6.184887706364384,9,5.895643321046164,10,6.0
147,5.017279836814924,33,1993,1,1,1,0,0,0,0,0,0,0,5.819351492811208,1,5.939515471802202,46,5.992239632997927,27,5.769554151307705,6,4.9
136,2.302585092994046,57,1969,0,0,0,1,0,0,0,0,0,0,5.973896947356663,1,5.973896947356663,1,6.356032089663826,17,6.311203495838067,9,6.6
86,2.0794415416798357,11,2015,0,0,1,0,0,1,0,0,1,0,5.982987856447571,1,5.982987856447571,1,5.982987856447571,1,5.982987856447571,1,6.7
126,9.777470711952642,16,2010,1,0,1,0,0,0,0,0,0,0,6.4848877063643835,9,6.114236773135286,19,5.763036100871804,14,6.234405535076941,2,7.5
152,1.791759469228055,64,1962,1,0,0,0,0,0,0,0,0,0,6.270124626996664,13,6.346888086461546,18,6.10055940960536,13,5.9815650676630145,11,5.8
124,5.484796933490655,18,2008,1,0,1,0,0,0,0,0,0,0,5.516374340071023,3,5.682987856447571,1,5.682987856447571,1,5.682987856447571,1,3.4
174,7.15305163493748,24,2002,1,0,1,0,0,0,0,1,0,0,5.436050965936664,7,5.528400721966557,82,5.185672541791862,24,5.105940337943331,9,3.7
160,7.940583827104244,23,2003,1,0,1,0,1,0,0,0,0,0,6.195850781948728,11,5.593762214030777,20,5.6856433210461645,10,6.0796245484696465,9,7.6
102,2.70805020110221,15,2011,1,0,0,0,0,0,0,0,0,0,5.801072201743608,2,5.783109789466075,7,5.892738868410274,2,5.614191094728219,5,5.7
137,4.653960350157523,52,1974,1,1,0,0,0,0,0,0,0,0,6.069725631573973,16,5.700612686710633,11,5.858479561965267,21,6.232054151307706,6,6.3
75,2.4849066497880004,24,2002,0,0,0,0,0,0,0,0,0,1,5.937533310993026,1,5.937533310993026,1,5.937533310993026,1,5.659405535076941,2,6.2
170,7.046647277848756,55,1971,1,0,0,0,0,0,1,1,0,0,6.039451263147945,3,6.491721282179798,73,6.356032089663826,17,6.271345083583723,7,6.9
156,3.367295829986474,44,1982,1,0,0,0,0,1,1,0,0,0,5.940857761394886,5,6.471632800332116,53,5.983224754883523,25,6.084549116340087,28,5.4
156,4.882801922586371,31,1995,1,1,0,1,0,0,0,0,0,0,5.527662618815857,23,4.990967175706513,55,5.375536100871805,14,5.615204744351664,4,4.2
139,3.7612001156935624,40,1986,1,0,0,0,0,0,1,1,0,0,6.5142212009510585,12,6.471632800332116,53,6.313861254619549,27,5.668316657890117,18,7.3
125,5.752572638825633,36,1990,1,0,1,0,0,0,0,0,0,0,6.363439497071233,17,5.4725802696012575,88,5.8008577613948855,5,5.95940553507694,2,5.8
118,7.097548850614793,6,2020,0,0,0,0,0,1,0,0,0,0,5.080321660523082,30,5.764806038265753,1,5.764806038265753,1,5.764806038265753,1,4.3
134,7.470224135899966,26,2000,0,0,1,1,0,0,0,0,0,0,5.676072201743608,2,4.990967175706513,55,5.966027075653853,22,5.87234760149452,4,5.3
140,3.258096538021482,28,1998,0,1,0,0,0,0,0,0,0,0,5.748045601101226,9,5.333601383769235,38,5.5562703567179605,8,5.6937761729230925,4,4.9
102,3.970291913552122,12,2014,1,0,0,0,0,0,0,0,0,0,6.137533310993026,1,6.137533310993026,1,6.137533310993026,1,6.137533310993026,1,8.4
120,2.9444389791664403,10,2016,0,0,0,1,0,0,0,0,0,0,5.928442401902117,1,5.9927388684102745,2,5.928442401902117,1,5.928442401902117,1,6.1
125,2.1972245773362196,11,2015,0,0,0,1,0,0,0,0,0,0,5.60116967462939,1,5.39015086425912,9,5.485605109301791,3,5.60116967462939,1,2.5
160,10.846517581599905,12,2014,1,1,0,0,1,0,0,0,0,0,6.505643321046165,10,5.813762214030776,20,5.8068666587394615,21,5.634191094728219,5,8.1
120,3.4657359027997265,15,2011,1,0,0,1,0,0,0,0,0,0,5.855715129174845,1,5.855715129174845,1,5.855715129174845,1,5.855715129174845,1,5.3
185,3.295836866004329,42,1984,1,1,1,0,0,0,0,0,0,0,5.714898400996347,11,5.4725802696012575,88,5.756652075653853,22,6.3628786032973625,57,4.9
107,2.3978952727983707,49,1977,0,0,0,0,0,1,0,1,1,0,6.042738868410274,2,5.928442401902117,1,5.928442401902117,1,6.029490458637378,4,6.1
97,7.273786317844895,6,2020,1,0,0,0,1,0,0,0,1,0,6.019351492811208,1,6.093776172923092,4,6.0471435708402534,3,6.147143570840253,3,7.1
122,3.6109179126442243,70,1956,1,0,0,0,0,0,0,1,0,1,6.093297416994099,3,6.559064359342182,19,6.090643321046164,10,6.3628786032973625,57,6.8
135,8.798152718107191,9,2017,1,0,1,0,0,0,0,0,0,0,6.032403019132877,12,5.83419109472822,5,5.932256127417015,9,5.773896947356662,1,4.4
79,2.0794415416798357,5,2021,0,0,1,0,0,0,0,0,0,0,6.2557151291748445,1,6.2557151291748445,1,6.2557151291748445,1,6.2557151291748445,1,9.7
168,6.184148890937483,64,1962,0,0,1,1,0,0,0,1,0,0,5.836050965936664,7,6.409201953556568,24,6.722298540040144,13,6.3628786032973625,57,7.4
114,5.937536205082426,8,2018,1,0,0,0,0,0,1,0,0,0,6.394554151307705,6,6.172347601494521,4,5.9927388684102745,2,6.028442401902117,1,7.2
142,7.701652362642226,18,2008,1,0,0,0,1,0,0,0,0,0,6.400559409605361,13,5.396410830261542,70,6.022937023384626,8,6.163304151307706,6,6.1
92,6.1092475827643655,30,1996,1,0,0,0,0,0,1,0,0,0,6.3008577613948855,5,6.0920787655384805,1,6.0920787655384805,1,6.0920787655384805,1,7.9
117,3.367295829986474,70,1956,0,0,0,1,0,0,0,0,0,0,6.167381467829071,8,6.036633315780235,4,5.955715129174845,1,5.8910888771868235,11,6.4
128,2.3978952727983707,48,1978,1,0,0,0,0,0,0,0,0,0,6.291088877186824,11,5.982987856447571,1,6.471382787771719,21,5.795201703100598,29,6.7
165,7.495541943884256,26,2000,1,1,1,0,0,0,0,0,0,0,5.388036100871804,14,5.644648673347989,53,5.763036100871804,14,5.648045601101225,9,5.6
82,3.784189633918261,41,1985,0,0,0,0,0,0,0,0,0,0,6.740857761394887,5,6.082987856447573,1,6.082987856447573,1,6.300919030065949,4,7.8
118,2.1972245773362196,8,2018,1,0,0,0,0,0,0,0,0,1,6.055715129174845,1,5.986633315780234,4,6.055715129174845,1,6.055715129174845,1,7.5
129,8.621012520055235,11,2015,1,0,1,0,0,0,0,0,0,0,6.032403019132877,12,6.495850781948728,11,5.861825912273516,8,6.240857761394887,5,6.7
141,6.4457198193855785,29,1997,1,1,1,0,0,0,0,0,0,0,5.743469829567776,11,5.644496071203626,24,6.129702767538471,14,5.190643321046164,10,5.3
108,6.962243464266207,8,2018,1,0,0,0,0,0,0,0,0,0,6.02406664776333,3,6.082987856447573,1,6.082987856447573,1,5.817738868410274,2,7.8
170,5.968707559985366,59,1967,0,0,0,0,0,1,0,1,1,0,6.568514656836932,15,6.019351492811208,1,6.031758955455637,3,5.8007568482896055,7,7.1
149,3.4011973816621555,63,1963,1,0,0,0,0,0,1,0,0,0,6.291088877186824,11,6.306652075653853,22,6.043776172923093,4,6.269725631573973,16,6.4
121,2.3978952727983707,82,1944,1,0,1,0,0,0,0,0,0,0,6.709675746405605,12,5.982987856447571,1,5.982987856447571,1,5.982987856447571,1,6.7
127,3.8066624897703196,22,2004,1,1,0,0,0,0,0,1,0,0,5.662528186224869,3,6.32036761202638,25,6.100756848289605,7,6.041933318877841,7,6.0
144,9.818855161695424,47,1979,0,0,1,1,0,0,0,0,0,0,6.951462009788914,33,6.561428974822752,13,6.154191094728219,5,6.2951592456068495,8,8.5
88,3.6109179126442243,14,2012,1,0,0,0,0,0,0,0,0,0,6.073896947356662,1,6.226072201743608,2,6.073896947356662,1,5.976072201743608,2,7.7
135,2.6390573296152584,7,2019,1,0,0,0,0,0,0,0,0,0,6.064806038265754,1,6.064806038265754,1,6.064806038265754,1,6.064806038265754,1,7.6
108,3.1780538303479458,42,1984,0,0,0,0,1,0,0,0,0,0,5.89207876553848,1,5.3923579264167305,93,6.028492578940183,8,5.989603690051293,8,5.7
89,6.680854678790215,21,2005,0,0,0,0,0,0,0,0,0,0,6.064806038265754,1,6.064806038265754,1,5.909405535076941,2,6.064806038265754,1,7.6
105,4.882801922586371,9,2017,0,0,0,0,0,0,1,0,0,0,5.862528186224869,3,5.346112564277431,51,5.5565146568369315,15,5.673571785420127,16,5.4
120,2.4849066497880004,52,1974,0,0,0,0,0,0,0,0,0,0,6.363439497071233,17,6.1177388684102745,2,6.100989724686406,3,6.070220493917176,3,7.4
91,4.6443908991413725,8,2018,0,0,0,0,0,0,0,0,0,0,6.00116967462939,1,6.00116967462939,1,7.047450176569067,83,6.927791280160949,120,6.9
135,4.248495242049359,7,2019,1,0,0,1,0,0,0,0,0,0,6.20940553507694,2,6.430168612995487,7,6.250804151307706,6,5.407054151307706,6,7.4
126,8.526549286340263,10,2016,0,0,1,1,0,0,0,0,0,0,5.715204744351664,4,5.964806038265754,1,6.043776172923093,4,6.177227436524899,7,6.5
135,8.147288258706624,12,2014,0,0,1,1,0,0,0,0,0,0,6.127524428061552,5,6.127524428061552,5,5.926221497449138,21,5.827524428061553,5,5.4
123,6.364750756851911,6,2020,0,0,1,1,0,0,0,0,0,0,5.910260583720299,1,5.910260583720299,1,5.910260583720299,1,5.910260583720299,1,5.9
134,3.1354942159291497,15,2011,1,0,0,1,0,0,0,0,0,0,5.664806038265754,1,5.664806038265754,1,5.58440553507694,2,5.664806038265754,1,3.2
180,10.459984195277682,12,2014,0,1,0,1,1,0,0,0,0,0,5.743776172923092,4,6.437236226541811,36,6.025536100871804,14,5.105940337943331,9,5.0
136,7.132497551660044,8,2018,0,0,0,1,0,0,0,0,0,0,5.715204744351664,4,5.654835878532561,3,5.817738868410274,2,6.177227436524899,7,4.5
184,6.129050210060545,62,1964,0,1,0,0,0,0,0,1,0,0,6.5142212009510585,12,6.60055940960536,13,6.208601383769235,38,6.134405535076941,2,7.8
148,3.1354942159291497,41,1985,1,0,0,0,1,0,0,0,0,0,5.527662618815857,23,5.322277075653853,22,5.500459515032975,18,5.288304151307706,6,4.6
166,5.7745515455444085,31,1995,1,1,1,0,0,0,0,0,0,0,5.60627035671796,8,5.396410830261542,70,5.8068666587394615,21,5.788613718262449,24,4.6
121,3.258096538021482,35,1991,1,0,0,0,0,0,0,0,0,0,5.773896947356662,1,5.854191094728219,5,5.640643321046165,10,5.801072201743608,2,4.4
173,8.34283980427146,26,2000,1,0,0,1,0,0,0,1,0,0,5.468766655496513,12,5.346112564277431,51,5.645643321046164,10,6.0375192853117525,9,5.2
135,2.1972245773362196,47,1979,1,0,0,0,0,0,0,0,0,1,6.363439497071233,17,5.973896947356663,1,6.100989724686406,3,5.973896947356663,1,6.6
137,2.1972245773362196,76,1950,0,0,0,0,0,0,0,0,0,0,6.147143570840253,3,6.194191094728219,5,5.955715129174845,1,6.148514656836932,15,6.4
109,8.238008249218403,8,2018,1,0,0,0,0,0,0,0,0,0,5.942738868410274,2,6.394874495348429,7,6.0920787655384805,1,6.0920787655384805,1,7.9
90,8.233503140233994,11,2015,1,0,1,0,0,0,0,0,0,0,5.934405535076941,2,6.212033323881665,16,5.934405535076941,2,6.026072201743607,2,6.4
100,6.86484777797086,6,2020,1,0,1,0,1,0,0,0,0,0,6.073896947356662,1,5.543224754883523,25,6.073896947356662,1,6.073896947356662,1,7.7
165,2.8903717578961645,59,1967,1,0,1,0,0,0,1,0,0,0,6.117381467829072,8,6.147815671819017,7,5.964806038265754,1,6.472041258139204,11,6.5
149,6.647688373563329,55,1971,1,0,0,0,0,0,0,1,0,0,5.5958507819487275,11,5.9815650676630145,11,6.27436139057491,9,6.190643321046164,10,7.2
138,2.3978952727983707,50,1976,1,1,0,0,1,0,0,0,0,0,5.8152047443516635,4,6.47834521208835,91,5.488992142407252,7,5.851072201743608,2,5.5
160,3.828641396489095,44,1982,0,0,0,0,0,0,0,0,0,0,6.025804151307705,6,6.450714801162405,8,6.055715129174845,1,5.970220493917177,3,7.5
108,4.718498871295094,22,2004,0,0,1,1,0,0,0,0,0,0,5.937533310993026,1,5.937533310993026,1,5.937533310993026,1,5.937533310993026,1,6.2
90,5.752572638825633,18,2008,1,0,0,1,0,0,1,0,0,0,5.5466242200839355,1,5.5466242200839355,1,5.217024067247869,26,5.826992969522278,9,1.9
134,4.6443908991413725,26,2000,1,0,0,0,0,0,1,0,0,0,6.8068666587394615,21,6.6328884004548545,36,6.080857761394886,5,5.854835878532561,3,5.7
160,4.23410650459726,64,1962,1,0,1,0,0,0,0,1,0,0,6.326992969522278,9,6.0565146568369315,15,6.34709554736411,20,6.446369434205137,14,6.9
141,9.54230245311951,12,2014,0,0,1,1,0,0,0,0,0,0,5.992078765538481,1,5.877227436524898,7,6.018403907113134,7,5.992078765538481,1,6.8
135,4.532599493153256,8,2018,0,0,0,1,0,0,0,0,0,0,5.765204744351664,4,5.876072201743607,2,5.773896947356662,1,5.773896947356662,1,4.4
147,8.019941687677365,27,1999,0,1,1,1,0,0,0,0,0,0,5.361036596488693,41,5.356708208998889,59,5.383762214030777,20,4.8659609110663204,19,6.2
165,4.6913478822291435,58,1968,1,1,0,0,0,0,0,1,0,0,6.069725631573973,16,5.982987856447571,1,6.594801845025647,26,6.100989724686406,3,6.7
131,2.3978952727983707,55,1971,1,1,0,0,1,0,0,0,0,0,5.968316657890118,18,5.838304151307705,6,5.837304297111666,52,6.100536100871803,14,5.4
149,3.58351893845611,33,1993,0,1,0,0,0,0,0,0,0,0,5.333946020043966,11,5.333601383769235,38,6.387511820029784,21,5.57419109472822,5,4.7
140,8.158802490694002,14,2012,1,0,0,0,0,1,0,0,0,0,5.724286260054311,7,5.734405535076941,2,5.917738868410274,2,5.855715129174845,1,5.3
130,7.643961949002529,12,2014,1,0,0,0,0,1,0,0,0,0,5.434191094728219,5,5.773896947356662,1,5.876072201743607,2,5.9675244280615525,5,4.4
126,8.022240916806537,11,2015,1,0,0,0,0,1,0,0,0,0,5.434191094728219,5,5.325643321046165,10,5.609405535076941,2,5.759405535076941,2,4.5
131,7.293697720601438,8,2018,1,0,0,0,1,1,0,0,0,0,5.434191094728219,5,5.300989724686407,3,5.680643321046165,10,5.6738969473566625,1,3.3
133,3.9318256327243257,59,1967,1,0,0,0,0,0,0,0,0,0,6.447524428061553,5,6.0920787655384805,1,6.126072201743607,2,6.0920787655384805,1,7.9
140,5.598421958998375,37,1989,0,1,0,0,1,0,0,0,0,0,6.071345083583723,7,5.9193514928112085,1,6.208601383769235,38,5.500514656836932,15,6.0
140,6.439350371100098,24,2002,1,1,0,0,1,0,0,0,0,0,5.871888086461546,18,5.356708208998889,59,5.375536100871805,14,5.7580618872088065,4,5.6
110,6.133398042996649,19,2007,1,0,1,1,0,0,0,0,0,0,5.842782443206489,9,6.182602372175832,18,6.036050965936664,7,5.570321660523082,30,4.2
151,5.968707559985366,38,1988,1,1,0,0,1,0,0,0,0,0,5.816374340071023,3,4.990967175706513,55,5.642782443206489,9,5.964221200951059,12,6.9
131,6.20050917404269,22,2004,1,1,0,0,1,0,0,0,0,0,5.817738868410274,2,5.528400721966557,82,5.734405535076941,2,5.700804151307706,6,4.1
136,3.4657359027997265,28,1998,0,1,0,0,0,0,0,0,0,0,5.032514656836931,15,5.3923579264167305,93,5.5080618872088065,4,5.777912801609484,3,5.6
129,2.8903717578961645,35,1991,0,0,0,0,0,0,0,0,0,0,5.450919030065949,4,5.75483587853256,3,5.746624220083936,1,5.746624220083936,1,4.1
143,7.680637427560936,15,2011,0,1,0,0,0,0,0,0,0,0,5.080321660523082,30,5.708682032378714,3,5.743776172923092,4,6.008682032378715,3,6.3
102,3.4657359027997265,6,2020,0,0,0,0,0,0,0,0,0,0,5.982987856447571,1,5.982987856447571,1,5.982987856447571,1,5.982987856447571,1,6.7
93,4.624972813284271,22,2004,1,0,0,0,0,0,0,0,0,0,5.937533310993026,1,5.937533310993026,1,6.009405535076941,2,6.100857761394886,5,6.2
129,5.673323267171493,23,2003,1,0,0,0,0,1,0,0,0,0,5.278820279170577,13,5.765462730642547,7,5.659405535076941,2,5.3794904586373775,4,3.3
120,7.430707082545968,12,2014,1,0,0,0,0,0,1,0,0,0,6.039451263147945,3,6.0466242200839355,1,6.0466242200839355,1,6.0466242200839355,1,7.4
148,7.469654172932128,11,2015,1,0,0,0,0,0,0,0,0,0,5.873896947356664,1,5.873896947356664,1,5.576869498317517,37,5.873896947356664,1,5.5
123,5.313205979041787,22,2004,1,0,1,0,0,1,0,0,0,0,5.37234760149452,4,5.322347601494521,4,5.592738868410275,2,5.809405535076941,2,2.7
176,5.198497031265826,23,2003,1,0,1,0,0,0,0,0,0,0,5.937533310993026,1,5.937533310993026,1,5.937533310993026,1,5.937533310993026,1,6.2
170,2.4849066497880004,58,1968,1,0,0,0,0,0,0,0,0,0,5.967738868410275,2,6.409201953556568,24,5.854191094728219,5,6.055643321046165,10,6.5
186,5.616771097666572,28,1998,1,0,0,0,0,0,0,0,0,0,6.605374591472538,11,5.784048134495738,8,5.640643321046165,10,6.041933318877841,7,7.1
120,8.464846711044029,23,2003,1,0,0,0,0,0,0,0,0,0,6.314221200951058,12,6.416514656836931,15,6.193297416994099,3,6.134405535076941,2,7.9
131,6.129050210060545,12,2014,1,0,1,0,0,0,1,0,0,0,5.8375333109930265,1,5.942738868410274,2,5.8375333109930265,1,5.9695541513077055,6,5.1
142,5.262690188904886,56,1970,1,0,1,0,0,0,0,1,0,0,6.5142212009510585,12,5.971369434205137,14,6.026072201743607,2,6.3628786032973625,57,7.0
159,4.997212273764115,34,1992,1,0,1,0,0,0,0,0,0,0,5.700415045836235,21,5.644648673347989,53,5.992239632997927,27,5.565784695424972,51,5.1
127,4.110873864173311,27,1999,1,1,0,1,0,0,0,0,0,0,5.667381467829071,8,5.3923579264167305,93,5.585605109301792,3,5.626072201743607,2,4.0
133,2.302585092994046,44,1982,0,1,0,0,0,0,0,0,0,0,5.682987856447571,1,5.3923579264167305,93,5.500989724686407,3,5.592738868410275,2,3.4
135,6.949856455000773,8,2018,1,0,0,0,0,0,0,0,0,0,5.987524428061552,5,5.788992142407252,7,5.8829878564475715,1,5.842738868410275,2,5.6
129,7.591861714889934,18,2008,1,0,1,0,0,0,0,0,0,0,5.567738868410274,2,5.325643321046165,10,5.343776172923092,4,5.265204744351664,4,3.3
139,8.293799608846818,27,1999,0,1,0,1,0,0,0,0,0,0,5.544554151307706,6,5.346112564277431,51,5.966027075653853,22,5.458571916890699,9,4.7
102,8.060855752934316,5,2021,0,0,0,1,0,0,0,0,0,0,5.8829878564475715,1,5.8829878564475715,1,5.217024067247869,26,5.8829878564475715,1,5.6
104,4.7535901911063645,16,2010,1,0,0,1,0,0,0,0,0,0,5.708682032378714,3,5.585605109301792,3,5.143776172923092,4,5.614191094728219,5,2.7
130,4.890349128221754,16,2010,1,0,0,1,0,0,0,0,0,0,5.8260722017436075,2,5.85958037770137,7,5.946624220083936,1,5.946624220083936,1,6.3
107,6.952728644624869,10,2016,1,0,1,1,0,0,0,0,0,0,5.45940553507694,2,5.7193514928112075,1,5.39015086425912,9,5.7193514928112075,1,3.8
125,2.6390573296152584,16,2010,1,0,0,0,0,0,1,0,0,0,5.9193514928112085,1,5.9193514928112085,1,5.507054151307706,6,5.829490458637379,4,6.0
109,5.883322388488279,16,2010,0,0,0,0,0,1,0,0,0,0,5.676072201743608,2,5.189745229318689,18,5.5702204939171756,3,5.477912801609484,3,4.3
184,6.504288173536645,35,1991,1,0,1,0,0,0,0,1,0,0,6.031758955455638,3,5.939515471802202,46,5.831758955455637,3,5.7508041513077055,6,6.4
164,6.906754778648554,50,1976,0,1,0,1,1,0,0,0,0,0,6.069725631573973,16,5.963304151307705,6,5.858479561965267,21,6.367143200774937,17,6.8
156,10.994504402082407,26,2000,0,1,0,1,1,0,0,0,0,0,6.1977658056647,29,5.528400721966557,82,5.316563957322251,27,5.570321660523082,30,8.2
142,3.5263605246161616,62,1964,0,0,0,0,0,0,0,0,0,1,5.855715129174845,1,6.108869434205137,14,6.354935346088585,23,5.855715129174845,1,5.3
173,6.698268054115413,43,1983,1,1,1,0,0,0,0,0,0,0,6.089745229318689,18,6.471632800332116,53,6.189603690051293,8,5.668316657890117,18,6.7
145,7.782807262839695,11,2015,1,1,0,0,0,0,0,1,0,0,5.900677180048595,9,5.439451263147945,3,5.692078765538481,1,5.692078765538481,1,3.5
152,5.733341276897746,28,1998,1,1,0,1,0,0,0,0,0,0,5.379624548469647,9,5.430994192214055,13,5.694554151307706,6,5.469725631573973,16,4.8
146,5.575949103146316,38,1988,1,1,0,1,0,0,0,0,0,0,6.323312110041968,12,5.937533310993026,1,6.387511820029784,21,5.984405535076941,2,6.2
134,7.914983005848394,29,1997,1,0,0,1,0,0,0,1,0,0,5.361036596488693,41,4.990967175706513,55,5.185672541791862,24,5.469725631573973,16,6.2
139,7.630461261783627,18,2008,0,1,0,1,0,0,0,0,0,1,5.582054151307705,6,5.5008041513077055,6,5.759405535076941,2,5.329490458637379,4,5.5
149,8.326758814511733,14,2012,1,0,0,0,0,0,0,0,0,0,6.052733322648839,13,5.521729811627541,9,5.734191094728219,5,5.627524428061553,5,5.1
146,9.032767522204432,12,2014,0,1,1,0,0,0,0,0,0,0,5.486633315780234,4,4.988304151307705,6,5.893776172923092,4,5.855715129174845,1,5.3
113,5.135798437050262,11,2015,1,1,0,1,0,0,0,0,0,0,4.987524428061552,5,5.637533310993026,1,5.637533310993026,1,5.637533310993026,1,2.9
186,9.381853730053534,26,2000,1,0,0,0,1,0,0,0,0,0,6.3152047443516635,4,6.514947961485934,31,6.144037670474925,13,6.0375192853117525,9,7.9
106,5.117993812416755,8,2018,1,0,0,0,0,0,0,0,0,0,5.946624220083936,1,5.946624220083936,1,5.946624220083936,1,6.031758955455637,3,6.3
144,9.52558897214577,19,2007,1,0,0,1,0,0,0,0,0,0,5.29419109472822,5,5.528400721966557,82,5.415643321046164,10,5.470124626996665,13,6.0
116,9.314249835366695,8,2018,1,0,0,1,0,0,0,0,0,0,6.017738868410274,2,6.234405535076941,2,5.966027075653853,22,6.518403907113134,7,7.5
105,5.3981627015177525,16,2010,1,0,0,0,0,1,0,0,0,0,5.4927388684102745,2,5.83440553507694,2,5.759405535076941,2,5.8677388684102745,2,4.2
136,4.948759890378168,39,1987,1,0,0,0,0,0,1,0,0,0,5.8808577613948865,5,6.47834521208835,91,6.471382787771719,21,5.769554151307705,6,5.4
102,5.717027701406222,8,2018,0,0,0,1,0,0,0,0,0,0,6.009405535076941,2,5.864806038265754,1,5.864806038265754,1,5.662528186224869,3,5.4
133,10.209831896443099,12,2014,1,0,1,0,1,0,0,0,0,0,6.322937023384627,8,5.936633315780235,4,6.079490458637379,4,6.064806038265754,1,7.6
71,3.4339872044851463,22,2004,0,0,0,0,0,0,0,0,0,0,6.037533310993027,1,7.100201037826927,54,7.047450176569067,83,6.927791280160949,120,7.3
117,5.746203190540153,18,2008,0,1,0,0,0,1,0,0,0,0,5.7102605837202995,1,5.550919030065949,4,5.784405535076941,2,5.7102605837202995,1,3.7
120,4.532599493153256,61,1965,1,0,0,0,0,0,1,0,0,1,6.326992969522278,9,6.346888086461546,18,6.500584837314696,12,6.446369434205137,14,6.8
152,3.4657359027997265,56,1970,1,1,0,0,0,1,0,0,0,0,5.968316657890118,18,5.4725802696012575,88,6.354935346088585,23,6.205191863924958,31,6.4
138,5.2832037287379885,30,1996,1,1,0,0,0,1,0,0,0,0,5.782987856447572,1,5.782987856447572,1,5.5565146568369315,15,5.884514656836932,15,4.5
137,3.784189633918261,39,1987,1,1,0,1,0,0,0,0,0,0,5.619152075653853,22,5.4725802696012575,88,5.992239632997927,27,5.911468511692314,26,5.0
149,2.9444389791664403,30,1996,1,1,0,0,0,0,0,0,0,0,5.586633315780235,4,5.39015086425912,9,5.608682032378715,3,5.4861738007472605,18,5.1
179,5.62040086571715,43,1983,1,1,0,1,0,0,0,0,0,0,5.735110246958588,16,5.916466653732805,9,5.704030943604403,18,5.720514656836932,15,4.5
120,3.295836866004329,28,1998,0,1,0,0,0,0,0,0,0,0,5.762528186224869,3,5.729490458637378,4,5.654191094728219,5,5.795201703100598,29,4.3
150,9.010302809376448,13,2013,1,1,0,1,0,0,0,0,0,0,5.29419109472822,5,5.396410830261542,70,5.293297416994099,3,5.017381467829072,8,1.7
130,8.29254851397576,9,2017,0,1,0,0,0,1,0,0,0,0,5.95940553507694,2,5.947143570840253,3,5.95940553507694,2,6.026072201743607,2,6.6
132,10.113626914715084,9,2017,1,0,0,1,0,0,0,0,0,0,6.100989724686406,3,6.693069126700863,17,6.0920787655384805,1,6.0920787655384805,1,7.9
152,4.795790545596741,53,1973,1,1,0,0,0,0,0,0,0,0,6.5142212009510585,12,5.971369434205137,14,6.026072201743607,2,6.418766655496513,12,6.2
128,2.0794415416798357,24,2002,0,1,0,0,0,0,0,0,0,0,5.855715129174845,1,6.232256127417014,9,5.776072201743607,2,5.795201703100598,29,5.3
125,2.70805020110221,49,1977,0,0,0,0,0,0,1,0,0,0,6.326992969522278,9,6.47834521208835,91,6.594801845025647,26,6.277857564587422,12,5.9
180,3.5263605246161616,39,1987,1,1,0,0,1,0,0,0,0,0,5.940857761394886,5,5.911825912273516,8,5.819266660024954,27,5.795201703100598,29,5.4
98,7.415776975415394,16,2010,1,0,0,1,0,0,0,0,0,0,5.637533310993026,1,5.114191094728219,5,5.850536100871803,14,5.637533310993026,1,2.9
138,3.9889840465642745,38,1988,1,1,0,0,1,0,0,0,0,0,5.032514656836931,15,5.3923579264167305,93,5.325804151307706,6,5.864806038265754,1,5.4
101,3.828641396489095,22,2004,0,0,0,0,1,1,0,0,0,0,5.70940553507694,2,6.232256127417014,9,5.485605109301791,3,6.176072201743608,2,6.1
124,3.828641396489095,11,2015,1,0,0,1,0,0,0,0,0,0,5.7193514928112075,1,5.476072201743608,2,5.7193514928112075,1,5.7193514928112075,1,3.8
180,6.2422232654551655,27,1999,1,1,0,1,0,0,0,0,0,0,5.631758955455638,3,5.396410830261542,70,5.6937761729230925,4,5.500559409605361,13,4.3
120,6.324358962381311,41,1985,1,0,0,1,0,0,0,0,0,0,6.323312110041968,12,6.259405535076941,2,6.236050965936664,7,6.0466242200839355,1,7.4
144,2.302585092994046,56,1970,1,0,0,0,0,0,1,0,0,0,6.0652047443516635,4,6.346888086461546,18,6.290150864259121,9,5.910260583720299,1,5.9
160,10.172139699081104,12,2014,0,1,0,0,0,1,0,0,0,0,6.115204744351664,4,5.528400721966557,82,5.64603938276924,12,6.028442401902117,1,7.2
130,5.2832037287379885,23,2003,0,0,0,1,0,0,0,0,0,0,6.016374340071023,3,6.010260583720299,1,6.010260583720299,1,6.322347601494521,4,7.0
151,6.398594934535208,21,2005,0,0,1,1,0,0,0,0,0,0,6.0320541513077055,6,5.400612686710633,11,5.2269929695222785,9,5.447143570840253,3,3.1
128,3.5263605246161616,53,1973,1,0,0,1,0,0,1,0,0,0,6.030168612995488,7,5.934405535076941,2,6.215204744351664,4,6.093776172923092,4,6.5
160,3.9512437185814275,34,1992,1,0,0,1,0,0,0,0,0,0,5.940857761394886,5,5.939515471802202,46,5.734405535076941,2,5.7508041513077055,6,5.6
118,7.788211557847076,19,2007,1,0,1,1,0,0,0,0,0,0,6.131758955455638,3,6.362517448615395,11,6.147143570840253,3,5.900804151307705,6,6.1
96,6.028278520230698,8,2018,1,0,0,1,0,0,1,0,0,0,5.946624220083936,1,6.137978611715534,43,5.946624220083936,1,5.946624220083936,1,6.3
115,2.4849066497880004,9,2017,0,0,0,0,0,0,0,0,0,0,5.692078765538481,1,5.692078765538481,1,5.692078765538481,1,5.692078765538481,1,3.5
91,7.466227556215481,13,2013,0,0,0,0,0,0,0,0,0,0,5.7557151291748445,1,5.7557151291748445,1,5.7557151291748445,1,5.7557151291748445,1,4.2
147,3.5263605246161616,41,1985,1,1,0,1,0,0,0,0,0,0,5.735110246958588,16,5.4725802696012575,88,5.819266660024954,27,5.911468511692314,26,4.7
111,6.363028103540465,15,2011,1,1,0,0,1,0,0,0,0,0,5.87234760149452,4,5.846624220083935,1,5.885605109301792,3,5.3794904586373775,4,5.2
118,2.772588722239781,20,2006,0,0,1,0,0,0,0,0,0,0,5.8375333109930265,1,5.322277075653853,22,5.385605109301792,3,5.794191094728219,5,5.1
140,5.676753802268282,27,1999,0,1,1,0,1,0,0,0,0,0,5.828442401902118,1,5.788992142407252,7,5.6937761729230925,4,5.668316657890117,18,5.0
135,4.584967478670572,45,1981,0,0,0,0,0,0,0,0,1,0,5.593762214030777,20,5.8264024600341955,17,6.007524428061553,5,6.308514656836931,15,6.2
130,2.3978952727983707,9,2017,0,0,0,1,0,0,0,0,0,0,5.90116967462939,1,5.90116967462939,1,5.793297416994099,3,5.87234760149452,4,5.8
130,4.3694478524670215,8,2018,1,0,0,1,0,0,0,0,0,0,5.751072201743607,2,5.785605109301792,3,5.7193514928112075,1,5.7193514928112075,1,3.8
123,10.933981587127947,8,2018,1,1,0,0,0,0,0,0,0,0,6.064806038265754,1,6.226072201743608,2,6.064806038265754,1,6.064806038265754,1,7.6
102,7.605890001053122,10,2016,1,0,0,1,0,0,0,0,0,0,6.019351492811208,1,6.111825912273516,8,6.019351492811208,1,6.277912801609484,3,7.1
104,7.304515946460155,7,2019,0,0,0,1,0,0,0,0,0,0,5.873896947356664,1,5.873896947356664,1,5.557054151307706,6,5.970220493917177,3,5.5
112,3.6109179126442243,35,1991,0,0,0,0,0,0,0,0,0,0,5.692738868410274,2,5.90116967462939,1,5.90116967462939,1,5.522937023384626,8,5.8
130,5.7430031878094825,26,2000,1,0,0,0,0,0,1,0,0,0,6.2508041513077055,6,6.037533310993027,1,6.08440553507694,2,6.037533310993027,1,7.3
127,3.6375861597263857,17,2009,1,0,0,0,0,0,0,0,0,0,5.793297416994099,3,6.154835878532561,3,5.955715129174845,1,5.955715129174845,1,6.4
144,9.485696794737327,16,2010,0,0,1,1,0,0,0,0,0,0,5.29419109472822,5,5.528400721966557,82,6.025536100871804,14,5.470124626996665,13,5.5
145,9.51613246360028,14,2012,0,1,0,1,0,0,0,1,0,0,5.29419109472822,5,5.528400721966557,82,5.732403019132877,12,5.684405535076941,2,5.3
140,9.06577692078483,10,2016,0,1,1,1,0,0,0,0,0,0,5.717738868410275,2,5.717738868410275,2,5.711656055020984,34,5.105940337943331,9,5.0
145,9.297343415597757,7,2019,1,1,0,1,0,0,0,0,0,0,5.692078765538481,1,5.528400721966557,82,5.692078765538481,1,5.470124626996665,13,3.5
153,5.303304908059076,68,1958,0,0,0,0,0,1,0,1,0,0,6.466201509566438,34,6.370643321046164,10,6.288268679421918,23,5.952993639091586,11,6.9
172,6.093569770045136,27,1999,1,0,0,0,0,0,0,0,0,0,6.944920978552715,17,6.182602372175832,18,5.316563957322251,27,5.884514656836932,15,6.4
130,4.948759890378168,39,1987,1,1,0,0,0,0,0,0,0,0,5.8092550617792735,13,5.921342085059831,89,5.542202767538471,14,5.8910888771868235,11,6.1
152,6.0330862217988015,31,1995,0,1,1,1,0,0,0,0,0,0,5.578820279170578,13,5.790996893509845,33,5.338956400804742,16,5.700857761394886,5,4.6
149,4.430816798843313,55,1971,0,0,0,1,1,0,0,0,0,1,6.085605109301792,3,6.019351492811208,1,5.759580377701369,7,6.047815671819016,7,7.1
149,8.889032571874742,22,2004,1,1,0,1,0,0,0,0,0,0,6.1977658056647,29,5.873312110041968,12,5.778254311886048,17,5.9531351783589805,26,7.0
107,5.459585514144159,18,2008,1,0,0,1,0,0,0,0,0,0,6.385605109301792,3,5.83440553507694,2,5.909405535076941,2,6.065643321046164,10,6.4
184,7.9355873855892,35,1991,1,1,0,1,0,0,0,0,0,0,6.000714801162405,8,6.128944742530841,101,5.729184115282061,11,5.400536100871804,14,6.8
168,7.355641102974253,27,1999,1,0,1,0,0,0,0,0,0,0,5.388036100871804,14,5.644648673347989,53,6.129702767538471,14,5.565784695424972,51,5.7
149,3.6375861597263857,37,1989,1,1,0,0,1,0,0,0,0,0,5.90116967462939,1,5.356708208998889,59,5.217024067247869,26,5.612521554171957,7,5.8
143,5.659482215759621,7,2019,1,0,0,0,0,0,0,0,0,0,5.89207876553848,1,5.884405535076941,2,5.89207876553848,1,5.89207876553848,1,5.7
177,9.769441741907062,27,1999,1,0,0,1,0,0,0,1,0,0,6.4848877063643835,9,5.950919030065949,4,5.44664870849705,16,5.807524428061553,5,7.5
156,4.04305126783455,41,1985,0,0,0,1,0,0,1,1,0,0,5.973896947356663,1,6.491721282179798,73,6.244872614659345,46,5.782602372175831,18,6.6
164,5.978885764901122,65,1961,1,0,1,0,0,0,0,1,0,0,6.154835878532561,3,6.603274868014205,55,6.378254311886048,17,6.200857761394886,5,7.5
154,5.262690188904886,31,1995,0,1,0,1,0,1,0,0,0,0,5.946624220083936,1,5.939515471802202,46,6.324514656836932,15,5.55958037770137,7,6.3
121,3.367295829986474,80,1946,1,0,0,0,0,0,0,0,0,0,5.980857761394886,5,6.131758955455638,3,6.019351492811208,1,6.019351492811208,1,7.1
126,2.3978952727983707,12,2014,0,0,0,1,0,0,0,0,0,0,5.851072201743608,2,5.805643321046165,10,5.937533310993026,1,5.937533310993026,1,6.2
145,6.375024819828097,32,1994,1,1,0,0,1,0,0,0,0,0,5.174472453083621,13,5.810260583720299,1,5.711656055020984,34,5.8910888771868235,11,4.8
142,5.181783550292085,33,1993,0,1,0,1,1,0,0,0,0,0,5.588992142407252,7,5.873896947356664,1,5.873896947356664,1,5.469725631573973,16,5.5
163,8.608312784783722,33,1993,1,0,1,1,0,0,0,0,0,0,5.785976865733128,39,6.578877771926745,32,5.843474236839166,34,5.739451263147946,3,7.4
168,5.991464547107982,25,2001,1,0,1,0,0,0,0,1,0,0,5.784405535076941,2,5.642738868410274,2,5.415643321046164,10,5.6177388684102745,2,4.2
119,5.777652323222656,22,2004,1,0,0,0,0,0,0,0,1,0,5.70116967462939,1,6.128944742530841,101,5.565084306497744,24,5.4861738007472605,18,3.6
161,7.20934025660291,24,2002,1,1,0,1,0,0,0,0,0,0,5.361036596488693,41,6.128944742530841,101,5.231796183454951,25,5.773896947356662,1,4.4
169,6.169610732491456,49,1977,1,1,0,1,0,0,0,0,0,0,6.390643321046165,10,5.939515471802202,46,6.028442401902117,1,6.042738868410274,2,7.2
144,2.772588722239781,75,1951,1,0,0,0,0,0,0,0,0,0,6.016374340071023,3,6.285643321046164,10,6.118766655496514,12,6.2772274365249,7,6.5
122,2.4849066497880004,46,1980,1,0,0,1,1,0,0,0,0,0,5.808061887208806,4,5.322277075653853,22,5.753698024760193,7,5.870220493917175,3,5.6
137,4.248495242049359,41,1985,1,0,0,0,0,1,0,0,0,0,5.5958507819487275,11,6.603274868014205,55,5.855715129174845,1,5.767738868410274,2,5.3
163,5.247024072160486,46,1980,1,1,0,0,0,0,0,0,0,0,6.216466653732805,9,6.471632800332116,53,6.288118693193251,31,5.795201703100598,29,6.5
138,3.8501476017100584,24,2002,0,0,1,0,0,0,0,1,0,0,5.89207876553848,1,5.767738868410274,2,5.89207876553848,1,6.067524428061552,5,5.7
177,8.903815211722922,27,1999,1,0,0,0,0,0,0,1,0,0,5.847524428061552,5,5.95940553507694,2,5.44664870849705,16,5.875643321046164,10,6.3
143,3.6375861597263857,31,1995,1,1,1,0,0,0,0,0,0,0,5.682054151307705,6,5.4725802696012575,88,6.208601383769235,38,5.6177388684102745,2,3.5
119,3.871201010907891,43,1983,0,1,0,0,0,0,0,0,0,0,5.174472453083621,13,5.3923579264167305,93,6.313861254619549,27,5.900378424144803,24,6.0
145,3.8918202981106265,36,1990,1,1,0,0,1,0,0,0,0,0,5.174472453083621,13,5.921342085059831,89,5.576869498317517,37,5.420643321046164,10,4.5
137,2.995732273553991,38,1988,1,0,0,0,0,0,0,0,0,0,5.831758955455637,3,6.249591938691465,81,5.750714801162405,8,5.777912801609484,3,5.8
153,5.953243334287785,26,2000,0,1,1,1,0,0,0,0,0,0,5.736050965936664,7,5.188992142407252,7,5.581565067663014,11,5.619351492811209,1,2.7
143,9.509481537516857,22,2004,1,0,1,1,0,0,0,0,0,0,5.675804151307705,6,5.644496071203626,24,5.966027075653853,22,5.976072201743608,2,7.0
125,6.513230110912307,16,2010,1,0,0,1,0,0,0,0,0,0,5.729490458637378,4,5.430994192214055,13,5.39015086425912,9,5.900804151307705,6,4.7
134,3.7612001156935624,21,2005,1,0,0,0,0,0,0,0,0,0,5.693297416994099,3,5.792078765538481,1,5.901072201743607,2,5.495643321046164,10,4.6
142,2.3978952727983707,55,1971,1,0,0,0,0,0,0,0,0,0,5.743776172923092,4,6.47834521208835,91,5.858479561965267,21,5.910260583720299,1,5.9
114,2.9444389791664403,11,2015,1,0,0,0,0,0,0,0,0,0,5.765204744351664,4,5.955715129174845,1,5.955715129174845,1,5.955715129174845,1,6.4
165,6.192362489474872,27,1999,1,0,1,1,0,0,0,0,0,0,5.58440553507694,2,4.990967175706513,55,5.379754014514597,19,5.990643321046164,10,5.3
126,5.676753802268282,15,2011,1,0,0,1,1,0,0,0,0,0,5.8152047443516635,4,4.900514656836932,15,5.757054151307706,6,5.525804151307705,6,3.6
174,8.796490207333578,24,2002,1,0,1,0,0,0,0,0,0,0,5.631758955455638,3,6.437236226541811,36,5.955253755513655,21,5.77680316290111,11,5.4
118,3.8501476017100584,81,1945,1,0,0,0,0,0,0,0,0,0,6.483168105257534,13,6.47834521208835,91,6.2010722017436075,2,6.184405535076941,2,7.5
91,4.7535901911063645,7,2019,1,1,1,0,0,0,0,0,0,0,5.819351492811208,1,5.559405535076941,2,5.776072201743607,2,5.819351492811208,1,4.9
135,3.332204510175204,23,2003,1,0,0,0,0,0,0,0,0,0,5.528442401902118,1,5.528442401902118,1,5.528442401902118,1,5.244554151307705,6,1.7
124,3.295836866004329,46,1980,1,0,0,0,0,0,1,1,0,0,6.1309941922140565,13,6.023907835909508,24,6.114191094728219,5,6.060857761394886,5,6.7
155,8.288534459413917,20,2006,1,0,1,0,0,0,0,0,0,0,5.468766655496513,12,5.528400721966557,82,5.811173800747261,18,5.705374591472538,11,5.2
128,6.315358001522335,20,2006,1,0,1,0,0,0,0,0,0,0,5.810260583720299,1,5.563439497071233,17,4.709255061779273,13,5.250714801162405,8,4.8
149,3.9512437185814275,19,2007,1,0,0,0,0,0,0,0,0,0,6.0471435708402534,3,6.00116967462939,1,6.00116967462939,1,6.00116967462939,1,6.9
133,9.379323364330956,12,2014,1,0,1,1,0,0,0,0,0,0,5.82406664776333,3,5.521729811627541,9,5.783109789466075,7,5.700584837314694,12,6.0
173,8.073402968986406,24,2002,0,1,1,0,0,0,0,1,0,0,5.825459515032975,18,5.825459515032975,18,5.581565067663014,11,5.835342018301013,13,6.4
120,2.302585092994046,43,1983,0,0,0,1,0,0,0,0,0,0,5.581264093112434,16,5.855715129174845,1,5.972347601494521,4,5.964221200951059,12,5.3
142,3.6635616461296463,52,1974,0,0,0,0,0,1,1,0,1,0,5.862528186224869,3,6.491721282179798,73,6.356032089663826,17,6.100584837314695,12,6.1
159,8.967121656230923,12,2014,1,0,1,1,0,0,0,0,0,0,5.29419109472822,5,5.644496071203626,24,5.135643321046165,10,5.6937761729230925,4,1.8
153,9.530174967444372,23,2003,1,0,1,1,0,0,0,0,0,0,6.1977658056647,29,5.873312110041968,12,5.271345083583722,7,6.100989724686406,3,7.5
141,8.66544076787644,11,2015,0,0,1,1,0,0,0,0,0,0,6.010260583720299,1,6.008682032378715,3,6.406639201230782,7,6.010260583720299,1,7.0
156,8.914894908906568,8,2018,1,0,1,1,0,0,0,0,0,0,6.709255061779273,13,6.206639201230781,7,6.1428025546508955,16,6.184405535076941,2,6.9
85,6.806829360392176,28,1998,1,0,1,1,0,0,0,0,0,0,6.519660305758252,11,6.028442401902117,1,6.028442401902117,1,6.028442401902117,1,7.2
118,4.77912349311153,20,2006,0,0,0,1,0,0,0,0,0,0,5.992078765538481,1,5.992078765538481,1,5.992078765538481,1,5.992078765538481,1,6.8
125,3.332204510175204,7,2019,0,0,0,1,0,0,0,0,0,0,5.846624220083935,1,5.846624220083935,1,5.846624220083935,1,5.846624220083935,1,5.2
129,6.267200548541362,22,2004,1,1,0,0,1,0,0,0,0,0,5.700989724686408,3,5.5008041513077055,6,5.928442401902117,1,5.928442401902117,1,6.1
95,6.855408798609928,16,2010,1,0,0,0,0,0,0,0,0,0,6.057054151307705,6,5.812521554171958,7,5.939603690051293,8,6.165204744351663,4,6.8
118,7.078341579557671,16,2010,0,0,1,1,0,0,0,0,0,0,5.707524428061553,5,6.250919030065949,4,5.930168612995487,7,5.248045601101226,9,6.0
117,6.8001700683022,7,2019,0,0,1,0,0,0,0,0,0,0,6.034405535076941,2,5.767738868410274,2,6.059405535076941,2,6.0760722017436075,2,6.5
88,8.267705664762426,16,2010,1,0,0,1,0,0,1,0,0,0,6.394554151307705,6,6.331758955455637,3,5.680643321046165,10,6.10116967462939,1,8.0
90,3.1780538303479458,11,2015,1,0,1,0,0,0,0,0,0,0,5.89207876553848,1,5.926072201743608,2,5.89207876553848,1,5.89207876553848,1,5.7
101,2.5649493574615367,6,2020,1,0,0,0,0,0,1,0,0,0,6.028442401902117,1,6.028442401902117,1,6.028442401902117,1,6.028442401902117,1,7.2
102,2.8903717578961645,11,2015,0,0,0,0,0,0,0,0,0,0,6.385605109301792,3,6.155715129174845,1,6.155715129174845,1,6.072347601494521,4,8.6
80,2.4849066497880004,8,2018,1,0,1,0,0,0,1,0,0,0,5.776072201743607,2,5.864806038265754,1,5.864806038265754,1,5.864806038265754,1,5.4
100,6.55250788703459,21,2005,1,0,0,0,0,0,0,0,0,0,6.026072201743607,2,5.888514656836931,15,5.379754014514597,19,5.883109789466076,7,7.3
120,3.258096538021482,13,2013,0,0,1,0,0,0,0,0,0,0,5.9193514928112085,1,5.9193514928112085,1,5.9193514928112085,1,5.9193514928112085,1,6.0
129,8.94585385712759,16,2010,1,0,1,1,0,0,0,0,0,0,5.52406664776333,3,5.932054151307705,6,5.695414022153858,9,5.908682032378715,3,5.6
98,3.044522437723423,6,2020,0,0,0,0,0,0,0,0,0,0,5.692078765538481,1,5.692078765538481,1,5.692078765538481,1,5.692078765538481,1,3.5
127,6.47543271670409,11,2015,0,0,1,1,0,0,0,0,0,0,5.739451263147946,3,5.739451263147946,3,5.5565146568369315,15,5.57419109472822,5,3.4
122,7.02108396428914,20,2006,1,0,0,1,0,0,0,0,0,0,5.746624220083936,1,5.563439497071233,17,5.746624220083936,1,5.350714801162405,8,4.1
93,2.0794415416798357,15,2011,1,0,0,0,0,0,0,0,0,0,5.767738868410274,2,7.100201037826927,54,7.047450176569067,83,6.927791280160949,120,3.7
108,7.509335266016592,13,2013,1,0,0,1,0,0,0,1,0,0,5.792078765538481,1,6.131652075653853,22,5.939451263147945,3,5.700989724686408,3,4.6
87,5.030437921392435,14,2012,1,0,0,0,0,0,0,0,0,0,6.00116967462939,1,6.126072201743607,2,6.00116967462939,1,6.00116967462939,1,6.9
126,4.7535901911063645,8,2018,0,1,0,0,0,1,0,0,0,0,5.864806038265754,1,5.70940553507694,2,5.864806038265754,1,5.864806038265754,1,5.4
92,4.1588830833596715,12,2014,1,0,0,1,0,0,0,0,0,0,5.827524428061553,5,5.910260583720299,1,5.910260583720299,1,6.200612686710633,11,5.9
131,3.6635616461296463,16,2010,1,0,0,1,0,0,0,0,0,0,5.782987856447572,1,5.83440553507694,2,5.6856433210461645,10,5.850804151307706,6,4.5
127,4.770684624465665,9,2017,1,0,0,0,0,0,0,0,0,0,5.964806038265754,1,6.12234760149452,4,5.984405535076941,2,5.964806038265754,1,6.5
134,6.448889394146858,32,1994,0,1,0,1,0,0,0,0,0,0,5.407883941515678,17,5.528400721966557,82,5.70116967462939,1,5.567738868410274,2,3.6
161,4.997212273764115,37,1989,1,1,0,0,0,0,0,0,0,0,5.379624548469647,9,5.3923579264167305,93,5.231796183454951,25,5.586948473678333,12,4.7
164,4.564348191467836,40,1986,1,0,0,0,0,0,1,0,0,0,5.581264093112434,16,6.249591938691465,81,5.819266660024954,27,5.964221200951059,12,6.0
133,2.0794415416798357,72,1954,1,0,1,0,0,0,1,0,0,0,6.15091903006595,4,6.409201953556568,24,6.307340221411149,19,5.928442401902117,1,6.1
140,3.6109179126442243,19,2007,0,1,0,0,0,0,0,0,0,0,6.210260583720299,1,6.210260583720299,1,6.215204744351664,4,6.210260583720299,1,9.2
131,3.332204510175204,52,1974,0,0,1,0,0,0,0,0,0,0,6.042738868410274,2,6.471632800332116,53,6.1657768009097085,13,6.281958015589752,17,7.4
152,4.143134726391533,39,1987,1,1,0,0,1,0,0,0,0,0,5.864806038265754,1,5.661825912273516,8,5.63870792480587,11,5.9713450835837225,7,5.4
156,5.181783550292085,49,1977,1,1,0,0,0,0,0,0,0,0,5.89207876553848,1,6.249591938691465,81,6.453319600615392,24,6.367143200774937,17,5.7
152,5.82600010738045,32,1994,1,1,1,0,0,0,0,0,0,0,5.376803162901108,11,5.219562361627795,52,5.926221497449138,21,5.673571785420127,16,5.3
153,4.1588830833596715,52,1974,1,0,0,0,0,0,1,0,0,0,6.0466242200839355,1,5.790996893509845,33,6.356032089663826,17,6.2951592456068495,8,7.4
78,2.70805020110221,16,2010,0,0,0,0,0,0,0,0,0,0,5.955715129174845,1,7.100201037826927,54,7.047450176569067,83,6.927791280160949,120,6.4
126,5.855071922202427,32,1994,1,0,0,1,0,0,0,0,0,0,6.001072201743607,2,6.249591938691465,81,6.288118693193251,31,6.008690733914536,26,7.1
143,2.0794415416798357,14,2012,1,0,0,0,0,0,0,0,0,0,5.910260583720299,1,5.910260583720299,1,5.700677180048594,9,5.910260583720299,1,5.9
117,6.359573868672378,9,2017,1,0,0,0,0,1,0,0,0,0,6.019351492811208,1,6.32036761202638,25,5.930168612995487,7,6.518403907113134,7,7.1
92,3.7376696182833684,11,2015,0,0,0,0,0,0,0,0,0,0,6.016374340071023,3,7.100201037826927,54,7.047450176569067,83,6.927791280160949,120,6.8
132,9.777300552285743,23,2003,1,1,1,0,0,0,0,0,0,0,5.388036100871804,14,5.346112564277431,51,5.770220493917176,3,6.067524428061552,5,7.1
108,5.342334251964811,19,2007,0,0,0,0,0,0,0,0,0,0,6.182987856447571,1,7.100201037826927,54,7.047450176569067,83,6.927791280160949,120,8.9
178,7.7025561132685825,25,2001,1,1,0,0,1,0,0,0,0,0,5.659405535076941,2,5.219562361627795,52,5.375536100871805,14,5.744496071203626,24,5.4
123,7.596894438144544,7,2019,0,1,0,0,0,1,0,0,0,1,6.114191094728219,5,5.800804151307705,6,5.782987856447572,1,5.920857761394886,5,4.5
143,5.389071729816501,30,1996,1,0,0,0,0,0,0,0,0,0,6.010260583720299,1,6.010260583720299,1,6.010260583720299,1,5.854191094728219,5,7.0
118,8.52377150677636,6,2020,1,0,0,1,0,0,0,0,0,0,5.646624220083935,1,5.626072201743607,2,5.646624220083935,1,5.467738868410275,2,3.0
90,1.791759469228055,5,2021,0,0,0,0,0,0,0,0,1,0,6.173896947356663,1,6.173896947356663,1,6.173896947356663,1,6.927791280160949,120,8.8
121,4.060443010546419,68,1958,1,0,0,0,0,0,0,0,0,0,6.037533310993027,1,6.20940553507694,2,6.170220493917176,3,6.037533310993027,1,7.3
158,5.683579767338681,37,1989,1,0,0,1,0,0,0,0,0,0,5.750714801162405,8,6.514947961485934,31,6.062528186224868,3,6.12406664776333,3,7.2
139,7.277247726631484,9,2017,1,0,0,0,0,1,0,0,0,0,6.052733322648839,13,5.9193514928112085,1,5.9193514928112085,1,5.907524428061553,5,6.0
135,5.247024072160486,49,1977,0,0,0,0,0,1,0,0,1,0,5.407883941515678,17,5.790996893509845,33,6.3758041513077055,6,6.14603938276924,12,6.9
125,7.820840879907344,13,2013,1,0,1,0,0,1,0,0,0,0,6.314221200951058,12,5.563439497071233,17,5.939451263147945,3,6.08440553507694,2,6.0
152,5.605802066295998,42,1984,1,1,0,0,0,1,0,0,0,0,5.527662618815857,23,6.128944742530841,101,6.101072201743608,2,6.305643321046165,10,5.8
144,3.6635616461296463,91,1935,1,0,0,0,0,0,0,0,0,0,6.154835878532561,3,6.131758955455638,3,6.1366333157802355,4,6.0466242200839355,1,7.4
129,1.9459101490553132,60,1966,1,1,0,0,0,0,0,0,0,1,6.136050965936664,7,6.0451592456068495,8,5.915204744351663,4,6.026072201743607,2,5.7
140,3.784189633918261,32,1994,1,1,0,0,0,0,0,0,0,0,5.80116967462939,1,5.570966659438921,24,5.231796183454951,25,5.684405535076941,2,4.7
162,3.367295829986474,40,1986,1,1,0,0,0,0,0,0,0,0,5.810260583720299,1,5.630428880697443,20,5.532731365321274,24,5.767738868410274,2,4.8
155,6.762729506931879,29,1997,1,1,0,1,0,0,0,0,0,0,5.554835878532561,3,5.528400721966557,82,5.375536100871805,14,5.570321660523082,30,4.2
136,4.532599493153256,22,2004,1,1,0,0,0,0,0,0,0,0,5.551072201743608,2,5.450919030065949,4,5.694554151307706,6,5.679624548469646,9,3.9
150,3.4011973816621555,44,1982,1,1,0,0,0,0,1,0,0,0,5.888992142407253,7,5.4725802696012575,88,5.858479561965267,21,5.782602372175831,18,5.4
135,3.6635616461296463,67,1959,1,0,0,0,0,0,1,1,0,0,6.466201509566438,34,6.229837873202802,34,6.722298540040144,13,6.365462730642546,7,6.8
133,2.6390573296152584,52,1974,1,0,0,0,0,0,1,0,0,0,5.8808577613948865,5,6.249591938691465,81,5.964806038265754,1,6.100536100871803,14,6.5
146,5.44673737166631,46,1980,1,0,0,0,1,0,0,0,0,0,6.568514656836932,15,5.9815650676630145,11,5.500459515032975,18,5.865204744351664,4,6.4
141,7.16703787691222,21,2005,1,1,0,0,1,0,0,0,0,0,5.801072201743608,2,5.528400721966557,82,5.338956400804742,16,5.986633315780234,4,4.6
180,5.572154032177765,32,1994,1,1,0,0,1,0,0,0,0,0,5.500989724686407,3,5.780643321046165,10,5.648045601101225,9,5.646624220083935,1,3.0
185,4.382026634673881,71,1955,1,1,1,0,0,0,0,0,0,0,6.288992142407252,7,6.759304267203161,29,6.27436139057491,9,6.0466242200839355,1,7.4
145,3.970291913552122,39,1987,0,1,0,0,0,0,0,0,0,0,5.465643321046164,10,5.921342085059831,89,5.819266660024954,27,5.420643321046164,10,4.6
82,4.882801922586371,14,2012,0,0,0,0,0,0,0,0,0,0,5.909405535076941,2,5.992078765538481,1,5.992078765538481,1,5.992078765538481,1,6.8
143,5.8377304471659395,35,1991,1,1,0,0,0,1,0,0,0,0,6.10627035671796,8,6.043776172923093,4,6.00116967462939,1,5.469098232680173,9,6.9
150,3.4011973816621555,35,1991,1,1,0,0,0,0,0,0,0,0,5.593762214030777,20,5.8264024600341955,17,5.876072201743607,2,5.729490458637378,4,6.2
124,3.4965075614664802,8,2018,0,1,0,0,0,0,0,0,0,0,5.934405535076941,2,5.992078765538481,1,5.992078765538481,1,5.992078765538481,1,6.8
144,3.8918202981106265,57,1969,1,0,0,0,0,1,0,0,0,0,6.0080618872088065,4,6.47834521208835,91,6.565643321046164,10,6.308061887208806,4,6.8
155,5.0369526024136295,23,2003,1,1,0,0,0,1,0,0,0,0,5.080321660523082,30,5.509405535076941,2,6.034405535076941,2,5.7010722017436075,2,5.1
159,3.4339872044851463,34,1992,1,0,0,0,0,0,1,1,0,0,5.726072201743608,2,5.661825912273516,8,5.5471435708402534,3,5.911468511692314,26,3.8
138,2.3978952727983707,25,2001,0,0,0,1,1,0,0,0,0,0,5.610260583720299,1,5.377912801609484,3,5.293297416994099,3,5.610260583720299,1,2.6
127,4.454347296253507,22,2004,0,1,0,0,0,1,0,0,0,0,5.870643321046164,10,6.32036761202638,25,5.776072201743607,2,5.828442401902118,1,5.0
138,4.143134726391533,52,1974,0,1,0,0,1,0,0,0,0,0,5.9927388684102745,2,5.921342085059831,89,6.364745229318689,18,6.3007568482896055,7,6.5
175,7.641564441260972,27,1999,1,1,0,0,1,0,0,0,0,0,5.595643321046164,10,5.528400721966557,82,5.275643321046164,10,5.810260583720299,1,4.8
116,1.791759469228055,53,1973,1,0,0,0,0,0,0,0,0,0,5.90116967462939,1,5.90116967462939,1,5.90116967462939,1,5.90116967462939,1,5.8
132,9.691901950055648,21,2005,1,0,0,0,0,0,0,0,0,0,6.519660305758252,11,5.611203495838068,9,6.387511820029784,21,6.110260583720299,1,8.1
130,3.7376696182833684,20,2006,0,0,1,1,0,0,0,0,0,0,5.571345083583723,7,5.80116967462939,1,5.80116967462939,1,5.80116967462939,1,4.7
109,7.158513997329321,9,2017,1,0,0,0,0,1,0,0,1,0,5.946624220083936,1,6.137978611715534,43,5.943469829567776,11,5.745159245606849,8,6.3
131,5.634789603169249,30,1996,0,0,0,0,1,1,0,0,0,0,6.314221200951058,12,5.982987856447571,1,5.982987856447571,1,6.092738868410275,2,6.7
155,3.6635616461296463,7,2019,0,0,0,1,0,0,0,0,0,0,5.828442401902118,1,5.828442401902118,1,5.828442401902118,1,5.817738868410274,2,5.0
129,2.3978952727983707,62,1964,1,0,0,0,0,0,0,0,0,0,6.024286260054311,7,5.85958037770137,7,6.358187170035511,16,6.0008041513077055,6,5.4
152,2.0794415416798357,18,2008,0,0,0,0,1,0,0,0,0,0,5.80116967462939,1,5.80116967462939,1,5.507054151307706,6,5.505940337943332,9,4.7
120,8.874308038583354,14,2012,1,1,1,0,0,0,0,0,0,0,6.093297416994099,3,5.800804151307705,6,6.018403907113134,7,5.95940553507694,2,6.5
103,4.969813299576001,13,2013,0,0,1,0,0,0,0,0,0,0,5.610260583720299,1,5.610260583720299,1,5.739451263147946,3,5.610260583720299,1,2.6
131,4.0943445622221,52,1974,1,0,1,0,0,0,0,0,0,0,5.5958507819487275,11,6.603274868014205,55,6.313861254619549,27,6.277857564587422,12,7.3
95,6.62273632394984,13,2013,0,0,1,1,0,0,0,0,0,0,5.542738868410274,2,5.965204744351664,4,5.7193514928112075,1,5.776072201743607,2,3.8
161,9.223157875686796,29,1997,1,1,0,1,0,0,0,0,0,0,5.542202767538471,14,6.578877771926745,32,5.338956400804742,16,5.763036100871804,14,6.9
125,4.574710978503383,10,2016,0,0,1,0,0,0,0,0,0,0,5.737533310993026,1,5.737533310993026,1,5.737533310993026,1,5.436948473678331,12,4.0
148,5.0238805208462765,22,2004,0,0,1,0,0,0,0,0,0,0,5.655715129174845,1,5.450919030065949,4,5.081565067663014,11,5.288304151307706,6,3.1
135,2.5649493574615367,9,2017,1,0,0,1,0,0,0,0,0,0,5.90116967462939,1,5.90116967462939,1,5.700677180048594,9,5.5700868612400996,23,5.8
120,3.9512437185814275,11,2015,0,0,1,0,0,0,0,0,0,0,5.992078765538481,1,5.992078765538481,1,5.992078765538481,1,5.992078765538481,1,6.8
134,2.3978952727983707,32,1994,0,0,1,0,0,0,0,0,0,0,5.859405535076941,2,5.783109789466075,7,5.751072201743607,2,5.450919030065949,4,5.7
122,2.5649493574615367,8,2018,1,0,1,0,0,1,0,0,0,0,5.873896947356664,1,5.792738868410274,2,5.659405535076941,2,5.873896947356664,1,5.5
134,8.278428259199071,23,2003,0,0,1,1,0,0,0,0,0,0,5.793297416994099,3,5.813762214030776,20,5.947815671819018,7,5.9193514928112085,1,6.0
132,5.0238805208462765,11,2015,0,0,1,0,0,0,0,0,0,0,6.017738868410274,2,5.708682032378714,3,5.7427388684102745,2,5.810260583720299,1,4.8
118,5.123963979403259,8,2018,0,0,1,1,0,0,0,0,0,0,5.746624220083936,1,5.746624220083936,1,5.500459515032975,18,5.925804151307705,6,4.1
118,9.2179116374725,16,2010,1,0,1,1,0,0,0,0,0,0,6.3866333157802355,4,6.3062703567179605,8,6.387511820029784,21,5.500559409605361,13,7.3
140,6.405228458030842,34,1992,1,1,0,1,0,0,0,0,0,0,5.836050965936664,7,6.578877771926745,32,5.532256127417016,9,5.911468511692314,26,5.7
139,5.971261839790462,16,2010,1,0,1,1,0,0,0,0,0,0,6.142738868410274,2,5.939451263147945,3,5.842738868410275,2,5.495643321046164,10,5.4
92,2.9444389791664403,9,2017,0,1,0,0,0,0,0,0,0,0,6.08440553507694,2,5.955715129174845,1,5.955715129174845,1,5.95940553507694,2,6.4
135,2.1972245773362196,9,2017,0,1,0,0,0,0,0,0,0,0,6.08440553507694,2,6.055715129174845,1,6.055715129174845,1,6.055715129174845,1,7.5
129,3.828641396489095,28,1998,1,1,0,0,1,0,0,0,0,0,5.773896947356662,1,5.39015086425912,9,5.759580377701369,7,5.83419109472822,5,4.4
108,5.755742213586912,11,2015,1,0,0,0,0,0,0,0,0,0,5.982987856447571,1,6.0266463661271,13,5.982987856447571,1,6.100857761394886,5,6.7
148,6.0867747269123065,13,2013,1,0,1,0,0,0,0,0,0,0,5.884405535076941,2,5.747524428061553,5,5.4548358785325615,3,5.825804151307706,6,4.5
130,1.9459101490553132,64,1962,1,0,0,0,0,0,0,0,0,0,6.466201509566438,34,6.47834521208835,91,6.118766655496514,12,6.269725631573973,16,6.7
137,6.579251212010101,23,2003,1,0,0,1,1,0,0,0,0,0,5.843776172923092,4,5.430994192214055,13,5.740857761394887,5,6.186633315780235,4,7.3
131,6.222576268071369,16,2010,1,0,0,0,0,0,0,0,0,0,6.2508041513077055,6,6.106639201230782,7,5.95940553507694,2,6.065643321046164,10,6.8
138,3.5553480614894135,39,1987,1,0,0,0,0,0,1,0,0,0,5.828442401902118,1,5.971369434205137,14,6.288118693193251,31,5.6831097894660765,7,5.0
154,5.680172609017068,29,1997,1,1,1,0,0,0,0,0,0,0,5.468766655496513,12,5.396410830261542,70,5.275643321046164,10,5.9531351783589805,26,3.5
138,4.276666119016055,45,1981,0,0,0,1,0,0,1,0,0,0,6.00116967462939,1,6.471632800332116,53,6.1718880864615455,18,5.9317589554556385,3,6.9
140,8.971575439759016,12,2014,1,1,0,1,0,0,0,0,0,0,5.717738868410275,2,5.717738868410275,2,5.711656055020984,34,5.870220493917175,3,4.5
93,2.302585092994046,14,2012,0,0,0,1,0,0,0,0,0,0,5.700857761394886,5,5.322277075653853,22,5.575804151307706,6,5.244554151307705,6,4.3
104,6.893656354602635,57,1969,0,0,0,0,1,1,0,0,1,0,6.641027075653853,22,6.491721282179798,73,6.378254311886048,17,6.100536100871803,14,7.4
138,4.394449154672439,25,2001,1,1,0,1,0,0,0,0,0,0,5.540857761394887,5,4.91827862617752,29,5.6937761729230925,4,5.672347601494521,4,4.5
105,9.291274989472182,9,2017,0,0,0,0,1,1,0,0,1,0,5.801072201743608,2,5.877227436524898,7,5.64603938276924,12,5.835342018301013,13,7.2
135,4.31748811353631,58,1968,1,0,1,0,0,0,0,0,0,0,6.291088877186824,11,5.921342085059831,89,6.356032089663826,17,6.010260583720299,1,7.0
156,3.784189633918261,35,1991,1,1,0,0,0,0,0,0,0,0,5.333946020043966,11,5.333601383769235,38,5.8008577613948855,5,5.359777075653853,22,5.8
172,5.214935757608986,36,1990,1,1,0,0,1,0,0,0,0,0,5.619152075653853,22,5.8677388684102745,2,6.487515931344491,13,5.400536100871804,14,5.0
127,2.9444389791664403,9,2017,1,0,0,0,0,0,0,0,0,0,5.855715129174845,1,5.855715129174845,1,5.855715129174845,1,5.855715129174845,1,5.3
173,6.184148890937483,37,1989,0,0,0,1,0,0,0,0,0,0,6.069725631573973,16,6.128944742530841,101,5.756652075653853,22,5.54664870849705,16,4.1
122,5.043425116919247,22,2004,1,0,0,0,1,1,0,0,0,0,5.6136028878662305,13,5.6258041513077055,6,5.371391221603244,28,5.933946020043966,11,6.5
134,6.881411303642535,33,1993,1,1,0,0,0,0,0,0,0,0,5.750714801162405,8,5.346112564277431,51,5.185672541791862,24,5.90091903006595,4,4.2
165,4.7535901911063645,74,1952,0,0,0,0,1,1,0,0,0,0,6.536050965936664,7,6.603274868014205,55,6.350804151307706,6,5.952993639091586,11,7.2
156,3.4657359027997265,59,1967,1,1,0,0,1,0,0,0,0,0,6.050919030065949,4,6.147815671819017,7,6.34709554736411,20,6.100536100871803,14,5.8
136,2.1972245773362196,57,1969,0,1,0,0,0,0,0,0,0,0,6.061825912273516,8,6.00116967462939,1,6.00116967462939,1,5.970220493917177,3,6.9
142,6.131226489483141,23,2003,1,1,1,0,0,0,0,0,0,0,5.278820279170577,13,5.219562361627795,52,5.8068666587394615,21,5.6177388684102745,2,4.1
155,4.356708826689592,66,1960,1,1,0,0,1,0,0,0,0,0,6.466201509566438,34,6.603274868014205,55,6.722298540040144,13,6.037533310993027,1,7.3
170,6.293419278846481,30,1996,1,1,1,0,0,0,0,0,0,0,5.468766655496513,12,5.396410830261542,70,5.275643321046164,10,5.9531351783589805,26,4.1
160,3.8918202981106265,39,1987,0,1,0,0,0,0,0,0,0,0,6.142782443206489,9,5.921342085059831,89,5.704030943604403,18,6.186948473678331,12,5.6
140,2.0794415416798357,51,1975,1,0,0,0,0,0,0,0,0,0,5.910260583720299,1,6.062528186224868,3,5.910260583720299,1,6.100989724686406,3,5.9
139,3.784189633918261,41,1985,0,1,0,0,0,0,0,0,0,0,5.540857761394887,5,5.356708208998889,59,5.563835074785437,9,6.009405535076941,2,4.7
137,1.791759469228055,36,1990,0,1,0,0,0,0,0,0,0,0,5.75483587853256,3,5.200714801162405,8,5.715204744351664,4,5.973896947356663,1,6.6
180,4.672828834461906,34,1992,1,1,0,0,1,0,0,0,0,0,5.593776172923092,4,4.990967175706513,55,5.806639201230782,7,5.788613718262449,24,5.3
150,4.997212273764115,34,1992,1,0,1,0,0,0,0,0,0,0,5.748045601101226,9,5.779490458637378,4,5.809405535076941,2,5.910260583720299,1,5.9
127,4.23410650459726,34,1992,0,0,1,0,0,0,0,0,0,0,5.080321660523082,30,5.847524428061552,5,5.8788202791705775,13,5.570321660523082,30,4.6
153,7.441906728051625,27,1999,1,0,1,0,0,0,0,0,0,0,5.810260583720299,1,5.346112564277431,51,5.379754014514597,19,5.810260583720299,1,4.8
132,9.507923269105227,43,1983,1,0,0,1,1,0,0,0,0,0,5.736050965936664,7,6.137978611715534,43,6.12406664776333,3,6.137533310993026,1,8.4
155,5.123963979403259,20,2006,0,1,0,0,1,0,0,0,0,0,5.619351492811209,1,5.619351492811209,1,5.619351492811209,1,5.407524428061553,5,2.7
175,3.4339872044851463,28,1998,1,0,0,1,0,0,1,0,0,0,5.567524428061552,5,5.6738969473566625,1,5.217024067247869,26,5.6937761729230925,4,3.3
94,6.3473892096560105,16,2010,1,0,0,1,0,0,0,0,0,0,5.329490458637379,4,5.90627035671796,8,5.711656055020984,34,5.708682032378714,3,3.8
131,3.6635616461296463,8,2018,1,0,0,0,0,0,0,0,0,0,5.810260583720299,1,5.805643321046165,10,5.676072201743608,2,5.521729811627541,9,4.8
155,10.158904664400634,18,2008,1,0,1,1,0,0,0,0,0,0,6.059405535076941,2,5.932054151307705,6,6.000857761394886,5,5.731758955455637,3,7.5
139,3.713572066704308,55,1971,1,0,0,0,0,0,0,0,0,0,6.466201509566438,34,6.6843833277482565,34,6.1657768009097085,13,5.964806038265754,1,6.5
110,3.8918202981106265,50,1976,1,0,1,0,1,0,0,0,0,0,6.5142212009510585,12,6.603274868014205,55,6.244872614659345,46,6.292202767538471,14,6.8
165,9.0142038261485,20,2006,1,0,0,1,0,0,0,1,0,0,5.5702204939171756,3,5.346112564277431,51,5.711656055020984,34,6.006639201230782,7,6.1
153,4.2626798770413155,43,1983,1,1,0,1,0,0,0,0,0,0,5.735110246958588,16,5.921342085059831,89,5.704030943604403,18,6.024286260054311,7,5.8
154,6.1224928095143865,47,1979,0,1,0,0,0,0,0,0,1,0,5.465643321046164,10,6.229837873202802,34,6.453319600615392,24,6.084549116340087,28,6.1
170,8.083637203141548,24,2002,0,1,0,0,0,1,0,0,0,0,5.465643321046164,10,5.219562361627795,52,5.417738868410274,2,5.758187170035511,16,2.8
124,4.762173934797756,11,2015,1,0,1,0,0,0,0,0,0,0,5.977912801609484,3,5.828442401902118,1,5.828442401902118,1,5.828442401902118,1,5.0
172,7.8551570058813445,27,1999,1,1,0,0,1,0,0,0,0,0,5.063835074785437,9,5.528400721966557,82,5.185672541791862,24,5.448045601101226,9,6.0
155,3.6109179126442243,54,1972,0,1,0,0,0,1,0,0,0,1,6.120857761394886,5,6.249591938691465,81,5.9937622140307765,20,6.031758955455638,3,6.3
129,2.833213344056216,37,1989,1,0,0,0,1,0,0,0,0,0,5.809405535076941,2,6.249591938691465,81,5.500459515032975,18,6.087524428061553,5,4.2
143,9.870447698457928,9,2017,1,0,1,1,0,0,0,0,0,0,6.322937023384627,8,6.437236226541811,36,6.10627035671796,8,5.855715129174845,1,5.3
141,5.631211781821365,61,1965,0,0,1,0,0,0,0,1,0,0,5.711203495838068,9,5.99419109472822,5,6.594801845025647,26,6.350584837314695,12,6.9
139,4.795790545596741,65,1961,1,0,0,1,0,0,0,1,0,0,6.390643321046165,10,6.603274868014205,55,6.438036100871805,14,6.147524428061553,5,6.8
136,3.295836866004329,63,1963,1,0,1,0,0,0,0,0,0,0,6.088304151307705,6,5.918403907113135,7,6.350804151307706,6,5.937533310993026,1,6.2
176,10.863450612866469,14,2012,1,0,1,0,0,0,0,0,0,0,6.641027075653853,22,6.437236226541811,36,5.811173800747261,18,6.015204744351664,4,6.7
94,2.70805020110221,10,2016,1,0,0,0,0,0,0,0,0,0,5.8829878564475715,1,5.747143570840253,3,5.8829878564475715,1,5.8829878564475715,1,5.6
138,10.799840848027767,19,2007,1,0,1,1,0,0,0,0,0,0,6.322937023384627,8,5.813762214030776,20,5.778254311886048,17,5.809405535076941,2,7.9
158,3.2188758248682006,59,1967,0,0,1,0,0,0,1,0,0,0,6.158061887208807,4,6.346888086461546,18,6.208601383769235,38,6.134405535076941,2,6.5
125,7.183870715062453,7,2019,1,1,0,1,0,0,0,0,0,0,5.773896947356662,1,5.877227436524898,7,6.018403907113134,7,5.436948473678331,12,4.4
98,6.573680166960646,8,2018,0,0,0,1,0,0,1,0,0,0,6.016374340071023,3,6.285605109301792,3,6.036633315780235,4,5.851072201743608,2,7.5
132,6.582025138892826,13,2013,0,0,0,1,0,1,0,0,0,0,5.377912801609484,3,6.137978611715534,43,4.920857761394886,5,5.555715129174844,1,2.0
112,2.8903717578961645,7,2019,1,0,0,0,0,0,0,0,0,0,6.110260583720299,1,6.294191094728219,5,6.110260583720299,1,6.110260583720299,1,8.1
112,3.8501476017100584,49,1977,0,0,1,0,0,0,0,0,0,0,5.968316657890118,18,6.47834521208835,91,6.1419333188778396,7,5.782602372175831,18,6.1
163,3.4657359027997265,48,1978,0,0,0,0,0,0,0,0,0,0,5.973896947356663,1,5.973896947356663,1,5.973896947356663,1,5.973896947356663,1,6.6
161,9.151545325465678,9,2017,0,1,0,1,0,0,0,0,0,1,6.090643321046164,10,6.296369434205137,14,5.811173800747261,18,5.964806038265754,1,6.5
135,5.056245805348308,42,1984,1,1,0,0,0,0,0,0,0,1,6.212514656836931,15,5.921342085059831,89,6.313861254619549,27,5.795201703100598,29,6.4
139,2.8903717578961645,25,2001,1,1,0,0,1,0,0,0,0,0,5.412902075653853,22,5.178820279170577,13,5.458061887208807,4,5.357054151307706,6,5.1
138,4.948759890378168,71,1955,1,0,0,1,0,0,1,0,0,0,6.459735793367529,17,6.450714801162405,8,6.017738868410274,2,6.288304151307706,6,6.8
137,3.7612001156935624,19,2007,0,1,0,1,1,0,0,0,0,0,5.728442401902117,1,4.990967175706513,55,5.792738868410274,2,5.751072201743607,2,3.9
138,3.332204510175204,57,1969,1,0,0,0,0,0,1,0,0,0,6.2954140221538575,9,6.249591938691465,81,6.244872614659345,46,6.154191094728219,5,6.4
173,3.1780538303479458,27,1999,0,0,1,0,0,0,0,0,0,0,5.928442401902117,1,5.75483587853256,3,5.939451263147945,3,5.820857761394886,5,6.1
199,4.955827057601261,15,2011,0,0,0,0,0,0,0,0,0,0,6.740857761394887,5,7.100201037826927,54,7.047450176569067,83,6.927791280160949,120,8.7
141,2.1972245773362196,7,2019,0,0,0,0,0,0,1,0,0,0,6.082987856447573,1,6.082987856447573,1,6.0471435708402534,3,5.884405535076941,2,7.8
149,7.806289289267033,10,2016,1,0,0,0,1,0,0,0,0,0,6.335342018301013,13,5.90627035671796,8,5.8829878564475715,1,5.822347601494521,4,5.6
135,9.820757904937132,12,2014,1,1,0,0,0,0,0,0,0,0,5.544554151307706,6,5.346112564277431,51,5.659405535076941,2,5.884514656836932,15,5.1
85,4.02535169073515,11,2015,0,0,0,1,0,0,0,0,0,0,5.846624220083935,1,5.846624220083935,1,5.846624220083935,1,5.970220493917177,3,5.2
127,3.6375861597263857,19,2007,1,0,0,0,0,0,0,0,0,0,6.0920787655384805,1,6.0920787655384805,1,6.0920787655384805,1,6.0920787655384805,1,7.9
100,3.367295829986474,11,2015,1,0,0,0,0,0,0,0,0,0,5.846624220083935,1,5.695643321046164,10,5.846624220083935,1,5.7427388684102745,2,5.2
129,6.436150368369428,32,1994,1,1,0,0,0,0,0,0,0,0,5.393776172923092,4,5.528400721966557,82,5.467381467829071,8,5.8375333109930265,1,5.1
162,1.791759469228055,75,1951,0,0,0,0,0,0,0,0,0,0,5.901072201743607,2,6.194191094728219,5,6.184405535076941,2,6.40627035671796,8,7.2
103,6.71901315438526,6,2020,1,0,1,1,0,0,0,0,0,0,5.70116967462939,1,5.472347601494521,4,6.250804151307706,6,5.932054151307705,6,3.6
145,4.77912349311153,51,1975,1,0,0,0,0,0,0,0,0,0,6.017738868410274,2,6.148045601101225,9,6.100989724686406,3,6.070220493917176,3,6.2
90,2.995732273553991,36,1990,1,0,0,0,0,0,0,0,0,0,5.763304151307706,6,6.491721282179798,73,5.704030943604403,18,5.990643321046164,10,5.3
160,5.605802066295998,17,2009,0,1,0,0,1,0,0,0,0,1,5.700989724686408,3,5.153308758995962,9,5.687524428061552,5,5.859405535076941,2,3.6
195,4.477336814478207,31,1995,0,1,0,0,0,0,0,0,0,0,5.816374340071023,3,5.356708208998889,59,5.831758955455637,3,5.9531351783589805,26,5.0
131,7.1252830915107115,17,2009,1,0,0,0,0,0,0,0,0,0,6.052733322648839,13,6.32036761202638,25,6.095414022153857,9,5.907524428061553,5,6.2
134,3.58351893845611,53,1973,1,0,0,0,0,0,1,0,0,0,5.892738868410274,2,5.4725802696012575,88,5.983224754883523,25,5.855715129174845,1,5.3
168,5.4116460518550396,37,1989,1,0,0,1,0,0,0,0,0,0,5.400857761394886,5,4.990967175706513,55,5.658061887208807,4,5.469725631573973,16,5.6
152,2.833213344056216,49,1977,1,1,0,0,0,0,0,0,0,1,6.0562703567179605,8,5.4725802696012575,88,5.983224754883523,25,5.846624220083935,1,5.2
122,6.762729506931879,23,2003,0,1,0,1,0,0,0,0,0,1,5.8677388684102745,2,5.876072201743607,2,5.680643321046165,10,6.051072201743608,2,5.8
126,6.12029741895095,13,2013,1,0,0,0,0,0,0,0,0,0,6.051072201743608,2,5.83440553507694,2,6.294191094728219,5,5.958061887208806,4,6.7
130,2.772588722239781,46,1980,0,0,0,0,0,0,0,0,0,0,6.142782443206489,9,5.4725802696012575,88,5.837304297111666,52,6.2951592456068495,8,5.7
112,7.8160138391590275,8,2018,1,0,1,0,0,0,0,0,0,0,5.9193514928112085,1,5.8677388684102745,2,5.9193514928112085,1,5.9193514928112085,1,6.0
144,5.093750200806762,31,1995,1,1,0,0,0,0,0,0,0,0,5.032514656836931,15,5.3923579264167305,93,5.920857761394886,5,5.582054151307705,6,5.7
185,3.5263605246161616,49,1977,0,0,0,0,0,0,0,0,0,0,6.010260583720299,1,6.6328884004548545,36,6.010260583720299,1,5.980514656836932,15,7.0
94,5.929589143389895,14,2012,1,0,0,0,0,0,1,0,1,0,6.394554151307705,6,6.331758955455637,3,6.019351492811208,1,6.019351492811208,1,7.1
134,5.0106352940962555,39,1987,0,1,0,0,0,1,0,0,0,0,5.870643321046164,10,6.137978611715534,43,5.973896947356663,1,5.973896947356663,1,6.6
92,6.016157159698354,5,2021,1,0,0,0,0,0,1,0,0,0,6.055715129174845,1,6.294191094728219,5,6.293776172923093,4,5.984405535076941,2,7.5
114,4.127134385045092,76,1950,1,0,1,0,0,0,0,0,0,0,6.093297416994099,3,6.972277075653853,22,6.772514656836932,15,6.148514656836932,15,7.1
157,3.332204510175204,31,1995,1,1,0,0,0,0,0,0,0,0,5.651072201743607,2,5.4725802696012575,88,5.858479561965267,21,5.782602372175831,18,4.0
150,2.70805020110221,32,1994,0,0,0,0,1,1,0,0,0,0,5.826992969522278,9,5.80709554736411,20,5.532256127417016,9,5.654835878532561,3,4.0
124,3.367295829986474,20,2006,1,0,1,0,0,0,0,0,0,0,5.900989724686407,3,5.567738868410274,2,5.467381467829071,8,5.773896947356662,1,4.4
162,5.883322388488279,23,2003,1,1,0,0,0,0,0,1,0,0,5.684048134495738,8,5.89396343293301,21,5.415643321046164,10,5.359405535076941,2,2.9
175,6.4967749901858625,40,1986,1,1,0,0,0,0,0,0,0,0,5.684048134495738,8,5.89396343293301,21,5.532731365321274,24,5.990643321046164,10,6.2
140,4.174387269895637,54,1972,0,0,1,0,0,0,0,0,0,1,6.151072201743607,2,6.000989724686407,3,5.983224754883523,25,6.07419109472822,5,6.7
110,2.4849066497880004,10,2016,0,0,0,0,0,0,0,0,1,0,5.619351492811209,1,5.619351492811209,1,5.619351492811209,1,5.619351492811209,1,2.7
140,3.044522437723423,14,2012,0,0,1,0,0,1,0,1,0,0,5.7557151291748445,1,5.7557151291748445,1,5.7557151291748445,1,5.7557151291748445,1,4.2
139,2.302585092994046,90,1936,1,0,0,0,0,0,0,0,0,0,6.014191094728219,5,6.034191094728219,5,6.288268679421918,23,5.910260583720299,1,5.9
150,8.58185670474196,14,2012,1,0,0,0,1,1,0,0,0,0,5.950919030065949,4,5.543224754883523,25,6.079490458637379,4,5.686633315780235,4,6.2
135,2.1972245773362196,8,2018,0,0,0,0,0,0,0,1,0,0,5.628442401902117,1,5.628442401902117,1,5.628442401902117,1,5.628442401902117,1,2.8
140,8.71292443512011,18,2008,1,0,1,0,1,0,0,0,0,0,5.950919030065949,4,5.543224754883523,25,6.00116967462939,1,6.00116967462939,1,6.9
126,3.8066624897703196,47,1979,1,0,0,1,1,0,0,0,0,0,5.975804151307706,6,6.491721282179798,73,6.288268679421918,23,6.163304151307706,6,6.5
138,4.804021044733257,41,1985,0,1,1,1,0,0,0,0,0,0,6.090643321046164,10,6.514947961485934,31,6.022347601494521,4,5.736633315780234,4,6.0
125,5.5254529391317835,17,2009,1,0,1,0,0,0,0,1,0,0,5.420857761394886,5,5.539451263147945,3,5.717738868410275,2,5.8677388684102745,2,3.9
139,8.112827478751374,9,2017,0,0,0,1,0,0,0,0,0,0,5.95940553507694,2,5.947143570840253,3,5.900804151307705,6,5.90116967462939,1,5.8
160,2.995732273553991,42,1984,1,1,1,0,0,0,0,0,0,0,5.892738868410274,2,5.8829878564475715,1,5.642782443206489,9,6.100584837314695,12,5.6
119,8.759668671029939,6,2020,1,0,0,1,0,0,0,0,0,0,6.320857761394886,5,5.644496071203626,24,5.973896947356663,1,5.884514656836932,15,6.6
134,3.044522437723423,56,1970,1,1,1,0,0,0,0,0,0,0,5.676072201743608,2,6.47834521208835,91,6.307340221411149,19,5.905940337943331,9,5.2
157,2.1972245773362196,84,1942,1,0,0,0,0,0,0,0,0,0,6.147143570840253,3,6.064806038265754,1,6.064806038265754,1,6.101072201743608,2,7.6
82,1.791759469228055,58,1968,0,0,0,0,0,0,1,0,0,0,5.9193514928112085,1,5.9193514928112085,1,5.9193514928112085,1,5.9193514928112085,1,6.0
135,3.6375861597263857,39,1987,0,1,0,0,0,0,0,0,0,0,5.588992142407252,7,5.333601383769235,38,5.992239632997927,27,6.084549116340087,28,5.6
111,6.142037405587356,20,2006,1,0,1,1,0,0,0,0,0,0,5.637533310993026,1,5.543224754883523,25,5.143776172923092,4,5.407054151307706,6,2.9
120,2.1972245773362196,37,1989,1,0,0,0,0,0,0,0,0,0,5.393776172923092,4,5.428492578940183,8,5.715204744351664,4,5.792078765538481,1,4.6
143,2.0794415416798357,67,1959,1,0,0,0,0,0,0,0,0,0,5.978492578940183,8,5.918403907113135,7,6.358187170035511,16,5.970220493917177,3,5.0
163,6.481577129276431,36,1990,1,0,1,0,0,0,0,0,0,0,5.9932974169941,3,6.578877771926745,32,5.532256127417016,9,5.436948473678331,12,5.6
130,7.147559271189454,13,2013,0,1,1,1,0,0,0,0,0,0,5.855715129174845,1,5.400612686710633,11,5.620857761394886,5,5.855715129174845,1,5.3
119,8.124446855715847,11,2015,1,1,0,0,1,0,0,0,0,0,5.743469829567776,11,5.950919030065949,4,5.850536100871803,14,6.277857564587422,12,5.8
124,3.295836866004329,46,1980,1,0,0,0,0,0,0,0,0,0,5.711203495838068,9,5.80709554736411,20,6.028492578940183,8,5.7557151291748445,1,4.2
123,3.4657359027997265,14,2012,1,1,0,0,1,0,0,0,0,0,5.670220493917176,3,5.70940553507694,2,5.873896947356664,1,6.172937023384628,8,5.5
173,4.605170185988092,9,2017,1,0,0,0,0,0,0,0,0,0,5.864806038265754,1,5.416374340071022,3,5.864806038265754,1,5.700584837314694,12,5.4
150,4.2626798770413155,34,1992,0,1,1,0,0,0,0,0,0,0,5.588992142407252,7,5.356708208998889,59,5.371391221603244,28,5.436948473678331,12,4.8
137,6.591673732008658,24,2002,0,0,1,1,0,0,0,0,0,0,5.586633315780235,4,5.521729811627541,9,5.642738868410274,2,5.362528186224869,3,4.4
144,2.8903717578961645,35,1991,0,0,1,0,0,0,0,0,0,0,6.0320541513077055,6,5.810260583720299,1,5.810260583720299,1,5.762528186224869,3,4.8
93,2.9444389791664403,47,1979,1,0,0,0,0,0,0,0,0,0,6.488268679421918,23,5.985605109301791,3,6.288118693193251,31,6.2141910947282195,5,6.7
125,3.871201010907891,36,1990,1,1,0,0,0,0,0,0,0,0,5.792078765538481,1,5.792078765538481,1,5.231796183454951,25,5.668316657890117,18,4.6
132,3.1354942159291497,45,1981,1,0,0,0,0,0,0,0,0,0,5.910260583720299,1,5.3923579264167305,93,5.542202767538471,14,5.9713450835837225,7,5.9
152,4.418840607796598,57,1969,1,0,1,0,0,0,0,0,0,0,6.0562703567179605,8,5.4725802696012575,88,6.356032089663826,17,6.00116967462939,1,6.9
133,4.02535169073515,42,1984,0,1,0,0,0,0,0,0,0,0,5.465643321046164,10,5.921342085059831,89,5.819266660024954,27,5.744496071203626,24,5.9
180,7.682482446534506,30,1996,0,1,1,0,0,0,0,0,0,0,5.468766655496513,12,5.219562361627795,52,5.185672541791862,24,5.77680316290111,11,5.7
149,3.1354942159291497,43,1983,0,1,0,0,0,0,0,0,0,0,5.825804151307706,6,5.870220493917175,3,5.729184115282061,11,6.10091903006595,4,4.8
123,4.02535169073515,40,1986,1,1,0,0,0,0,0,0,0,0,5.407883941515678,17,5.356708208998889,59,5.750714801162405,8,5.720514656836932,15,4.1
120,2.302585092994046,35,1991,0,1,0,0,0,0,0,0,0,0,5.388992142407253,7,5.393776172923092,4,5.5562703567179605,8,5.700919030065949,4,3.8
137,4.2626798770413155,44,1982,1,0,0,0,0,0,1,0,0,0,5.527662618815857,23,5.630428880697443,20,6.247524428061553,5,5.744496071203626,24,6.6
159,5.1298987149230735,36,1990,1,0,0,0,0,0,1,0,0,0,5.552514656836931,15,6.023907835909508,24,5.532731365321274,24,5.586948473678333,12,4.9
136,2.4849066497880004,50,1976,1,0,0,0,0,0,1,0,0,0,5.892738868410274,2,5.917738868410274,2,6.154191094728219,5,6.014191094728219,5,6.3
140,5.37989735354046,56,1970,1,0,1,0,0,1,0,0,0,0,6.459735793367529,17,5.921342085059831,89,5.9937622140307765,20,6.235342018301012,13,7.1
140,1.9459101490553132,90,1936,1,0,0,0,0,0,0,0,0,0,6.014191094728219,5,6.034191094728219,5,6.288268679421918,23,6.037533310993027,1,7.3
136,3.4965075614664802,29,1997,1,1,0,0,0,0,1,0,0,0,5.325536100871804,14,5.3923579264167305,93,5.6937761729230925,4,5.716374340071022,3,5.1
186,7.4798641311650265,59,1967,1,0,0,0,1,0,0,1,0,0,6.629184115282062,11,6.47834521208835,91,6.27436139057491,9,6.322347601494521,4,8.0
104,6.511745329644728,7,2019,1,0,0,0,0,0,0,0,0,0,6.447143570840253,3,6.028442401902117,1,6.1284925789401825,8,6.100857761394886,5,7.2
143,4.663439094112067,71,1955,1,0,1,0,0,0,0,1,0,0,6.380514656836932,15,5.964806038265754,1,6.270220493917176,3,6.070220493917176,3,6.5
143,7.589335823170617,23,2003,0,0,1,1,0,0,0,0,0,0,6.0320541513077055,6,6.154835878532561,3,5.939603690051293,8,5.763036100871804,14,7.2
97,4.499809670330265,73,1953,1,0,0,0,0,0,0,0,0,0,6.312521554171958,7,6.00116967462939,1,6.00116967462939,1,6.254191094728219,5,6.9
140,2.772588722239781,14,2012,0,0,0,0,0,0,0,0,0,0,6.019351492811208,1,5.780643321046165,10,5.648045601101225,9,6.019351492811208,1,7.1
142,4.48863636973214,53,1973,1,0,1,0,0,0,0,0,0,0,6.214898400996348,11,5.921342085059831,89,6.354935346088585,23,6.205191863924958,31,7.2
112,3.7612001156935624,7,2019,1,0,0,1,0,0,0,0,0,0,6.119351492811208,1,6.119351492811208,1,6.119351492811208,1,6.119351492811208,1,8.2
177,2.6390573296152584,85,1941,1,0,0,0,0,0,0,0,0,0,6.116374340071022,3,6.042738868410274,2,6.288268679421918,23,6.067738868410274,2,6.3
147,2.4849066497880004,64,1962,1,0,0,0,0,0,1,0,0,0,6.1741910947282195,5,6.229837873202802,34,6.358187170035511,16,6.3628786032973625,57,5.9
138,8.020927718981577,19,2007,1,0,0,1,0,0,0,1,0,0,5.794554151307706,6,5.427417939266281,16,5.645643321046164,10,5.250714801162405,8,3.7
148,6.648984550024776,28,1998,0,0,1,1,0,0,0,0,0,0,6.951462009788914,33,5.644648673347989,53,5.843474236839166,34,5.9531351783589805,26,5.7
142,7.534228326274089,16,2010,1,0,1,1,0,0,0,0,0,0,6.059405535076941,2,6.131652075653853,22,5.928442401902117,1,5.928442401902117,1,6.1
133,5.802118375377063,7,2019,0,0,0,1,0,0,0,0,0,0,5.634405535076941,2,5.939515471802202,46,5.796514656836931,15,5.932054151307705,6,4.7
136,4.867534450455582,41,1985,0,0,0,1,0,0,0,0,0,0,6.951462009788914,33,5.630428880697443,20,5.500459515032975,18,6.162528186224869,3,6.6
139,3.044522437723423,35,1991,1,1,0,0,0,0,0,0,0,0,5.792078765538481,1,6.6328884004548545,36,5.576869498317517,37,5.9356433210461645,10,4.6
171,6.29156913955832,65,1961,1,0,0,1,0,0,0,1,0,0,6.341933318877841,7,6.409201953556568,24,6.722298540040144,13,6.010260583720299,1,7.0
99,2.772588722239781,62,1964,1,0,0,0,0,0,1,0,0,0,6.022347601494521,4,5.85958037770137,7,6.016374340071023,3,6.148514656836932,15,5.9
93,5.123963979403259,9,2017,1,0,0,0,0,0,0,0,0,0,5.773896947356662,1,5.707524428061553,5,5.9437761729230925,4,5.773896947356662,1,4.4
144,1.9459101490553132,88,1938,1,0,1,0,0,0,0,0,0,0,6.236050965936664,7,6.138304151307706,6,5.846624220083935,1,5.846624220083935,1,5.2
142,5.71042701737487,12,2014,1,0,0,0,0,0,0,0,0,0,5.859405535076941,2,5.819351492811208,1,5.819351492811208,1,5.819351492811208,1,4.9
132,3.5553480614894135,35,1991,1,1,0,0,0,0,0,0,0,0,5.388992142407253,7,5.644648673347989,53,5.948045601101225,9,5.713304151307705,6,2.5
154,3.4965075614664802,57,1969,1,0,0,0,0,0,0,0,0,0,5.968316657890118,18,5.4725802696012575,88,6.354935346088585,23,5.952993639091586,11,6.4
147,5.575949103146316,20,2006,1,0,0,0,0,0,0,0,0,0,5.793776172923093,4,5.739451263147946,3,5.6831097894660765,7,5.407054151307706,6,3.4
144,3.871201010907891,9,2017,1,0,0,0,0,0,0,0,0,0,6.042738868410274,2,6.155715129174845,1,6.155715129174845,1,6.155715129174845,1,8.6
141,7.080026499922591,26,2000,1,0,0,1,1,0,0,0,0,0,5.871888086461546,18,4.990967175706513,55,5.653698024760194,7,5.939451263147945,3,4.9
167,6.077642243349034,66,1960,1,0,1,0,0,0,0,1,0,0,6.0466242200839355,1,6.618278626177521,29,6.217381467829071,8,6.3628786032973625,57,7.4
136,7.631431664576906,23,2003,1,0,1,0,0,1,0,0,0,0,5.626072201743607,2,5.079624548469646,9,5.732403019132877,12,5.359777075653853,22,5.2
130,8.098946748943339,14,2012,1,0,1,0,0,1,0,0,0,0,5.4437761729230925,4,5.930643321046165,10,5.646624220083935,1,5.585605109301792,3,3.0
125,6.472346294500901,21,2005,0,1,0,1,0,1,0,0,0,0,5.552514656836931,15,5.219562361627795,52,5.70116967462939,1,5.70116967462939,1,3.6
90,4.276666119016055,15,2011,1,0,0,1,1,0,0,0,0,0,5.89207876553848,1,5.89207876553848,1,6.1937761729230925,4,5.89207876553848,1,5.7
174,10.005502477942859,34,1992,1,0,1,1,0,0,0,0,0,0,6.286633315780235,4,6.578877771926745,32,5.467381467829071,8,6.018403907113134,7,8.2
161,5.241747015059643,27,1999,0,0,1,0,0,0,0,0,0,0,5.928442401902117,1,5.928442401902117,1,5.928442401902117,1,5.614191094728219,5,6.1
127,7.018401799069201,14,2012,0,0,1,1,0,0,0,1,0,0,5.600857761394886,5,5.079624548469646,9,5.670220493917176,3,5.692078765538481,1,3.5
140,7.7406644019172415,25,2001,0,0,1,1,0,0,0,0,0,0,5.361036596488693,41,5.356708208998889,59,5.383762214030777,20,5.984405535076941,2,5.8
116,4.394449154672439,76,1950,1,0,1,0,0,0,0,1,0,0,6.4275244280615516,5,6.972277075653853,22,6.487515931344491,13,6.142738868410274,2,7.4
133,5.869296913133774,23,2003,0,0,1,1,0,0,0,0,0,0,5.707524428061553,5,6.232256127417014,9,5.876072201743607,2,5.745159245606849,8,6.2
172,5.58724865840025,21,2005,1,1,0,0,0,0,0,0,0,0,6.037533310993027,1,6.037533310993027,1,6.037533310993027,1,6.101072201743608,2,7.3
150,2.70805020110221,59,1967,1,0,0,1,0,0,0,0,0,0,6.115204744351664,4,6.036633315780235,4,5.831758955455637,3,6.261825912273516,8,6.4
122,2.5649493574615367,60,1966,1,1,0,0,0,1,0,0,0,0,6.167381467829071,8,6.017738868410274,2,5.992078765538481,1,6.055643321046165,10,6.8
134,3.912023005428146,55,1971,0,0,0,1,0,0,0,0,0,0,5.970220493917177,3,6.036633315780235,4,6.184887706364384,9,6.07419109472822,5,6.8
145,3.8066624897703196,61,1965,0,1,0,1,0,0,0,0,0,1,6.167381467829071,8,6.255643321046165,10,6.054191094728219,5,6.055643321046165,10,6.8
138,6.723832440821209,13,2013,1,1,0,0,1,0,0,0,0,0,5.8829878564475715,1,6.137978611715534,43,6.079490458637379,4,5.909405535076941,2,5.6
140,6.049733455231958,46,1980,1,1,0,0,1,0,0,0,0,0,6.0760722017436075,2,6.032731365321274,24,6.055715129174845,1,6.193297416994099,3,7.5
135,9.375515769935166,19,2007,1,0,0,0,1,0,0,0,1,0,6.347524428061552,5,5.921342085059831,89,6.092738868410275,2,6.082987856447573,1,7.8
151,2.302585092994046,69,1957,0,0,1,1,0,0,0,0,0,0,5.9193514928112085,1,5.9193514928112085,1,6.118766655496514,12,6.281958015589752,17,6.0
171,3.6109179126442243,44,1982,0,1,1,0,0,0,0,0,0,0,5.888992142407253,7,5.356708208998889,59,5.542202767538471,14,5.5577555438534905,11,4.9
159,6.634633357861686,56,1970,1,1,0,0,0,0,0,1,0,0,6.629184115282062,11,6.603274868014205,55,6.244872614659345,46,6.3628786032973625,57,7.3
104,8.56331312702979,14,2012,0,0,0,1,0,0,1,0,0,0,5.5702204939171756,3,5.528400721966557,82,5.64603938276924,12,5.477912801609484,3,2.4
135,9.823740634445873,13,2013,1,0,0,1,0,0,0,0,0,0,6.0945541513077055,6,5.430994192214055,13,5.947815671819018,7,5.900804151307705,6,7.5
137,10.044596413496008,9,2017,1,0,0,1,0,0,0,0,0,0,6.0945541513077055,6,5.528400721966557,82,5.8932974169941,3,5.814191094728219,5,7.2
169,6.946013991099227,26,2000,1,0,1,1,0,0,0,0,0,0,5.651072201743607,2,4.990967175706513,55,5.275643321046164,10,5.469725631573973,16,5.1
100,2.5649493574615367,7,2019,1,0,0,0,0,0,0,0,0,0,6.192078765538482,1,6.232256127417014,9,6.192078765538482,1,6.192078765538482,1,9.0
162,9.176576741823373,26,2000,1,1,0,0,0,0,0,1,0,0,6.286633315780235,4,5.937533310993026,1,6.144037670474925,13,6.039603690051294,8,6.2
137,4.653960350157523,53,1973,1,0,0,0,0,1,0,0,0,0,6.641027075653853,22,6.603274868014205,55,6.244872614659345,46,6.3628786032973625,57,6.2
107,5.583496308781699,37,1989,1,1,0,0,0,0,0,0,0,0,5.89207876553848,1,5.219562361627795,52,5.532731365321274,24,5.453698024760193,7,5.7
138,5.932245187448011,19,2007,0,1,0,1,0,0,0,0,0,1,5.792078765538481,1,5.792078765538481,1,5.927524428061553,5,5.8260722017436075,2,4.6
88,2.6390573296152584,22,2004,0,0,0,0,0,0,0,0,0,0,6.0466242200839355,1,7.100201037826927,54,7.047450176569067,83,6.927791280160949,120,7.4
127,7.3901814282264295,19,2007,1,0,1,0,0,1,0,0,0,0,5.467738868410275,2,4.64193331887784,7,5.585605109301792,3,5.362528186224869,3,2.1
184,3.5553480614894135,32,1994,1,1,0,0,0,0,0,0,0,0,5.006270356717961,8,5.921342085059831,89,5.417738868410274,2,5.5471435708402534,3,3.1
155,3.091042453358316,58,1968,0,0,1,0,0,0,0,0,0,0,5.711203495838068,9,6.249591938691465,81,6.378254311886048,17,6.332403019132877,12,6.6
167,7.718685495198466,29,1997,1,0,1,1,0,0,0,0,0,0,5.468766655496513,12,5.644648673347989,53,5.992239632997927,27,6.13870792480587,11,6.1
149,4.2626798770413155,46,1980,1,0,0,0,0,0,1,0,0,0,5.527662618815857,23,6.47834521208835,91,5.704030943604403,18,6.121888086461546,18,5.9
137,4.204692619390966,29,1997,1,1,0,0,0,0,0,0,0,0,5.006270356717961,8,5.4725802696012575,88,5.316563957322251,27,5.728442401902117,1,3.9
121,8.597851094433691,7,2019,1,0,0,1,0,0,0,0,1,0,5.910260583720299,1,5.936948473678331,12,6.071345083583723,7,5.910260583720299,1,5.9
138,8.644706511715198,29,1997,1,1,0,1,0,0,0,0,0,0,5.361036596488693,41,5.346112564277431,51,5.185672541791862,24,5.582054151307705,6,6.1
145,9.171911345356401,9,2017,0,1,0,1,0,0,0,0,0,0,5.361036596488693,41,5.521729811627541,9,5.2508041513077055,6,5.767738868410274,2,3.6
115,4.927253685157205,10,2016,1,0,0,0,0,0,0,0,0,0,5.937533310993026,1,5.937533310993026,1,6.0471435708402534,3,5.937533310993026,1,6.2
149,5.209486152841421,53,1973,1,1,0,0,0,1,0,0,0,0,6.212514656836931,15,5.921342085059831,89,6.244872614659345,46,6.3628786032973625,57,6.5
145,5.568344503761097,51,1975,0,0,1,0,0,0,1,1,0,0,6.016374340071023,3,5.928442401902117,1,5.877912801609484,3,6.154191094728219,5,6.1
144,6.003887067106539,22,2004,1,0,1,0,0,0,0,0,0,0,5.095159245606849,8,5.550919030065949,4,5.687524428061552,5,5.3152047443516635,4,4.0
159,5.7430031878094825,9,2017,1,0,1,0,0,1,0,0,0,0,5.095159245606849,8,5.582987856447572,1,5.784405535076941,2,5.6831097894660765,7,2.3
149,3.1354942159291497,7,2019,1,0,0,0,0,0,0,0,0,0,5.7102605837202995,1,5.692738868410274,2,5.7102605837202995,1,5.7102605837202995,1,3.7
93,2.9444389791664403,5,2021,1,0,0,0,0,0,0,0,0,0,6.228442401902117,1,6.228442401902117,1,6.228442401902117,1,6.228442401902117,1,9.4
146,5.455321115357702,30,1996,1,1,0,0,1,0,0,0,0,0,5.527662618815857,23,5.3923579264167305,93,5.338956400804742,16,5.582054151307705,6,4.0
147,5.8998973535824915,26,2000,1,1,0,0,1,0,0,0,0,0,5.743469829567776,11,5.356708208998889,59,5.217024067247869,26,5.190643321046164,10,4.2
143,4.330733340286331,37,1989,0,1,0,0,1,0,0,0,0,0,5.6136028878662305,13,4.990967175706513,55,6.036050965936664,7,6.205191863924958,31,5.6
146,7.005789019253503,26,2000,0,1,1,0,0,0,0,0,0,1,5.670066660951704,33,4.91827862617752,29,5.415643321046164,10,6.13870792480587,11,6.1
133,1.9459101490553132,28,1998,0,0,1,0,0,0,0,0,0,0,5.75483587853256,3,5.901072201743607,2,5.937533310993026,1,5.8260722017436075,2,6.2
139,6.148468295917647,65,1961,1,0,0,1,0,0,0,1,0,0,6.267381467829072,8,6.6843833277482565,34,6.364745229318689,18,6.446369434205137,14,7.3
115,7.413970290190444,7,2019,0,1,0,0,0,1,0,0,0,1,5.8829878564475715,1,5.95958037770137,7,5.8829878564475715,1,5.8829878564475715,1,5.6
78,2.1972245773362196,9,2017,0,0,0,0,1,0,0,0,0,0,5.901072201743607,2,5.655715129174845,1,5.655715129174845,1,5.655715129174845,1,3.1
141,6.222576268071369,47,1979,1,0,0,0,0,0,0,0,0,0,6.8068666587394615,21,6.249591938691465,81,5.916374340071022,3,6.277857564587422,12,7.6
123,6.2766434893416445,34,1992,1,0,0,0,0,0,0,1,0,0,5.785976865733128,39,5.847524428061552,5,5.8788202791705775,13,5.8829878564475715,1,5.6
155,6.5638555265321274,10,2016,1,0,1,0,0,0,0,0,0,0,5.724286260054311,7,5.432054151307706,6,5.9437761729230925,4,5.807524428061553,5,4.2
103,4.867534450455582,36,1990,0,1,1,0,1,0,0,0,0,0,5.785976865733128,39,5.790996893509845,33,5.7380361008718035,14,5.729490458637378,4,5.6
150,6.180016653652572,21,2005,1,0,0,0,1,0,0,0,1,0,5.080321660523082,30,5.864806038265754,1,5.581565067663014,11,5.594191094728219,5,5.4
139,5.176149732573829,47,1979,1,0,1,0,0,0,0,0,0,0,6.951462009788914,33,6.023907835909508,24,6.342024067247869,26,6.14603938276924,12,6.8
134,3.4657359027997265,30,1996,0,1,0,0,0,0,0,0,0,0,5.032514656836931,15,5.3923579264167305,93,5.859405535076941,2,5.7508041513077055,6,5.4
146,3.1780538303479458,37,1989,0,1,0,0,1,0,0,0,0,0,5.361036596488693,41,5.570966659438921,24,5.977912801609484,3,5.916374340071022,3,4.6
109,3.4339872044851463,7,2019,1,0,0,0,0,0,0,0,0,0,6.0920787655384805,1,6.226072201743608,2,6.101072201743608,2,6.0920787655384805,1,7.9
135,6.206575926724928,19,2007,1,0,1,1,0,0,0,0,0,0,6.044554151307706,6,5.153308758995962,9,5.531758955455638,3,5.817738868410274,2,5.3
156,4.330733340286331,43,1983,1,1,0,1,0,0,0,0,0,0,5.735110246958588,16,5.4725802696012575,88,6.244872614659345,46,5.453698024760193,7,5.6
162,3.367295829986474,46,1980,1,1,1,0,0,0,0,0,0,0,6.069725631573973,16,6.229184115282061,11,5.819266660024954,27,5.782602372175831,18,5.8
135,3.4011973816621555,26,2000,1,1,0,0,0,0,0,0,0,0,5.006270356717961,8,5.7557151291748445,1,5.7557151291748445,1,5.614191094728219,5,4.2
120,3.5553480614894135,82,1944,1,0,1,0,0,0,0,0,0,0,6.322937023384627,8,6.064806038265754,1,6.064806038265754,1,6.064806038265754,1,7.6
90,3.2188758248682006,7,2019,1,0,0,0,0,0,0,0,0,0,6.10116967462939,1,6.10116967462939,1,6.10116967462939,1,6.10116967462939,1,8.0
144,3.4657359027997265,45,1981,1,0,0,0,0,0,0,0,0,0,6.212514656836931,15,5.887524428061552,5,5.63870792480587,11,5.989603690051293,8,5.9
166,3.6635616461296463,46,1980,1,1,0,0,0,0,1,0,0,0,5.714898400996347,11,5.4725802696012575,88,6.175643321046165,10,5.955643321046165,10,5.0
139,10.124348500692786,9,2017,1,1,0,0,1,0,0,0,0,0,5.743469829567776,11,6.114236773135286,19,5.9437761729230925,4,5.82406664776333,3,7.1
135,3.4011973816621555,24,2002,0,1,0,0,0,0,0,0,0,0,5.765204744351664,4,5.970220493917177,3,5.650804151307705,6,5.942738868410274,2,6.5
170,7.705262474866325,5,2021,1,1,0,0,0,0,0,0,0,0,6.20116967462939,1,6.0760722017436075,2,5.942738868410274,2,6.20116967462939,1,9.1
143,4.584967478670572,39,1987,1,0,1,0,0,0,0,0,0,0,5.8932974169941,3,6.514947961485934,31,6.022347601494521,4,6.085605109301792,3,6.1
149,5.616771097666572,13,2013,1,0,0,0,0,1,0,0,0,0,6.019351492811208,1,6.019351492811208,1,6.019351492811208,1,6.019351492811208,1,7.1
109,8.815666824946216,5,2021,1,0,0,1,0,0,0,0,0,0,5.388036100871804,14,5.850804151307706,6,6.064806038265754,1,5.5320541513077055,6,7.6
109,4.919980925828125,11,2015,0,0,0,1,0,0,0,0,0,0,5.728442401902117,1,6.0266463661271,13,5.5702204939171756,3,6.100857761394886,5,3.9
148,7.667158255319148,67,1959,0,0,1,0,0,0,0,0,0,0,6.536050965936664,7,6.229184115282061,11,6.463304151307705,6,6.193297416994099,3,8.0
127,5.318119993844216,9,2017,0,0,0,0,0,0,0,0,0,0,6.447143570840253,3,6.182987856447571,1,6.059405535076941,2,6.176072201743608,2,8.9
168,4.787491742782046,61,1965,1,0,1,0,0,0,0,1,0,0,6.009405535076941,2,6.559064359342182,19,6.208601383769235,38,6.207054151307705,6,6.2
126,8.525161361065415,21,2005,0,0,0,0,0,0,0,0,1,1,5.70940553507694,2,5.396410830261542,70,5.529184115282062,11,5.785605109301792,3,4.6
162,9.007489523929735,8,2018,1,1,0,0,0,0,0,0,0,0,6.001072201743607,2,6.032731365321274,24,6.324514656836932,15,5.982987856447571,1,6.7
176,7.699842407396986,47,1979,1,1,0,0,0,0,0,0,0,0,6.641027075653853,22,6.128944742530841,101,6.594801845025647,26,6.084549116340087,28,7.7
119,3.6109179126442243,27,1999,0,1,1,0,1,0,0,0,0,0,5.174472453083621,13,4.91827862617752,29,5.7557151291748445,1,5.9531351783589805,26,4.2
137,4.127134385045092,51,1975,0,1,0,0,0,1,0,0,0,0,5.968316657890118,18,5.89396343293301,21,6.1284925789401825,8,6.205191863924958,31,6.4
112,7.868254265520613,8,2018,0,0,0,1,0,1,0,0,0,0,5.946624220083936,1,5.644496071203626,24,5.693297416994099,3,5.976072201743608,2,6.3
90,6.940222469119639,6,2020,1,0,0,0,0,0,0,0,1,0,5.682987856447571,1,6.6328884004548545,36,5.682987856447571,1,5.682987856447571,1,3.4
90,2.0794415416798357,26,2000,0,1,0,0,0,0,0,0,0,0,5.828442401902118,1,5.828442401902118,1,6.208601383769235,38,5.828442401902118,1,5.0
157,7.253470382684528,45,1981,1,1,0,0,0,0,0,0,0,0,6.0320541513077055,6,6.128944742530841,101,6.438036100871805,14,6.024286260054311,7,6.8
79,5.564520407322694,16,2010,1,1,0,0,0,0,0,0,0,0,5.70940553507694,2,5.6738969473566625,1,5.6738969473566625,1,5.6738969473566625,1,3.3
73,2.302585092994046,22,2004,1,0,0,0,0,0,0,0,0,0,5.412902075653853,22,5.4548358785325615,3,5.462528186224868,3,5.619351492811209,1,2.7
136,2.6390573296152584,51,1975,0,0,0,0,0,1,0,0,0,0,6.009405535076941,2,5.955715129174845,1,5.955715129174845,1,5.713304151307705,6,6.4
134,2.0794415416798357,39,1987,1,0,0,0,0,0,0,0,0,0,5.792078765538481,1,5.792078765538481,1,5.948045601101225,9,5.592738868410275,2,4.6
135,4.882801922586371,44,1982,1,0,0,0,0,0,1,0,0,0,6.0451592456068495,8,5.870220493917175,3,5.756652075653853,22,6.332403019132877,12,6.6
151,6.3818160174060985,12,2014,1,0,1,0,0,0,0,1,0,0,6.089745229318689,18,5.7557151291748445,1,5.7557151291748445,1,5.61709554736411,20,4.2
101,4.454347296253507,6,2020,1,0,0,0,0,0,0,0,0,0,6.151072201743607,2,6.394874495348429,7,6.037533310993027,1,6.037533310993027,1,7.3
127,2.3978952727983707,37,1989,0,1,0,0,1,0,0,0,0,0,5.7193514928112075,1,5.7193514928112075,1,5.7193514928112075,1,6.084549116340087,28,3.8
150,8.463581421967588,24,2002,1,1,0,0,1,0,0,0,0,0,5.743469829567776,11,6.128944742530841,101,5.231796183454951,25,5.8910888771868235,11,6.5
138,2.8903717578961645,36,1990,1,0,0,0,0,0,0,0,0,0,5.776072201743607,2,5.790996893509845,33,5.658061887208807,4,5.400714801162405,8,4.8
140,5.288267030694535,39,1987,1,0,0,0,0,0,0,0,0,0,5.785976865733128,39,5.333601383769235,38,5.565084306497744,24,5.946624220083936,1,6.3
106,3.044522437723423,11,2015,1,0,0,0,0,0,0,0,0,0,5.828442401902118,1,5.828442401902118,1,5.828442401902118,1,5.828442401902118,1,5.0
149,2.0794415416798357,23,2003,0,0,0,1,0,0,0,0,0,0,5.70116967462939,1,5.70116967462939,1,5.70116967462939,1,5.70116967462939,1,3.6
125,5.560681631015528,8,2018,0,0,0,0,0,1,0,0,0,0,5.864806038265754,1,5.864806038265754,1,5.83440553507694,2,5.864806038265754,1,5.4
136,4.770684624465665,56,1970,0,1,1,0,0,0,0,0,1,0,5.808061887208806,4,5.921342085059831,89,6.048045601101225,9,6.3628786032973625,57,6.8
132,4.343805421853684,5,2021,1,0,0,0,0,0,0,0,0,0,5.973896947356663,1,5.973896947356663,1,5.759405535076941,2,5.973896947356663,1,6.6
153,9.383200644980624,10,2016,1,1,0,0,1,0,0,0,0,0,6.001072201743607,2,6.032731365321274,24,5.937533310993026,1,6.165204744351663,4,6.2
193,9.840760722627824,20,2006,1,0,1,0,0,0,0,0,0,0,6.127524428061552,5,6.437236226541811,36,5.966027075653853,22,6.367143200774937,17,6.1
158,9.773834344309257,32,1994,1,0,0,1,0,0,0,0,0,0,5.736050965936664,7,6.437236226541811,36,6.247143570840253,3,6.018403907113134,7,7.8
157,5.0689042022202315,28,1998,1,1,1,0,0,0,0,0,0,0,6.1977658056647,29,5.333601383769235,38,5.532731365321274,24,5.55958037770137,7,4.3
95,3.044522437723423,27,1999,0,0,0,1,0,0,1,0,0,0,6.085605109301792,3,5.937533310993026,1,5.907524428061553,5,5.937533310993026,1,6.2
177,7.594381242551817,50,1976,1,0,1,0,0,0,0,0,0,0,6.641027075653853,22,6.128944742530841,101,6.594801845025647,26,6.486326972424918,11,7.4
173,10.23034226006238,7,2019,1,1,1,0,0,0,0,0,0,0,6.019351492811208,1,5.813762214030776,20,5.908682032378715,3,6.019351492811208,1,7.1
123,2.302585092994046,63,1963,0,1,0,0,0,0,0,1,0,0,6.024286260054311,7,5.887524428061552,5,5.670220493917176,3,5.810260583720299,1,4.8
135,3.332204510175204,38,1988,0,0,0,0,0,0,0,0,0,0,5.447143570840253,3,5.200714801162405,8,5.7102605837202995,1,5.462528186224868,3,3.7
109,2.833213344056216,26,2000,0,0,0,0,0,0,0,0,0,0,5.417738868410274,2,5.655715129174845,1,5.655715129174845,1,5.655715129174845,1,3.1
105,8.065265208897733,20,2006,1,0,0,1,0,0,0,0,0,1,5.994554151307705,6,6.131652075653853,22,5.943469829567776,11,5.992078765538481,1,6.8
95,5.762051382780177,65,1961,1,0,0,0,0,0,0,0,0,0,6.286633315780235,4,6.60055940960536,13,6.082987856447573,1,6.338304151307705,6,7.8
143,5.225746673713202,38,1988,1,1,0,0,1,0,0,0,0,0,5.785976865733128,39,5.80709554736411,20,5.231796183454951,25,5.54664870849705,16,5.9
141,4.48863636973214,15,2011,0,0,0,1,0,0,1,0,0,0,5.8152047443516635,4,5.805643321046165,10,5.955715129174845,1,5.955715129174845,1,6.4
144,7.264730177929867,27,1999,1,1,0,0,0,1,0,0,0,0,5.842782443206489,9,5.396410830261542,70,5.926221497449138,21,5.758187170035511,16,6.0
145,3.5553480614894135,20,2006,1,1,0,0,0,0,0,0,0,0,5.928442401902117,1,5.928442401902117,1,5.928442401902117,1,5.825804151307706,6,6.1
108,7.231287004327616,7,2019,1,0,0,1,0,1,0,0,0,0,6.372937023384627,8,6.172347601494521,4,6.010260583720299,1,6.010260583720299,1,7.0
137,4.343805421853684,45,1981,1,0,0,0,0,0,0,0,0,0,5.9927388684102745,2,6.514947961485934,31,5.973896947356663,1,6.085605109301792,3,6.6
142,6.035481432524756,9,2017,1,1,0,0,0,0,0,0,0,1,5.855715129174845,1,5.626072201743607,2,5.855715129174845,1,5.855715129174845,1,5.3
158,6.129050210060545,30,1996,1,0,1,1,0,0,0,0,0,0,5.992078765538481,1,5.731758955455637,3,5.751072201743607,2,5.992078765538481,1,6.8
135,6.672032945461067,28,1998,1,0,1,0,0,0,0,0,0,0,6.026072201743607,2,5.550919030065949,4,6.019351492811208,1,6.019351492811208,1,7.1
136,1.791759469228055,7,2019,0,0,0,1,0,0,0,0,0,0,5.992078765538481,1,5.992078765538481,1,5.992078765538481,1,5.811203495838067,9,6.8
95,6.893656354602635,9,2017,1,0,0,0,0,0,0,0,0,0,6.394554151307705,6,6.331758955455637,3,5.95958037770137,7,6.283109789466075,7,8.1
147,3.8918202981106265,36,1990,0,0,0,0,0,0,0,0,0,0,5.90116967462939,1,5.767738868410274,2,6.043776172923093,4,5.842738868410275,2,5.8
150,3.9318256327243257,23,2003,1,0,0,0,1,0,0,0,0,0,6.210643321046165,10,6.272514656836932,15,6.15958037770137,7,5.89207876553848,1,5.7
122,10.986326087088196,14,2012,0,0,0,0,0,1,0,0,1,0,6.0320541513077055,6,6.3062703567179605,8,6.151072201743607,2,6.110260583720299,1,8.1
127,8.548691858475609,10,2016,0,0,0,0,0,1,0,0,1,0,6.0320541513077055,6,6.3062703567179605,8,5.734191094728219,5,6.022347601494521,4,6.6
112,3.4965075614664802,18,2008,1,0,0,0,0,0,0,0,0,0,5.90116967462939,1,5.783109789466075,7,6.009405535076941,2,5.811203495838067,9,5.8
131,2.0794415416798357,37,1989,0,1,0,0,0,0,0,0,0,0,5.748045601101226,9,5.49015086425912,9,6.00116967462939,1,5.7580618872088065,4,6.9
138,2.302585092994046,45,1981,0,1,0,0,1,0,0,0,0,0,6.041933318877841,7,5.322277075653853,22,5.987524428061552,5,5.9713450835837225,7,5.2
131,4.51085950651685,53,1973,1,1,0,0,0,0,0,0,0,0,5.808061887208806,4,5.921342085059831,89,5.837304297111666,52,6.235342018301012,13,6.0
165,2.70805020110221,58,1968,0,1,0,0,1,1,0,0,0,0,5.8829878564475715,1,6.147815671819017,7,5.8829878564475715,1,6.3628786032973625,57,5.6
138,2.9444389791664403,12,2014,1,0,1,0,0,0,0,1,0,0,5.89207876553848,1,5.89207876553848,1,5.89207876553848,1,5.847143570840253,3,5.7
120,3.2188758248682006,63,1963,0,0,0,1,0,0,0,0,0,0,5.787515931344491,13,6.039451263147945,3,6.184887706364384,9,6.15775554385349,11,7.5
172,9.560081331311986,26,2000,0,1,1,0,0,0,0,1,0,0,5.974472453083621,13,6.114236773135286,19,4.709255061779273,13,5.565784695424972,51,6.9
131,4.330733340286331,42,1984,1,1,0,0,0,0,0,0,0,0,6.0760722017436075,2,5.946624220083936,1,5.946624220083936,1,5.963304151307705,6,6.3
120,10.435555942570769,13,2013,1,0,0,0,0,0,0,0,0,0,6.087524428061553,5,6.285605109301792,3,6.001072201743607,2,6.1741910947282195,5,7.8
93,4.653960350157523,27,1999,1,0,0,0,0,0,0,0,0,0,6.154191094728219,5,5.864806038265754,1,5.864806038265754,1,6.016374340071023,3,5.4
123,4.007333185232471,19,2007,1,0,1,0,0,0,0,0,0,0,5.937533310993026,1,5.937533310993026,1,5.937533310993026,1,5.801072201743608,2,6.2
132,4.882801922586371,13,2013,1,0,0,0,0,0,0,0,0,0,5.942738868410274,2,5.973896947356663,1,5.973896947356663,1,5.973896947356663,1,6.6
112,6.003887067106539,16,2010,1,0,1,0,1,0,0,0,0,0,5.4437761729230925,4,4.64193331887784,7,5.628442401902117,1,5.54664870849705,16,2.8
84,3.8918202981106265,13,2013,1,0,0,0,0,0,0,0,0,0,5.9193514928112085,1,5.9193514928112085,1,7.047450176569067,83,6.927791280160949,120,6.0
140,6.659293919683638,14,2012,1,0,0,0,0,0,1,0,0,0,5.871888086461546,18,6.151072201743607,2,6.0920787655384805,1,6.0920787655384805,1,7.9
156,5.733341276897746,55,1971,0,0,1,0,0,0,1,1,0,0,6.031758955455638,3,6.0451592456068495,8,6.772514656836932,15,6.100989724686406,3,6.9
127,2.9444389791664403,67,1959,1,0,0,0,0,0,0,0,0,0,5.982987856447571,1,6.370643321046164,10,6.10055940960536,13,6.0008041513077055,6,6.7
186,11.081727077966303,23,2003,1,0,0,1,0,0,0,1,0,0,5.900677180048595,9,5.965204744351664,4,6.144037670474925,13,5.875643321046164,10,7.9
162,4.189654742026425,34,1992,0,1,0,0,0,0,0,0,0,0,6.568514656836932,15,5.937533310993026,1,6.208601383769235,38,5.744496071203626,24,6.2
134,6.077642243349034,17,2009,0,1,1,0,1,0,0,0,0,0,5.793297416994099,3,5.600857761394886,5,5.925804151307705,6,5.70116967462939,1,3.6
120,4.718498871295094,21,2005,1,0,0,0,0,1,0,0,1,0,5.862528186224869,3,5.550919030065949,4,5.946624220083936,1,5.946624220083936,1,6.3
140,2.0794415416798357,66,1960,1,1,0,0,0,0,0,0,1,0,5.967738868410275,2,6.47834521208835,91,6.118766655496514,12,6.281958015589752,17,6.0
160,5.318119993844216,37,1989,1,1,0,0,0,0,0,0,0,0,5.974472453083621,13,5.644648673347989,53,5.217024067247869,26,5.400714801162405,8,5.5
163,5.572154032177765,66,1960,1,0,0,0,1,0,0,1,0,0,6.629184115282062,11,6.603274868014205,55,6.622579622803425,26,6.165462730642546,7,7.4
158,3.58351893845611,40,1986,1,0,0,0,0,0,1,0,0,0,5.934405535076941,2,6.229837873202802,34,6.057054151307705,6,5.420643321046164,10,5.7
164,5.627621113690637,68,1958,0,0,1,0,1,0,0,1,0,0,6.321888086461547,18,6.603274868014205,55,6.722298540040144,13,6.026072201743607,2,7.1
126,2.833213344056216,46,1980,0,1,0,0,0,0,0,0,0,0,5.581264093112434,16,6.249591938691465,81,5.942802554650895,16,5.895643321046164,10,5.6
145,3.4011973816621555,49,1977,1,1,0,0,0,0,0,0,0,1,5.894191094728219,5,6.603274868014205,55,6.313861254619549,27,6.100857761394886,5,6.4
143,5.402677381872279,33,1993,1,1,0,0,0,1,0,0,0,0,5.946624220083936,1,6.514947961485934,31,5.946624220083936,1,5.95940553507694,2,6.3
166,9.38210641483062,7,2019,1,0,1,0,0,0,0,0,0,0,5.801072201743608,2,5.521729811627541,9,5.783109789466075,7,5.586948473678333,12,3.6
145,2.302585092994046,75,1951,1,0,1,0,0,0,0,0,0,0,6.117381467829072,8,5.942738868410274,2,6.015204744351664,4,5.946624220083936,1,6.3
131,3.5263605246161616,46,1980,0,0,1,0,0,1,0,0,1,0,5.976072201743608,2,6.249591938691465,81,5.837304297111666,52,5.900378424144803,24,5.8
112,4.564348191467836,24,2002,1,0,0,0,0,0,0,0,0,0,5.937533310993026,1,5.937533310993026,1,5.850536100871803,14,5.967738868410275,2,6.2
129,2.772588722239781,67,1959,0,0,1,0,0,0,0,1,0,0,5.985605109301791,3,6.039451263147945,3,5.500989724686407,3,6.350584837314695,12,5.7
70,1.9459101490553132,8,2018,1,0,0,0,0,0,0,0,0,0,6.10116967462939,1,6.10116967462939,1,6.10116967462939,1,6.10116967462939,1,8.0
143,5.529429087511423,50,1976,0,1,0,0,1,0,0,0,0,1,6.089745229318689,18,5.570966659438921,24,5.983224754883523,25,6.235342018301012,13,6.7
135,5.075173815233827,30,1996,0,0,1,1,0,0,0,0,0,0,5.8375333109930265,1,5.550919030065949,4,5.8375333109930265,1,5.55958037770137,7,5.1
122,3.6888794541139363,78,1948,0,0,0,0,0,0,0,1,0,0,5.982987856447571,1,5.982987856447571,1,6.208682032378714,3,5.982987856447571,1,6.7
124,2.6390573296152584,29,1997,1,0,0,0,0,0,0,0,0,0,6.028442401902117,1,6.028442401902117,1,6.028442401902117,1,6.028442401902117,1,7.2
152,6.218600119691729,45,1981,1,0,0,0,0,0,0,0,0,0,6.8068666587394615,21,6.249591938691465,81,5.837304297111666,52,5.744496071203626,24,7.8
126,7.8504931808711405,21,2005,1,1,0,0,1,0,0,0,0,0,6.032403019132877,12,6.060857761394886,5,5.964806038265754,1,5.964806038265754,1,6.5
130,2.8903717578961645,25,2001,0,0,0,0,0,1,0,0,0,0,5.846624220083935,1,5.846624220083935,1,5.776072201743607,2,5.850804151307706,6,5.2
148,6.621405651764134,14,2012,1,0,0,1,0,0,0,0,0,0,6.1977658056647,29,6.182602372175832,18,5.757054151307706,6,6.008690733914536,26,4.1
110,6.236369590203704,13,2013,1,0,1,0,0,0,0,0,0,0,5.964806038265754,1,5.964806038265754,1,5.964806038265754,1,6.113304151307705,6,6.5
142,8.816111895794005,17,2009,0,1,1,1,0,0,0,0,0,0,5.486633315780234,4,5.728442401902117,1,5.728442401902117,1,5.728442401902117,1,3.9
130,9.719624808723344,17,2009,1,1,0,0,1,0,0,0,0,0,6.505643321046165,10,5.813762214030776,20,5.3349264283077,19,6.101072201743608,2,7.4
120,4.02535169073515,42,1984,1,0,0,0,0,0,0,0,0,0,5.607524428061553,5,6.6328884004548545,36,6.428492578940183,8,6.019351492811208,1,7.1
95,5.3612921657094255,37,1989,1,0,0,0,0,0,0,0,0,0,6.488268679421918,23,6.430168612995487,7,6.250804151307706,6,6.1177388684102745,2,7.2
88,2.5649493574615367,29,1997,1,0,0,0,0,0,0,0,0,0,5.8375333109930265,1,5.736633315780234,4,5.8375333109930265,1,5.8375333109930265,1,5.1
124,2.3978952727983707,63,1963,1,0,0,0,0,0,0,0,0,1,6.363439497071233,17,6.026072201743607,2,6.000919030065949,4,6.017738868410274,2,5.8
157,3.1354942159291497,27,1999,1,1,0,0,0,0,0,0,0,0,5.9193514928112085,1,5.9193514928112085,1,5.9193514928112085,1,5.9193514928112085,1,6.0
113,2.1972245773362196,7,2019,1,0,0,0,0,0,0,0,0,0,6.119351492811208,1,6.119351492811208,1,6.119351492811208,1,6.119351492811208,1,8.2
140,1.791759469228055,77,1949,1,0,0,0,0,0,0,0,0,0,5.937533310993026,1,5.937533310993026,1,6.115204744351664,4,5.917738868410274,2,6.2
144,2.302585092994046,67,1959,0,0,0,0,0,0,0,0,1,0,5.984048134495739,8,6.194191094728219,5,6.288268679421918,23,5.970220493917177,3,6.8
139,2.833213344056216,55,1971,1,0,0,0,0,0,0,0,0,0,5.984405535076941,2,6.47834521208835,91,6.34709554736411,20,6.311203495838067,9,6.6
175,3.828641396489095,67,1959,1,0,1,0,0,0,1,0,0,0,5.982987856447571,1,6.618278626177521,29,6.471382787771719,21,6.472041258139204,11,6.7
137,2.0794415416798357,32,1994,1,0,1,0,0,0,0,0,0,0,5.817738868410274,2,5.7102605837202995,1,5.7102605837202995,1,6.039451263147945,3,3.7
135,3.6888794541139363,26,2000,0,0,1,0,0,0,0,0,0,0,5.729490458637378,4,5.90116967462939,1,5.90116967462939,1,5.90116967462939,1,5.8
150,6.030685260261263,66,1960,1,0,0,0,1,0,0,0,1,0,6.568514656836932,15,6.306652075653853,22,6.288268679421918,23,6.165462730642546,7,7.9
104,4.912654885736052,32,1994,1,1,0,0,0,0,0,0,0,0,5.655715129174845,1,5.396410830261542,70,5.379754014514597,19,5.469098232680173,9,3.1
162,4.990432586778736,37,1989,1,1,0,0,1,0,0,0,0,0,5.836050965936664,7,6.759304267203161,29,6.471382787771719,21,5.500514656836932,15,5.6
103,7.002155954403621,7,2019,1,0,0,0,0,0,0,0,0,0,5.946624220083936,1,5.946624220083936,1,6.042738868410274,2,5.9848877063643835,9,6.3
150,2.9444389791664403,38,1988,1,1,0,0,0,0,0,0,0,0,5.747143570840253,3,5.792078765538481,1,5.70940553507694,2,5.744496071203626,24,4.6
149,4.3694478524670215,58,1968,1,0,1,0,0,0,0,0,0,0,6.405130291860149,12,6.404907235692317,13,6.594801845025647,26,6.037533310993027,1,7.3
114,2.8903717578961645,9,2017,1,0,0,0,0,0,0,0,0,0,6.00116967462939,1,6.00116967462939,1,6.151072201743607,2,5.727524428061553,5,6.9
90,3.828641396489095,13,2013,1,1,0,0,0,0,0,0,0,1,6.119351492811208,1,6.119351492811208,1,6.119351492811208,1,6.031758955455637,3,8.2
132,10.085475720428844,10,2016,1,0,0,1,0,0,1,0,0,0,6.042738868410274,2,5.939515471802202,46,6.1937761729230925,4,6.101072201743608,2,7.7
117,7.1891677384203225,21,2005,1,1,0,0,1,0,0,0,0,0,5.873896947356664,1,6.131652075653853,22,5.3349264283077,19,5.873896947356664,1,5.5
86,5.209486152841421,33,1993,0,0,0,1,0,0,1,0,0,0,6.019351492811208,1,6.019351492811208,1,6.019351492811208,1,6.019351492811208,1,7.1
120,3.1780538303479458,32,1994,0,1,0,0,0,0,0,0,0,0,5.743776172923092,4,5.737533310993026,1,5.759580377701369,7,5.737533310993026,1,4.0
175,9.502636781978708,31,1995,1,1,0,0,0,0,0,0,0,0,5.974472453083621,13,6.023907835909508,24,5.44664870849705,16,6.069554151307706,6,6.8
115,4.174387269895637,12,2014,0,0,0,0,0,1,0,0,0,0,5.7557151291748445,1,5.7557151291748445,1,5.684405535076941,2,5.7557151291748445,1,4.2
127,4.04305126783455,43,1983,1,1,0,0,0,0,0,1,0,0,5.937533310993026,1,5.3923579264167305,93,6.042738868410274,2,6.042738868410274,2,6.2
145,6.9985096422506015,28,1998,1,0,1,0,0,0,0,0,0,0,6.15958037770137,7,5.189745229318689,18,5.6937761729230925,4,5.964806038265754,1,6.5
99,3.4339872044851463,8,2018,1,0,0,0,0,0,0,0,0,0,6.009405535076941,2,5.810260583720299,1,5.810260583720299,1,5.809405535076941,2,4.8
185,4.060443010546419,41,1985,1,1,0,0,0,0,0,0,0,0,5.809405535076941,2,5.695643321046164,10,6.031758955455637,3,5.795201703100598,29,6.1
130,3.784189633918261,42,1984,0,0,0,0,1,1,0,0,0,0,6.10627035671796,8,6.514947961485934,31,5.983224754883523,25,5.99419109472822,5,6.5
110,4.859812404361672,12,2014,0,1,1,0,0,0,0,0,0,0,5.619351492811209,1,5.359405535076941,2,5.619351492811209,1,5.619351492811209,1,2.7
156,4.290459441148391,49,1977,1,0,0,0,0,0,1,0,0,0,6.568514656836932,15,6.491721282179798,73,6.3758041513077055,6,6.277857564587422,12,6.7
193,7.5740450053721995,40,1986,1,1,0,0,0,0,0,0,0,1,6.089745229318689,18,6.759304267203161,29,6.471382787771719,21,6.400402075653853,22,7.4
110,4.836281906951478,17,2009,1,0,0,0,0,0,0,0,0,0,5.87234760149452,4,5.695643321046164,10,5.637533310993026,1,5.637533310993026,1,2.9
97,4.663439094112067,18,2008,1,0,0,0,1,0,0,0,1,0,5.83440553507694,2,5.828442401902118,1,5.828442401902118,1,5.989603690051293,8,5.0
130,2.833213344056216,41,1985,0,1,0,0,0,0,0,0,0,0,5.388992142407253,7,5.3923579264167305,93,5.563835074785437,9,6.3628786032973625,57,4.4
180,5.472270673671475,26,2000,1,0,1,0,0,0,0,0,0,0,5.974472453083621,13,5.812521554171958,7,5.532731365321274,24,5.61709554736411,20,4.4
168,4.02535169073515,47,1979,1,1,0,0,0,0,0,0,0,0,6.405130291860149,12,5.921342085059831,89,5.837304297111666,52,6.285110246958587,16,7.0
135,9.306195857619704,16,2010,1,0,1,0,0,0,0,0,1,0,6.019351492811208,1,6.083109789466075,7,6.025536100871804,14,5.6937761729230925,4,7.1
124,6.244166900663736,27,1999,0,1,0,0,0,1,0,0,0,0,5.785976865733128,39,5.356708208998889,59,5.217024067247869,26,5.758187170035511,16,5.1
97,2.0794415416798357,12,2014,0,1,0,0,0,0,0,0,0,1,5.646624220083935,1,5.646624220083935,1,5.646624220083935,1,5.646624220083935,1,3.0
160,3.6375861597263857,48,1978,1,0,0,0,0,0,1,0,0,0,6.421369434205137,14,6.073896947356662,1,6.073896947356662,1,6.073896947356662,1,7.7
114,9.545883605779304,8,2018,1,0,0,1,0,0,0,0,0,1,6.009405535076941,2,6.693069126700863,17,5.909405535076941,2,6.067738868410274,2,7.6
159,7.671826797878781,46,1980,0,1,1,0,0,0,0,1,0,0,6.089745229318689,18,5.939515471802202,46,5.948045601101225,9,6.232054151307706,6,7.5
173,5.968707559985366,24,2002,1,1,0,0,1,0,0,0,0,0,5.376803162901108,11,5.219562361627795,52,5.316563957322251,27,5.448045601101226,9,3.9
142,7.122059881629142,18,2008,1,1,0,0,0,0,0,1,0,0,5.388036100871804,14,4.64193331887784,7,5.379754014514597,19,5.564806038265754,1,2.1
96,3.4011973816621555,7,2019,1,0,0,0,0,0,0,0,0,0,5.884405535076941,2,5.973896947356663,1,5.973896947356663,1,6.092738868410275,2,6.6
150,3.332204510175204,34,1992,1,0,1,0,0,0,0,0,0,0,5.619152075653853,22,5.586633315780235,4,5.700677180048594,9,5.6301686129954875,7,5.1
107,4.1588830833596715,21,2005,1,0,0,0,0,0,0,0,0,0,5.759405535076941,2,5.83440553507694,2,5.782987856447572,1,5.782987856447572,1,4.5
157,3.9889840465642745,38,1988,1,1,1,0,0,0,0,0,0,0,5.595643321046164,10,5.8375333109930265,1,5.751072201743607,2,5.8375333109930265,1,5.1
145,4.882801922586371,42,1984,1,1,0,0,0,0,0,0,0,0,5.605374591472538,11,5.3923579264167305,93,6.184777075653853,22,5.89207876553848,1,5.7
156,2.772588722239781,33,1993,1,0,1,0,0,0,0,0,0,0,5.579490458637379,4,5.60091903006595,4,5.764806038265753,1,5.762528186224869,3,4.3
131,4.7535901911063645,52,1974,1,0,1,0,0,0,0,0,0,0,5.9437761729230925,4,5.911825912273516,8,6.342024067247869,26,6.3628786032973625,57,5.9
121,3.912023005428146,35,1991,1,0,0,0,0,0,0,0,0,0,6.179490458637377,4,6.010260583720299,1,6.0760722017436075,2,5.9510722017436075,2,7.0
134,2.6390573296152584,53,1973,0,1,0,0,0,0,1,0,1,0,5.8866333157802355,4,5.89396343293301,21,5.837304297111666,52,6.084549116340087,28,5.4
148,3.1780538303479458,8,2018,1,0,0,0,0,1,0,0,0,0,5.982987856447571,1,5.982987856447571,1,5.982987856447571,1,5.982987856447571,1,6.7
168,6.1903154058531475,62,1964,0,0,1,1,0,0,0,1,0,0,6.466201509566438,34,6.6843833277482565,34,6.724115867164841,32,6.3628786032973625,57,7.1
151,6.843749949006225,25,2001,1,0,0,0,0,1,0,0,1,0,5.080321660523082,30,5.783109789466075,7,5.9193514928112085,1,5.876072201743607,2,6.0
100,3.4657359027997265,7,2019,1,0,0,0,0,0,0,0,0,0,6.164806038265753,1,6.164806038265753,1,6.164806038265753,1,6.927791280160949,120,8.7
152,3.4011973816621555,69,1957,1,0,0,0,0,0,1,0,0,0,6.236050965936664,7,6.00116967462939,1,6.358187170035511,16,6.418766655496513,12,6.9
141,7.01571242048723,43,1983,1,0,0,1,0,0,0,0,0,0,6.432054151307705,6,6.137978611715534,43,6.241933318877841,7,5.9695541513077055,6,7.8
110,2.3978952727983707,8,2018,1,0,0,0,0,0,0,0,0,0,5.685605109301791,3,5.8829878564475715,1,5.8829878564475715,1,5.8829878564475715,1,5.6
148,3.5553480614894135,55,1971,1,0,1,0,0,0,0,0,0,0,6.3910888771868235,11,5.4725802696012575,88,6.354935346088585,23,5.9815650676630145,11,6.9
167,6.853299093186078,56,1970,1,0,0,0,0,0,1,1,0,0,6.466201509566438,34,6.491721282179798,73,6.438036100871805,14,6.205191863924958,31,7.2
199,4.532599493153256,45,1981,1,1,0,1,0,0,0,0,0,0,5.955715129174845,1,5.955715129174845,1,6.208601383769235,38,5.61709554736411,20,6.4
84,6.186208623900494,13,2013,1,0,0,0,0,0,0,0,0,0,6.082987856447573,1,6.082987856447573,1,6.082987856447573,1,6.082987856447573,1,7.8
119,3.2188758248682006,20,2006,0,0,0,0,0,1,0,0,0,0,5.540857761394887,5,6.0471435708402534,3,5.8829878564475715,1,5.8829878564475715,1,5.6
135,7.957527402230773,11,2015,1,0,1,1,0,0,0,0,0,0,5.900677180048595,9,5.932054151307705,6,5.738304151307705,6,5.819351492811208,1,4.9
127,3.8501476017100584,22,2004,0,0,0,0,0,0,0,1,0,0,5.8375333109930265,1,5.8375333109930265,1,5.640643321046165,10,5.469725631573973,16,5.1
119,3.4011973816621555,39,1987,1,0,0,1,0,0,0,0,0,0,5.888992142407253,7,5.729490458637378,4,6.342024067247869,26,5.910260583720299,1,5.9
154,3.912023005428146,35,1991,1,1,0,0,1,0,0,0,0,0,5.808061887208806,4,5.921342085059831,89,5.383762214030777,20,5.420643321046164,10,3.2
112,6.129050210060545,11,2015,1,0,0,1,0,0,1,0,0,0,6.394554151307705,6,6.0772274365248995,7,6.406639201230782,7,5.814191094728219,5,6.1
123,2.9444389791664403,29,1997,0,1,0,0,0,1,0,0,0,0,5.7193514928112075,1,5.7193514928112075,1,5.648045601101225,9,5.911468511692314,26,3.8
130,4.624972813284271,29,1997,1,0,0,0,0,1,0,0,1,0,5.325536100871804,14,5.939515471802202,46,5.992239632997927,27,5.5577555438534905,11,5.5
90,8.233503140233994,27,1999,0,0,0,0,0,1,0,0,1,0,5.670066660951704,33,5.965462730642546,7,5.911203495838068,9,5.9675244280615525,5,7.8
127,3.828641396489095,43,1983,0,0,0,0,1,0,0,0,0,0,5.955715129174845,1,5.955715129174845,1,5.955715129174845,1,5.955715129174845,1,6.4
139,2.8903717578961645,67,1959,1,0,0,0,0,0,0,1,0,0,6.085605109301792,3,6.148045601101225,9,6.4729370233846275,8,6.308061887208806,4,7.1
121,2.70805020110221,43,1983,0,0,0,1,0,0,0,0,0,0,6.459735793367529,17,5.982987856447571,1,6.239451263147946,3,5.955643321046165,10,6.7
150,6.22455842927536,33,1993,1,1,0,0,1,0,0,0,0,0,5.828442401902118,1,5.528400721966557,82,5.650804151307705,6,5.7508041513077055,6,5.0
116,9.345482965918476,8,2018,1,0,1,0,0,0,0,0,0,0,6.087524428061553,5,6.339603690051295,8,5.662528186224869,3,5.967738868410275,2,6.9
132,3.8918202981106265,53,1973,0,1,0,0,0,0,0,0,0,0,5.968316657890118,18,5.921342085059831,89,5.837304297111666,52,6.205191863924958,31,6.8
162,7.044905117129371,28,1998,1,1,0,1,0,0,0,0,0,0,5.814191094728219,5,5.528400721966557,82,5.371391221603244,28,5.875643321046164,10,5.7
116,2.3978952727983707,6,2020,1,0,0,1,0,0,0,0,0,0,5.6738969473566625,1,5.6738969473566625,1,5.6738969473566625,1,5.6738969473566625,1,3.3
119,5.209486152841421,24,2002,1,0,1,1,0,0,0,0,0,0,5.9437761729230925,4,6.314898400996348,11,5.796514656836931,15,5.654835878532561,3,4.7
125,5.37989735354046,10,2016,1,0,0,0,0,0,0,0,0,0,5.89207876553848,1,5.89207876553848,1,5.734405535076941,2,5.89207876553848,1,5.7
150,9.658928824466434,7,2019,1,1,0,0,0,0,0,0,0,0,5.793297416994099,3,5.528400721966557,82,6.018403907113134,7,6.0466242200839355,1,7.4
128,6.76849321164863,14,2012,0,0,0,1,0,0,1,0,0,0,6.110260583720299,1,5.780643321046165,10,6.110260583720299,1,6.2010722017436075,2,8.1
119,9.000483164987708,6,2020,0,1,1,1,0,0,0,0,0,0,5.601072201743608,2,5.7010722017436075,2,5.301072201743607,2,5.82406664776333,3,2.3
157,3.6635616461296463,50,1976,1,1,0,0,1,0,0,0,0,0,6.255643321046165,10,6.618278626177521,29,5.819266660024954,27,5.8829878564475715,1,5.6
167,3.1780538303479458,42,1984,0,0,0,0,0,0,1,0,0,0,5.527662618815857,23,6.128944742530841,101,5.9932974169941,3,5.648385496561882,13,5.9
119,5.402677381872279,8,2018,0,0,0,1,0,0,0,0,0,0,5.8829878564475715,1,6.0266463661271,13,5.8829878564475715,1,5.83440553507694,2,5.6
174,9.628590074443766,22,2004,1,1,0,0,1,0,0,0,0,0,6.400559409605361,13,6.128944742530841,101,5.711656055020984,34,5.807524428061553,5,7.4
190,8.027802848370312,33,1993,0,1,0,0,1,0,0,0,0,1,6.089745229318689,18,5.356708208998889,59,5.955253755513655,21,5.668316657890117,18,7.2
140,2.772588722239781,50,1976,1,1,0,0,1,0,0,0,0,0,6.069725631573973,16,5.700612686710633,11,5.837304297111666,52,6.055643321046165,10,5.7
121,2.4849066497880004,19,2007,1,0,1,0,1,0,0,0,0,0,5.737533310993026,1,5.737533310993026,1,5.737533310993026,1,5.737533310993026,1,4.0
147,4.955827057601261,33,1993,1,0,0,0,1,1,0,0,0,0,5.427857564587422,12,5.4725802696012575,88,5.756652075653853,22,5.7102605837202995,1,3.7
74,2.5649493574615367,22,2004,0,1,0,0,0,0,0,0,0,0,5.801072201743608,2,5.946624220083936,1,5.946624220083936,1,5.946624220083936,1,6.3
130,3.044522437723423,7,2019,1,1,0,0,0,0,0,0,0,0,5.792078765538481,1,5.792078765538481,1,5.792078765538481,1,5.792078765538481,1,4.6
101,6.851184927493743,40,1986,0,0,0,0,0,1,0,0,1,0,6.15958037770137,7,6.6328884004548545,36,6.247524428061553,5,6.400402075653853,22,7.5
100,3.970291913552122,9,2017,1,0,0,0,0,0,0,0,0,0,6.170220493917176,3,6.171345083583723,7,6.08440553507694,2,6.08440553507694,2,7.7
123,5.5053315359323625,21,2005,0,0,0,0,0,1,0,0,1,0,5.307054151307705,6,5.75483587853256,3,5.843474236839166,34,5.6738969473566625,1,3.3
127,6.304448802421981,56,1970,1,0,1,0,0,0,0,0,0,0,6.456270356717961,8,6.491721282179798,73,6.622579622803425,26,6.365462730642546,7,7.7
96,5.480638923341991,7,2019,0,0,0,0,0,1,0,0,0,0,5.351072201743608,2,5.7141910947282195,5,5.293297416994099,3,5.585605109301792,3,3.5
160,8.042699496897637,30,1996,1,0,1,0,0,0,0,1,0,0,6.4848877063643835,9,5.326992969522278,9,6.324514656836932,15,5.77680316290111,11,7.5
122,7.107425474110705,11,2015,1,0,1,0,0,0,0,0,0,0,5.737533310993026,1,5.462528186224868,3,5.557054151307706,6,5.737533310993026,1,4.0
79,7.05617528410041,20,2006,0,0,0,0,0,0,1,0,0,1,5.910260583720299,1,5.910260583720299,1,5.711656055020984,34,5.910260583720299,1,5.9
171,2.70805020110221,84,1942,1,0,0,0,0,0,1,0,0,0,5.937533310993026,1,5.937533310993026,1,6.108682032378715,3,5.762528186224869,3,6.2
130,2.995732273553991,47,1979,1,0,1,0,0,0,0,0,0,0,6.1309941922140565,13,5.4725802696012575,88,5.988304151307705,6,6.086633315780235,4,6.5
136,7.040536390215956,7,2019,1,0,0,1,0,0,0,0,0,0,5.737533310993026,1,5.654835878532561,3,5.737533310993026,1,5.779490458637378,4,4.0
158,4.983606621708336,61,1965,1,0,0,0,0,0,0,1,0,0,6.421369434205137,14,6.229837873202802,34,6.471382787771719,21,6.3628786032973625,57,6.9
106,5.493061443340548,42,1984,1,0,0,0,0,0,0,0,0,0,6.532256127417016,9,6.6328884004548545,36,6.036633315780235,4,6.163304151307706,6,7.2
134,2.833213344056216,46,1980,0,0,0,0,0,1,0,0,0,0,5.833946020043966,11,6.186326972424918,11,5.983224754883523,25,5.720514656836932,15,5.8
103,3.912023005428146,19,2007,0,0,0,1,0,0,0,0,0,0,5.8375333109930265,1,5.436633315780235,4,5.8375333109930265,1,5.383109789466076,7,5.1
125,4.653960350157523,15,2011,1,0,0,0,0,1,0,0,0,0,5.6177388684102745,2,5.828442401902118,1,5.862528186224869,3,5.495643321046164,10,5.0
94,3.2188758248682006,17,2009,1,0,0,0,0,0,0,0,0,0,6.059405535076941,2,7.100201037826927,54,7.047450176569067,83,6.927791280160949,120,7.7
156,5.204006687076795,38,1988,1,1,0,0,0,0,0,0,0,0,5.527662618815857,23,5.921342085059831,89,5.231796183454951,25,5.350714801162405,8,4.8
128,6.760414691083428,48,1978,1,0,0,1,0,0,0,0,0,0,6.488268679421918,23,6.47834521208835,91,5.947143570840253,3,6.086633315780235,4,7.5
157,9.199481628641307,16,2010,1,0,0,1,1,0,0,0,0,0,6.1977658056647,29,5.528400721966557,82,5.686633315780235,4,6.000756848289605,7,5.7
124,5.8916442118257715,26,2000,1,1,0,0,1,0,0,0,0,0,5.743469829567776,11,5.356708208998889,59,5.340428880697443,20,5.7580618872088065,4,4.4
103,3.5553480614894135,37,1989,1,0,0,0,0,0,0,0,0,0,6.179490458637377,4,5.973896947356663,1,6.1937761729230925,4,6.247524428061553,5,6.6
171,3.295836866004329,85,1941,0,0,0,0,0,0,0,0,1,0,5.82406664776333,3,6.010260583720299,1,6.010260583720299,1,6.010260583720299,1,7.0
92,3.332204510175204,8,2018,1,0,0,0,0,0,0,0,0,0,6.110260583720299,1,6.110260583720299,1,6.110260583720299,1,6.110260583720299,1,8.1
152,6.295266001439646,34,1992,1,0,1,1,0,0,0,0,0,0,5.974472453083621,13,5.586633315780235,4,5.759580377701369,7,5.586948473678333,12,6.4
174,6.148468295917647,23,2003,1,1,0,0,1,0,0,0,0,0,5.737533310993026,1,5.219562361627795,52,5.316563957322251,27,5.737533310993026,1,4.0
139,5.908082938168931,51,1975,0,0,1,1,0,0,0,0,1,0,6.355130291860149,12,5.939515471802202,46,5.942802554650895,16,6.308514656836931,15,7.5
90,3.912023005428146,49,1977,0,1,0,0,0,1,0,0,0,0,5.808061887208806,4,5.921342085059831,89,6.288118693193251,31,5.937533310993026,1,6.2
130,2.3978952727983707,10,2016,0,1,0,0,0,1,0,0,0,0,5.9510722017436075,2,5.900989724686407,3,5.846624220083935,1,5.846624220083935,1,5.2
97,5.407171771460119,18,2008,1,0,0,1,0,0,0,0,0,0,6.338304151307705,6,6.028442401902117,1,6.028442401902117,1,6.028442401902117,1,7.2
168,7.1308988302963465,16,2010,1,1,0,0,0,0,0,0,0,0,5.888992142407253,7,5.427417939266281,16,6.025536100871804,14,5.90116967462939,1,5.8
120,7.713784616598755,16,2010,0,0,0,1,0,0,1,0,0,0,6.028442401902117,1,6.028442401902117,1,6.250804151307706,6,6.028442401902117,1,7.2
157,8.952475967933584,34,1992,0,1,1,0,0,0,0,0,1,0,5.825459515032975,18,5.825459515032975,18,5.711656055020984,34,5.950919030065949,4,7.2
157,7.478734825567875,26,2000,0,1,1,0,0,1,0,0,0,0,5.747143570840253,3,5.528400721966557,82,5.2269929695222785,9,5.8260722017436075,2,5.2
141,8.792245847467877,14,2012,0,1,0,1,0,0,0,0,0,0,5.642738868410274,2,5.528400721966557,82,5.608061887208806,4,5.764806038265753,1,4.3
162,8.656781205623291,30,1996,1,1,0,0,1,0,0,0,0,0,5.595643321046164,10,5.528400721966557,82,5.837304297111666,52,5.673571785420127,16,6.0
138,2.995732273553991,58,1968,0,1,0,0,0,0,0,0,0,0,5.700643321046165,10,5.90091903006595,4,5.992078765538481,1,5.992078765538481,1,6.8
160,5.793013608384144,56,1970,1,0,1,0,0,0,0,1,0,0,5.847143570840253,3,6.471632800332116,53,6.354935346088585,23,6.2772274365249,7,7.2
113,5.60947179518496,37,1989,0,0,0,0,0,1,0,0,1,0,5.743776172923091,4,5.939515471802202,46,6.387511820029784,21,5.700919030065949,4,7.1
116,6.1092475827643655,9,2017,0,0,0,0,1,1,0,0,1,0,5.992078765538481,1,5.992078765538481,1,5.992078765538481,1,5.992078765538481,1,6.8
158,5.402677381872279,14,2012,0,0,1,1,0,0,0,0,0,0,5.8375333109930265,1,5.792738868410274,2,5.8375333109930265,1,5.8375333109930265,1,5.1
153,6.63200177739563,27,1999,0,1,1,1,0,0,0,0,0,0,5.508682032378715,3,5.356708208998889,59,5.379754014514597,19,6.008690733914536,26,5.3
130,8.971829343530851,12,2014,0,0,1,1,0,0,0,0,0,0,5.843776172923092,4,5.854191094728219,5,5.955715129174845,1,6.101072201743608,2,6.4
141,3.5553480614894135,45,1981,1,1,0,0,0,0,0,0,0,0,5.724066647763331,3,5.89396343293301,21,5.704030943604403,18,6.121888086461546,18,5.7
172,6.932447891572509,38,1988,1,1,0,0,0,1,0,0,0,0,5.974472453083621,13,5.630428880697443,20,5.488992142407252,7,5.95940553507694,2,6.6
151,4.442651256490317,35,1991,1,1,0,0,1,0,0,0,0,0,6.000714801162405,8,5.790996893509845,33,5.565084306497744,24,5.963304151307705,6,4.8
117,2.0794415416798357,45,1981,0,1,0,0,0,0,0,0,0,0,6.113304151307705,6,5.4725802696012575,88,5.942802554650895,16,5.720514656836932,15,4.1
126,2.302585092994046,52,1974,0,1,0,0,0,1,0,0,0,0,5.581264093112434,16,5.958061887208807,4,5.928442401902117,1,6.000989724686407,3,6.1
117,3.091042453358316,30,1996,0,0,0,0,0,0,0,0,0,0,5.619351492811209,1,5.638304151307706,6,5.509405535076941,2,5.462528186224868,3,2.7
87,3.091042453358316,27,1999,0,0,0,0,0,0,0,0,0,0,5.8829878564475715,1,5.393776172923092,4,5.8829878564475715,1,5.8829878564475715,1,5.6
127,3.6888794541139363,37,1989,0,0,0,0,0,0,0,0,0,0,5.447143570840253,3,5.746624220083936,1,5.501072201743607,2,5.746624220083936,1,4.1
130,3.7376696182833684,35,1991,0,0,0,0,0,0,0,0,0,0,5.450919030065949,4,5.838304151307705,6,5.792738868410274,2,5.462528186224868,3,5.5
97,2.1972245773362196,27,1999,0,0,0,0,0,0,0,0,0,0,5.417738868410274,2,5.476072201743608,2,5.237519285311752,9,5.562528186224868,3,2.8
135,10.031176913677017,20,2006,1,0,0,1,1,0,0,0,0,0,6.463304151307705,6,5.888514656836931,15,6.1284925789401825,8,5.883109789466076,7,8.3
145,2.0794415416798357,68,1958,1,0,0,0,0,0,0,0,0,0,5.978492578940183,8,5.80116967462939,1,6.118766655496514,12,6.148514656836932,15,4.7
132,4.700480365792417,52,1974,1,1,0,0,1,0,0,0,0,0,5.888992142407253,7,5.89396343293301,21,6.034405535076941,2,5.900378424144803,24,6.2
82,4.356708826689592,11,2015,1,0,0,0,0,0,0,0,0,0,6.055715129174845,1,6.055715129174845,1,6.055715129174845,1,6.055715129174845,1,7.5
131,6.269096283706261,19,2007,1,0,1,0,0,0,0,0,0,0,6.314221200951058,12,5.550919030065949,4,5.995159245606849,8,6.065643321046164,10,6.3
126,7.3914152346753585,46,1980,1,0,0,1,0,0,1,0,0,0,6.951462009788914,33,6.47834521208835,91,5.837304297111666,52,6.308514656836931,15,7.6
193,7.539027055823995,34,1992,1,1,0,0,0,0,0,0,0,1,6.000714801162405,8,6.128944742530841,101,5.992239632997927,27,6.070220493917176,3,6.5
133,9.689241798157529,6,2020,1,1,0,0,0,0,0,0,0,1,6.016374340071023,3,5.95958037770137,7,6.20940553507694,2,6.3536980247601935,7,7.4
91,3.332204510175204,43,1983,1,0,0,0,0,0,0,0,0,0,6.4275244280615516,5,6.110260583720299,1,6.110260583720299,1,6.13870792480587,11,8.1
160,4.61512051684126,16,2010,1,1,0,0,1,0,0,0,0,0,4.896369434205138,14,5.219562361627795,52,5.8068666587394615,21,5.288304151307706,6,3.2
169,5.902633333401366,44,1982,1,1,0,0,0,0,0,0,0,0,6.355130291860149,12,6.471632800332116,53,6.342024067247869,26,6.061173800747261,18,6.9
167,5.802118375377063,32,1994,1,1,0,0,0,1,0,0,0,0,5.765204744351664,4,4.990967175706513,55,5.185672541791862,24,5.5700868612400996,23,5.1
158,5.683579767338681,39,1987,1,0,0,0,0,0,0,0,0,0,5.974472453083621,13,5.4725802696012575,88,5.819266660024954,27,6.200989724686408,3,5.8
140,2.302585092994046,62,1964,1,0,0,1,0,0,0,0,0,1,5.90116967462939,1,6.060857761394886,5,5.842738868410275,2,5.90116967462939,1,5.8
155,2.8903717578961645,34,1992,0,1,0,0,0,0,0,0,0,0,5.90116967462939,1,5.921342085059831,89,6.189603690051293,8,5.612521554171957,7,5.8
155,5.771441123130016,21,2005,0,0,0,1,0,0,0,0,0,0,5.700415045836235,21,4.990967175706513,55,5.645643321046164,10,6.205191863924958,31,4.1
132,5.541263545158426,51,1975,1,0,1,0,0,0,0,0,0,0,6.944920978552715,17,5.4725802696012575,88,6.244872614659345,46,6.2772274365249,7,7.1
161,7.356279876550748,23,2003,1,1,0,1,0,0,0,0,0,0,5.909405535076941,2,5.642738868410274,2,5.415643321046164,10,5.8043410161893565,16,4.4
120,2.0794415416798357,29,1997,1,0,0,0,0,0,0,0,0,0,5.792078765538481,1,5.326992969522278,9,5.680643321046165,10,5.565784695424972,51,4.6
90,4.23410650459726,12,2014,1,0,1,0,0,0,0,0,0,0,5.873896947356664,1,5.873896947356664,1,5.873896947356664,1,5.873896947356664,1,5.5
115,3.332204510175204,46,1980,1,0,1,0,1,0,0,0,0,0,6.466201509566438,34,5.926072201743608,2,5.63870792480587,11,5.795201703100598,29,5.9
100,2.1972245773362196,6,2020,1,0,0,0,0,0,0,0,0,0,6.082987856447573,1,6.082987856447573,1,6.082987856447573,1,6.082987856447573,1,7.8
152,5.288267030694535,23,2003,1,0,1,0,0,0,0,1,0,0,5.262528186224869,3,5.746624220083936,1,5.700857761394886,5,5.809405535076941,2,4.1
126,8.5956346177228,10,2016,0,0,1,1,0,0,0,0,0,0,6.240857761394887,5,6.128944742530841,101,5.35958037770137,7,5.8043410161893565,16,5.8
146,10.194738249864933,12,2014,0,1,0,1,1,0,0,0,0,0,5.855715129174845,1,5.346112564277431,51,5.2508041513077055,6,5.965204744351664,4,5.3
69,3.1354942159291497,13,2013,0,0,0,0,0,0,0,0,0,0,6.064806038265754,1,7.100201037826927,54,7.047450176569067,83,6.927791280160949,120,7.6
135,7.753194269884341,18,2008,1,1,0,0,1,0,0,0,0,0,5.732054151307706,6,5.356708208998889,59,5.894554151307705,6,5.525804151307705,6,4.6
127,8.275885669474356,12,2014,1,1,0,1,0,0,0,0,0,0,5.794554151307706,6,5.767381467829072,8,5.764806038265753,1,5.677912801609484,3,4.3
160,4.8283137373023015,34,1992,1,1,0,0,1,0,0,0,0,0,5.946624220083936,1,6.095643321046164,10,5.8932974169941,3,5.946624220083936,1,6.3
139,4.77912349311153,49,1977,1,0,1,0,0,0,0,0,0,0,6.944920978552715,17,5.4725802696012575,88,6.244872614659345,46,5.4861738007472605,18,6.7
111,3.8501476017100584,63,1963,1,0,1,0,0,0,0,0,0,0,6.5142212009510585,12,6.603274868014205,55,6.307340221411149,19,6.019351492811208,1,7.1
157,4.5217885770490405,24,2002,0,1,0,0,0,0,0,0,0,0,5.928442401902117,1,5.928442401902117,1,5.928442401902117,1,6.927791280160949,120,6.1
142,3.6635616461296463,64,1962,0,1,0,1,0,0,0,0,0,1,6.363439497071233,17,5.946624220083936,1,5.915204744351663,4,5.9713450835837225,7,6.3
171,7.914252278742441,33,1993,1,0,0,1,0,0,1,0,0,0,5.974472453083621,13,5.333601383769235,38,6.144037670474925,13,5.57419109472822,5,5.1
95,4.700480365792417,18,2008,0,0,0,0,0,0,0,0,0,0,6.064806038265754,1,6.064806038265754,1,6.064806038265754,1,6.927791280160949,120,7.6
146,4.382026634673881,40,1986,1,0,0,1,0,0,0,0,0,0,6.488268679421918,23,5.80709554736411,20,5.743469829567776,11,6.305643321046165,10,6.3
132,5.602118820879701,7,2019,1,0,0,0,0,0,0,0,0,0,6.055715129174845,1,6.055715129174845,1,6.055715129174845,1,6.055715129174845,1,7.5
142,4.948759890378168,22,2004,1,0,1,1,0,0,0,0,0,0,5.262528186224869,3,5.114191094728219,5,5.542202767538471,14,5.501072201743607,2,2.5
133,8.644706511715198,11,2015,0,0,1,1,0,0,0,0,0,0,5.825459515032975,18,5.825459515032975,18,5.89207876553848,1,5.89207876553848,1,5.7
84,2.5649493574615367,9,2017,1,0,0,0,0,0,0,0,0,0,5.8829878564475715,1,5.8829878564475715,1,5.8829878564475715,1,6.100989724686406,3,5.6
100,5.659482215759621,17,2009,1,1,0,0,1,0,0,0,0,0,5.700989724686408,3,5.333601383769235,38,5.52406664776333,3,5.458571916890699,9,5.3
142,2.772588722239781,52,1974,1,1,0,1,0,0,0,0,0,0,6.025804151307705,6,6.108869434205137,14,6.1419333188778396,7,6.163304151307706,6,6.1
137,2.5649493574615367,89,1937,1,0,0,0,0,0,0,0,0,0,5.82406664776333,3,5.946624220083936,1,5.946624220083936,1,5.762528186224869,3,6.3
160,6.428105272684596,36,1990,1,1,0,1,0,0,0,0,0,0,5.974472453083621,13,5.661825912273516,8,5.910260583720299,1,5.586948473678333,12,5.9
149,4.2626798770413155,31,1995,1,0,0,0,0,0,1,1,0,0,5.700415045836235,21,6.023907835909508,24,5.383762214030777,20,5.716374340071022,3,5.1
143,6.113682179832232,22,2004,1,1,0,0,0,0,0,0,0,0,5.278820279170577,13,5.189745229318689,18,5.3349264283077,19,5.521729811627541,9,3.7
153,8.582044163735853,18,2008,1,0,1,1,0,0,0,0,0,0,6.0475244280615525,5,5.813762214030776,20,6.022937023384626,8,5.846624220083935,1,5.2
143,4.543294782270004,83,1943,1,0,0,0,0,0,0,0,0,0,6.116374340071022,3,6.47834521208835,91,6.0466242200839355,1,6.067738868410274,2,7.4
137,2.3978952727983707,70,1956,1,1,0,0,1,0,0,0,0,0,6.117381467829072,8,6.229837873202802,34,6.358187170035511,16,5.928442401902117,1,6.1
129,6.324358962381311,14,2012,0,0,0,1,1,0,0,0,0,1,5.884405535076941,2,5.400612686710633,11,5.700857761394886,5,5.248045601101226,9,4.2
90,2.1972245773362196,40,1986,1,1,0,0,0,0,0,0,0,0,5.7557151291748445,1,5.3923579264167305,93,5.759580377701369,7,5.470220493917177,3,4.2
171,7.1929342212158,21,2005,1,0,1,0,0,0,0,1,0,0,6.089745229318689,18,5.400612686710633,11,5.626072201743607,2,5.782987856447572,1,4.5
119,3.044522437723423,22,2004,0,0,0,0,0,0,0,1,0,0,5.759405535076941,2,5.792078765538481,1,5.792078765538481,1,5.792078765538481,1,4.6
142,4.859812404361672,48,1978,1,0,0,0,0,0,0,0,0,0,6.019351492811208,1,6.6328884004548545,36,5.500459515032975,18,6.019351492811208,1,7.1
123,4.882801922586371,17,2009,0,1,0,1,1,0,0,0,0,0,4.987524428061552,5,5.430994192214055,13,5.531758955455638,3,5.3152047443516635,4,3.3
122,5.41610040220442,7,2019,0,1,0,1,1,0,0,0,0,0,5.792078765538481,1,5.850804151307706,6,5.685605109301791,3,5.801072201743608,2,4.6
140,6.403574197934815,43,1983,0,0,1,1,0,0,0,0,0,0,6.951462009788914,33,6.290643321046164,10,6.428492578940183,8,6.305643321046165,10,7.4
124,5.288267030694535,49,1977,1,0,0,0,0,0,0,0,0,0,6.944920978552715,17,6.236633315780234,4,6.3758041513077055,6,6.14603938276924,12,7.4
123,9.441928170073055,16,2010,1,1,1,0,0,0,0,0,0,0,6.090643321046164,10,6.114236773135286,19,5.488992142407252,7,5.928442401902117,1,6.1
146,5.703782474656201,24,2002,0,0,1,1,0,0,0,0,0,0,5.6136028878662305,13,5.153308758995962,9,5.343776172923092,4,5.720857761394885,5,4.5
100,3.4965075614664802,23,2003,0,0,0,1,0,0,0,0,0,0,5.873896947356664,1,5.873896947356664,1,5.873896947356664,1,6.927791280160949,120,5.5
117,7.64826303090192,16,2010,1,1,0,0,1,0,0,0,0,0,5.840857761394886,5,5.356708208998889,59,5.850536100871803,14,5.57419109472822,5,6.0
90,2.6390573296152584,14,2012,1,0,0,0,0,0,0,0,0,0,6.0920787655384805,1,7.100201037826927,54,7.047450176569067,83,6.927791280160949,120,7.9
151,5.017279836814924,66,1960,0,1,0,1,0,0,0,0,0,1,6.293776172923093,4,6.759304267203161,29,6.307340221411149,19,5.992078765538481,1,6.8
173,3.258096538021482,33,1993,0,0,0,0,0,1,0,0,1,0,5.325536100871804,14,5.608682032378715,3,5.467381467829071,8,6.3628786032973625,57,4.5
153,4.90527477843843,62,1964,1,0,0,0,0,0,0,1,1,0,6.0760722017436075,2,6.147815671819017,7,6.622579622803425,26,6.472041258139204,11,6.7
135,3.295836866004329,35,1991,0,1,0,0,0,0,0,0,0,0,5.60627035671796,8,5.49015086425912,9,5.693297416994099,3,5.82406664776333,3,5.5
150,6.403574197934815,27,1999,1,1,0,1,0,0,0,0,0,0,5.6136028878662305,13,6.128944742530841,101,6.324514656836932,15,5.884514656836932,15,5.4
142,5.4510384535657,21,2005,1,0,1,1,0,0,0,0,0,0,5.846624220083935,1,5.305643321046165,10,5.684405535076941,2,5.792738868410274,2,5.2
102,2.302585092994046,23,2003,1,0,0,0,0,0,0,0,0,0,4.923312110041968,12,5.5920787655384805,1,5.5920787655384805,1,5.5920787655384805,1,2.4
141,6.244166900663736,5,2021,0,0,0,0,0,1,0,0,0,0,5.692078765538481,1,6.0772274365248995,7,5.4548358785325615,3,5.692078765538481,1,3.5
124,2.833213344056216,50,1976,1,0,1,0,0,0,0,0,0,0,6.113304151307705,6,6.249591938691465,81,6.364745229318689,18,5.850804151307706,6,7.9
128,4.48863636973214,21,2005,1,0,1,0,0,0,0,0,0,0,5.667738868410274,2,5.809405535076941,2,5.648045601101225,9,5.809405535076941,2,4.7
165,5.602118820879701,24,2002,0,0,1,0,0,1,0,1,0,0,5.831758955455637,3,5.784048134495738,8,5.271345083583722,7,5.387524428061552,5,3.5
171,9.998024706360116,23,2003,1,1,1,0,0,0,0,0,0,0,5.974472453083621,13,6.114236773135286,19,5.837304297111666,52,6.006639201230782,7,7.1
140,5.720311776607412,40,1986,1,1,0,0,0,0,0,0,0,0,5.735110246958588,16,6.135342018301013,13,6.0760722017436075,2,6.065204744351663,4,6.3
137,3.9512437185814275,48,1978,1,0,0,0,0,0,0,0,0,0,6.8068666587394615,21,6.126072201743607,2,6.0466242200839355,1,6.0466242200839355,1,7.4
125,5.488937726156687,52,1974,1,0,0,0,0,0,1,1,0,0,6.1309941922140565,13,6.0466242200839355,1,6.6445146568369315,15,6.0760722017436075,2,7.4
85,2.772588722239781,6,2020,1,0,0,0,0,0,0,0,0,0,6.037533310993027,1,6.037533310993027,1,6.037533310993027,1,6.101072201743608,2,7.3
125,7.329093736246592,54,1972,1,0,0,0,0,0,0,0,0,0,6.944920978552715,17,6.471632800332116,53,6.6445146568369315,15,5.911468511692314,26,8.6
140,3.044522437723423,25,2001,1,0,0,0,0,0,0,0,0,0,5.7193514928112075,1,5.7193514928112075,1,5.7193514928112075,1,5.7193514928112075,1,3.8
100,2.6390573296152584,6,2020,1,0,1,0,1,0,0,0,0,0,6.00116967462939,1,6.00116967462939,1,6.00116967462939,1,6.00116967462939,1,6.9
145,5.556828061699537,12,2014,1,1,0,0,0,0,0,0,0,0,5.325804151307706,6,5.864806038265754,1,5.864806038265754,1,5.980514656836932,15,5.4
166,9.041448235493888,29,1997,1,1,0,0,0,0,0,1,0,0,5.974472453083621,13,6.437236226541811,36,5.955253755513655,21,5.9531351783589805,26,6.2
187,6.763884908562435,45,1981,1,1,0,0,0,0,0,0,0,1,6.100804151307706,6,6.759304267203161,29,6.500584837314696,12,6.1056433210461645,10,7.2
142,5.978885764901122,24,2002,1,1,0,0,0,0,0,0,0,0,5.550919030065949,4,5.790996893509845,33,5.581565067663014,11,5.230168612995488,7,3.8
140,3.871201010907891,29,1997,1,1,0,0,1,0,0,0,0,0,5.946624220083936,1,5.3923579264167305,93,5.841933318877841,7,5.963304151307705,6,6.3
159,7.562161631225652,32,1994,1,1,0,0,1,0,0,0,0,0,5.6136028878662305,13,6.182602372175832,18,5.565084306497744,24,6.029490458637378,4,7.4
159,2.995732273553991,16,2010,1,1,0,0,1,0,0,0,0,0,5.6136028878662305,13,5.792078765538481,1,5.792078765538481,1,5.792078765538481,1,4.6
110,7.615298339825815,18,2008,1,0,0,1,1,0,0,0,0,0,5.7557151291748445,1,5.812521554171958,7,5.850536100871803,14,5.500559409605361,13,4.2
130,1.9459101490553132,8,2018,0,0,0,0,0,1,0,0,0,0,5.90116967462939,1,5.90116967462939,1,5.90116967462939,1,5.647143570840253,3,5.8
180,3.4657359027997265,33,1993,0,1,0,0,0,0,0,0,0,0,5.333946020043966,11,5.3923579264167305,93,5.658061887208807,4,5.89207876553848,1,5.7
156,5.765191102784844,30,1996,1,1,1,0,0,0,0,0,0,0,5.80116967462939,1,5.80116967462939,1,5.316563957322251,27,4.8659609110663204,19,4.7
130,3.1780538303479458,29,1997,1,0,0,0,0,0,0,0,0,0,5.973896947356663,1,5.4725802696012575,88,5.876072201743607,2,5.973896947356663,1,6.6
117,5.241747015059643,14,2012,0,1,0,0,0,0,0,0,0,1,5.964806038265754,1,6.32036761202638,25,5.964806038265754,1,5.964806038265754,1,6.5
124,6.9363427358340495,22,2004,0,0,0,0,0,0,0,0,1,0,5.846624220083935,1,5.5008041513077055,6,5.776072201743607,2,5.846624220083935,1,5.2
96,3.4011973816621555,6,2020,1,0,0,0,0,0,0,0,0,0,5.934405535076941,2,5.964806038265754,1,5.964806038265754,1,5.964806038265754,1,6.5
144,5.236441962829949,36,1990,1,1,0,0,1,0,0,0,0,0,5.665462730642546,7,5.356708208998889,59,5.5565146568369315,15,5.54664870849705,16,5.1
141,5.365976015021851,26,2000,1,1,0,1,0,0,0,0,0,0,5.684405535076941,2,4.91827862617752,29,5.585605109301792,3,5.582054151307705,6,4.4
159,5.111987788356544,45,1981,0,1,0,0,1,1,0,0,0,0,6.089745229318689,18,5.921342085059831,89,6.594801845025647,26,6.2266463661271,13,6.5
154,9.857024678125788,20,2006,0,1,0,0,0,0,0,0,0,1,5.974472453083621,13,6.114236773135286,19,5.3349264283077,19,6.121888086461546,18,6.4
152,9.965193941972107,13,2013,0,1,0,0,0,0,0,0,0,1,5.974472453083621,13,6.114236773135286,19,5.529184115282062,11,5.558869434205136,14,5.2
187,6.3561076606958915,33,1993,1,1,0,0,0,0,0,0,0,0,6.071345083583723,7,6.229837873202802,34,6.208601383769235,38,5.980514656836932,15,5.9
92,5.713732805509369,15,2011,1,0,0,0,0,0,0,0,0,0,5.982987856447571,1,6.067738868410274,2,5.982987856447571,1,5.982987856447571,1,6.7
105,4.844187086458591,15,2011,1,0,0,0,0,0,0,0,0,0,5.764806038265753,1,5.8677388684102745,2,5.909255061779273,13,6.054191094728219,5,4.3
143,6.747586526829315,23,2003,0,0,0,0,0,0,0,0,1,0,6.090643321046164,10,5.7557151291748445,1,5.642738868410274,2,5.515204744351664,4,4.2
140,2.772588722239781,19,2007,0,0,0,1,0,0,0,0,0,0,6.488268679421918,23,5.436633315780235,4,5.809405535076941,2,5.565784695424972,51,3.8
120,6.444131256700441,25,2001,1,0,1,1,0,0,0,0,0,0,5.552514656836931,15,5.788992142407252,7,5.542202767538471,14,5.61709554736411,20,4.6
177,10.806145782678987,28,1998,1,0,0,1,0,0,0,1,0,0,6.127524428061552,5,6.437236226541811,36,6.129702767538471,14,6.0375192853117525,9,7.6
143,6.678342114654332,11,2015,1,0,0,1,0,0,0,0,0,0,5.60116967462939,1,5.484405535076941,2,4.920857761394886,5,5.60116967462939,1,2.5
169,7.707512194600341,23,2003,1,0,1,1,0,0,0,0,0,0,5.936633315780235,4,5.950919030065949,4,6.1428025546508955,16,5.720857761394885,5,5.4
104,2.9444389791664403,8,2018,1,0,0,0,0,0,0,0,0,0,5.764806038265753,1,5.764806038265753,1,5.764806038265753,1,5.764806038265753,1,4.3
171,6.345636360828596,24,2002,1,1,1,0,0,0,0,0,0,0,5.571345083583723,7,5.8829878564475715,1,5.429490458637377,4,5.839451263147945,3,5.6
116,6.710523109452428,8,2018,0,0,1,0,0,0,0,0,0,0,6.057054151307705,6,6.126072201743607,2,6.055715129174845,1,6.055715129174845,1,7.5
125,5.631211781821365,21,2005,0,0,1,1,0,0,0,0,0,0,5.817738868410274,2,5.430994192214055,13,5.2269929695222785,9,5.883109789466076,7,3.4
112,4.2626798770413155,20,2006,0,0,0,1,0,0,0,0,0,0,5.7102605837202995,1,5.630428880697443,20,5.2269929695222785,9,5.659405535076941,2,3.7
164,5.755742213586912,45,1981,1,0,1,0,0,0,0,0,1,0,6.5142212009510585,12,6.491721282179798,73,6.390643321046165,10,6.186948473678331,12,6.9
186,4.941642422609304,28,1998,1,1,1,0,0,0,0,0,0,0,5.407883941515678,17,5.873312110041968,12,5.379754014514597,19,5.782987856447572,1,4.5
150,3.8501476017100584,39,1987,0,0,0,0,0,0,0,0,1,0,4.896369434205138,14,5.8375333109930265,1,5.654191094728219,5,6.044554151307706,6,5.1
107,1.9459101490553132,41,1985,0,0,0,1,0,0,0,0,0,0,6.146624220083936,1,6.146624220083936,1,6.146624220083936,1,6.146624220083936,1,8.5
109,5.497168225293202,12,2014,0,0,1,1,0,0,0,0,0,0,5.855715129174845,1,5.855715129174845,1,5.917738868410274,2,5.855715129174845,1,5.3
128,6.421622267806518,9,2017,1,0,0,0,1,0,0,0,1,0,5.973896947356663,1,5.820857761394886,5,5.917738868410274,2,6.100857761394886,5,6.6
150,2.833213344056216,71,1955,1,0,0,0,1,0,0,0,0,0,6.312521554171958,7,6.1937761729230925,4,6.24603938276924,12,5.9548358785325615,3,6.5
137,3.713572066704308,33,1993,1,1,0,0,0,0,0,0,0,0,4.896369434205138,14,5.921342085059831,89,5.756652075653853,22,5.9531351783589805,26,5.8
134,6.78897174299217,26,2000,1,0,1,1,0,0,0,0,0,0,5.361036596488693,41,4.990967175706513,55,5.379754014514597,19,5.57419109472822,5,5.1
137,5.910796644040527,52,1974,1,0,0,1,0,0,0,0,0,0,5.975804151307706,6,6.255643321046165,10,6.0760722017436075,2,6.008682032378715,3,7.2
86,2.0794415416798357,19,2007,1,0,0,0,0,0,0,0,0,0,5.726072201743608,2,5.89207876553848,1,5.89207876553848,1,5.917738868410274,2,5.7
133,6.2766434893416445,35,1991,1,1,1,0,0,0,0,0,0,0,5.174472453083621,13,6.229837873202802,34,5.488992142407252,7,5.77680316290111,11,4.2
161,8.48528964240323,17,2009,1,1,0,0,1,0,0,0,0,0,5.876072201743607,2,5.89207876553848,1,5.778254311886048,17,5.875643321046164,10,5.7
129,6.904750769961838,26,2000,1,1,0,0,1,0,0,0,0,0,5.871888086461546,18,5.9193514928112085,1,5.231796183454951,25,5.526992969522278,9,6.0
165,6.82001636467413,18,2008,1,0,0,1,0,0,1,0,0,0,5.631758955455638,3,6.032731365321274,24,5.80116967462939,1,5.892738868410274,2,4.7
121,5.147494476813453,16,2010,0,0,0,1,0,0,0,0,0,0,5.614191094728219,5,5.85958037770137,7,5.764806038265753,1,6.008690733914536,26,4.3
143,2.3978952727983707,8,2018,0,0,0,1,0,0,0,0,0,0,6.182987856447571,1,6.182987856447571,1,6.182987856447571,1,6.182987856447571,1,8.9
98,7.520234556474628,12,2014,1,0,0,0,0,0,0,0,0,0,6.0466242200839355,1,6.0466242200839355,1,5.927524428061553,5,6.147143570840253,3,7.4
155,7.588829878307813,26,2000,1,0,1,0,0,0,0,0,0,0,5.736050965936664,7,5.965204744351664,4,5.926221497449138,21,6.067738868410274,2,5.9
120,5.849324779946859,19,2007,1,0,1,1,0,0,0,0,0,0,5.70116967462939,1,4.900514656836932,15,5.778492578940183,8,5.70116967462939,1,3.6
142,3.1354942159291497,15,2011,1,0,0,0,1,1,0,0,0,0,5.928442401902117,1,5.928442401902117,1,5.928442401902117,1,5.928442401902117,1,6.1
145,6.091309882077698,24,2002,1,0,1,0,0,0,0,0,0,0,5.190643321046164,10,5.333601383769235,38,5.271345083583722,7,5.230168612995488,7,3.9
172,8.10076824307173,21,2005,0,0,0,1,0,0,0,0,1,0,5.3007568482896055,7,4.900514656836932,15,5.135643321046165,10,5.614191094728219,5,6.1
124,8.334711621820917,10,2016,0,0,0,1,0,0,0,0,0,0,5.5466242200839355,1,4.900514656836932,15,5.271345083583722,7,5.308682032378714,3,1.9
136,8.229244416735913,14,2012,0,0,0,1,0,0,0,0,0,0,5.839451263147946,3,5.888514656836931,15,5.620857761394886,5,5.470124626996665,13,4.9
131,7.6128310304073565,25,2001,1,1,0,1,0,0,0,0,0,0,5.361036596488693,41,4.990967175706513,55,5.448045601101226,9,5.582054151307705,6,5.4
160,8.236420527265391,21,2005,1,0,1,0,0,0,0,0,0,0,6.1977658056647,29,5.346112564277431,51,5.778254311886048,17,6.100989724686406,3,5.6
165,7.45298232946546,22,2004,1,0,1,1,0,0,0,0,0,0,5.582054151307705,6,6.128944742530841,101,5.529184115282062,11,6.039603690051294,8,4.2
169,7.055312843339752,32,1994,1,0,0,0,0,0,1,0,0,0,5.468766655496513,12,5.644648673347989,53,5.992239632997927,27,5.673571785420127,16,5.8
97,1.791759469228055,25,2001,0,0,0,0,0,0,1,0,0,0,6.173896947356663,1,6.173896947356663,1,7.047450176569067,83,6.927791280160949,120,8.8
87,4.04305126783455,15,2011,0,0,0,1,0,0,0,0,0,0,5.90116967462939,1,6.294191094728219,5,5.90116967462939,1,5.90116967462939,1,5.8
122,7.763446388727362,19,2007,1,0,1,0,0,0,1,0,0,0,5.987524428061552,5,5.807524428061553,5,6.6445146568369315,15,6.044554151307706,6,5.4
155,8.32263709695394,7,2019,1,1,0,0,0,0,0,0,0,1,6.247143570840253,3,5.644496071203626,24,6.037533310993027,1,6.037533310993027,1,7.3
147,8.375860015299594,10,2016,1,0,0,1,1,0,0,0,0,0,6.031758955455638,3,5.930643321046165,10,5.967738868410275,2,5.686633315780235,4,8.0
130,4.875197323201151,9,2017,1,0,0,1,0,0,0,1,0,0,5.7010722017436075,2,5.462528186224868,3,5.682987856447571,1,5.776072201743607,2,3.4
126,3.1780538303479458,34,1992,1,1,0,0,1,0,0,0,0,0,5.393776172923092,4,5.178820279170577,13,5.700677180048594,9,5.739451263147946,3,3.2
189,7.7102051944325325,45,1981,1,1,0,0,0,0,0,1,0,0,6.069725631573973,16,6.128944742530841,101,6.313861254619549,27,6.486326972424918,11,7.1
117,5.0238805208462765,27,1999,1,1,0,0,1,0,0,0,0,0,5.773896947356662,1,5.333601383769235,38,5.565084306497744,24,5.835342018301013,13,4.4
125,2.0794415416798357,60,1966,0,0,0,0,0,0,1,0,0,0,5.955715129174845,1,5.955715129174845,1,5.955715129174845,1,6.034405535076941,2,6.4
106,3.044522437723423,12,2014,0,0,1,0,0,0,0,0,0,0,5.7427388684102745,2,5.70116967462939,1,5.70116967462939,1,5.70116967462939,1,3.6
148,3.332204510175204,45,1981,0,0,0,1,0,0,0,0,0,0,5.83440553507694,2,6.471632800332116,53,5.983224754883523,25,5.720514656836932,15,5.8
117,4.836281906951478,20,2006,0,0,0,1,0,0,0,0,0,0,5.70116967462939,1,5.70116967462939,1,5.485605109301791,3,5.70116967462939,1,3.6
140,9.117127990254003,15,2011,1,0,0,1,1,0,0,0,0,0,6.093776172923092,4,5.767381467829072,8,6.10627035671796,8,5.677912801609484,3,6.0
161,2.833213344056216,73,1953,0,0,0,1,0,0,0,0,0,0,5.863304151307705,6,6.183869434205136,14,5.892738868410274,2,5.869098232680173,9,5.9
137,3.1354942159291497,51,1975,1,0,0,0,0,0,1,0,0,0,5.700415045836235,21,5.700612686710633,11,6.354935346088585,23,6.3628786032973625,57,6.2
126,7.614805364711073,16,2010,1,1,1,0,0,0,0,0,0,0,5.987524428061552,5,5.534191094728219,5,6.025536100871804,14,5.846624220083935,1,5.2
144,10.694010958974793,20,2006,1,0,1,1,0,0,0,0,0,0,6.627524428061552,5,5.356708208998889,59,5.943469829567776,11,6.240857761394887,5,8.0
125,4.02535169073515,13,2013,0,0,1,0,0,0,0,0,0,0,5.964806038265754,1,5.964806038265754,1,5.964806038265754,1,5.964806038265754,1,6.5
172,6.416732282512326,29,1997,1,1,0,0,0,0,0,0,0,0,5.6136028878662305,13,6.137978611715534,43,5.711656055020984,34,4.8659609110663204,19,4.5
145,6.244166900663736,16,2010,1,1,0,0,0,0,0,0,0,0,6.184405535076941,2,6.290643321046164,10,5.916374340071022,3,5.946624220083936,1,6.3
68,6.259581464064923,5,2021,1,0,0,0,1,1,0,0,0,0,5.675804151307705,6,5.707524428061553,5,5.628442401902117,1,5.628442401902117,1,2.8
139,4.477336814478207,47,1979,1,1,0,0,0,0,0,0,0,0,5.785976865733128,39,5.790996893509845,33,6.288118693193251,31,5.900378424144803,24,6.1
119,3.6888794541139363,21,2005,0,0,0,0,1,1,0,0,0,0,5.682987856447571,1,5.509405535076941,2,5.682987856447571,1,5.682987856447571,1,3.4
132,3.258096538021482,73,1953,0,0,1,0,0,0,0,0,0,0,6.024286260054311,7,6.6843833277482565,34,6.471382787771719,21,6.40627035671796,8,8.0
140,7.9017475185201445,8,2018,1,0,1,0,0,0,0,0,0,0,6.082987856447573,1,6.082987856447573,1,6.082987856447573,1,6.082987856447573,1,7.8
120,3.784189633918261,68,1958,1,0,0,0,0,0,1,0,0,0,5.947143570840253,3,6.972277075653853,22,6.290150864259121,9,6.193297416994099,3,7.3
170,6.838405200847344,22,2004,0,1,1,0,0,0,0,0,0,0,5.272347601494521,4,5.219562361627795,52,5.316563957322251,27,5.265204744351664,4,4.4
113,4.867534450455582,13,2013,0,0,0,0,1,0,0,0,0,0,5.864806038265754,1,5.5080618872088065,4,5.864806038265754,1,5.962528186224868,3,5.4
136,4.844187086458591,42,1984,0,0,1,1,0,0,0,1,0,0,6.488268679421918,23,6.471632800332116,53,6.241933318877841,7,5.420643321046164,10,6.8
155,4.248495242049359,55,1971,1,0,0,1,0,0,0,0,0,0,6.179490458637377,4,6.255643321046165,10,6.108682032378715,3,6.044554151307706,6,7.0
133,3.6375861597263857,35,1991,1,0,0,0,0,0,0,0,0,0,5.80116967462939,1,6.137978611715534,43,5.217024067247869,26,5.729490458637378,4,4.7
134,2.3978952727983707,44,1982,1,0,0,0,0,0,0,0,0,0,5.828442401902118,1,5.876072201743607,2,5.500459515032975,18,5.463835074785436,9,5.0
115,7.327123292259293,12,2014,1,0,0,0,0,0,0,0,0,0,6.519660305758252,11,6.0920787655384805,1,6.0920787655384805,1,6.0920787655384805,1,7.9
186,9.973246796950981,22,2004,1,1,1,0,0,0,0,0,0,0,6.3866333157802355,4,6.114236773135286,19,5.645643321046164,10,6.367143200774937,17,7.9
180,6.3784261836515865,27,1999,1,1,0,0,0,0,0,0,0,0,4.896369434205138,14,6.128944742530841,101,5.340428880697443,20,5.448045601101226,9,3.2
135,2.70805020110221,60,1966,0,0,0,0,0,0,0,0,1,0,5.869554151307705,6,6.0451592456068495,8,5.926072201743608,2,6.100536100871803,14,5.7
123,2.833213344056216,48,1978,0,0,0,0,0,1,0,0,0,0,5.937533310993026,1,5.937533310993026,1,6.356032089663826,17,5.937533310993026,1,6.2
148,4.770684624465665,55,1971,1,0,0,0,0,0,0,0,0,0,5.964806038265754,1,5.971369434205137,14,6.244872614659345,46,6.486326972424918,11,6.5
134,2.302585092994046,66,1960,0,0,0,0,0,1,0,0,0,0,5.984048134495739,8,6.060857761394886,5,5.670220493917176,3,5.976072201743608,2,6.3
131,4.48863636973214,24,2002,1,1,0,0,0,0,0,1,0,0,5.982987856447571,1,6.171345083583723,7,5.982987856447571,1,6.113304151307705,6,6.7
147,2.1972245773362196,14,2012,0,0,0,0,0,0,0,0,0,0,6.0466242200839355,1,6.0466242200839355,1,6.0466242200839355,1,6.0466242200839355,1,7.4
142,2.9444389791664403,34,1992,1,1,0,0,1,0,0,0,0,0,5.792078765538481,1,5.792078765538481,1,5.693297416994099,3,5.521729811627541,9,4.6
152,6.440946540632921,16,2010,1,1,0,0,0,1,0,0,0,0,5.9437761729230925,4,5.356708208998889,59,5.081565067663014,11,6.070220493917176,3,5.0
187,7.878155336503324,35,1991,1,0,1,0,0,0,0,1,0,0,6.641027075653853,22,5.644648673347989,53,5.992239632997927,27,5.565784695424972,51,7.4
92,5.631211781821365,10,2016,1,0,0,0,0,0,0,0,0,0,6.037533310993027,1,6.232256127417014,9,6.3758041513077055,6,6.037533310993027,1,7.3
107,5.327876168789581,15,2011,1,1,0,0,1,0,0,0,0,0,5.601072201743608,2,6.32036761202638,25,5.759405535076941,2,5.90116967462939,1,5.8
176,3.784189633918261,37,1989,1,1,0,0,1,0,0,0,0,0,5.90116967462939,1,5.90116967462939,1,6.27436139057491,9,5.436948473678331,12,5.8
108,4.356708826689592,8,2018,1,0,0,0,0,0,0,0,0,0,5.9193514928112085,1,5.95940553507694,2,5.687524428061552,5,5.979490458637378,4,6.0
74,2.3978952727983707,7,2019,1,0,0,1,0,0,0,0,0,0,6.284405535076941,2,6.284405535076941,2,6.173896947356663,1,6.173896947356663,1,8.8
118,4.8283137373023015,13,2013,1,1,0,0,1,0,0,0,0,0,5.682987856447571,1,6.212033323881665,16,5.654835878532561,3,5.8260722017436075,2,3.4
92,2.0794415416798357,8,2018,0,0,0,1,0,0,0,0,0,0,6.051072201743608,2,5.973896947356663,1,6.051072201743608,2,6.051072201743608,2,6.6
160,3.9318256327243257,59,1967,1,0,0,1,0,0,0,1,0,0,5.926072201743608,2,6.6843833277482565,34,6.471382787771719,21,6.205191863924958,31,6.5
110,3.1354942159291497,29,1997,1,0,0,0,0,0,0,0,0,1,5.942738868410274,2,5.4725802696012575,88,5.756652075653853,22,5.9317589554556385,3,6.0
120,3.4965075614664802,16,2010,0,0,0,0,0,0,0,0,0,0,5.973896947356663,1,5.973896947356663,1,6.109405535076941,2,5.973896947356663,1,6.6
90,2.302585092994046,33,1993,1,0,0,0,0,0,0,0,0,0,5.922347601494521,4,5.846624220083935,1,5.846624220083935,1,5.846624220083935,1,5.2
141,10.802937267214256,6,2020,0,1,0,1,0,0,0,0,0,0,5.5920787655384805,1,5.5920787655384805,1,5.711656055020984,34,5.517738868410274,2,2.4
113,2.9444389791664403,14,2012,0,0,0,1,0,0,0,0,0,0,5.642738868410274,2,5.937533310993026,1,5.937533310993026,1,5.937533310993026,1,6.2
125,5.298317366548036,14,2012,1,0,1,1,0,0,0,0,0,0,5.855715129174845,1,5.855715129174845,1,5.855715129174845,1,5.855715129174845,1,5.3
123,2.772588722239781,9,2017,1,0,0,1,0,0,0,0,0,0,5.964806038265754,1,7.100201037826927,54,7.047450176569067,83,6.927791280160949,120,6.5
176,5.25227342804663,62,1964,0,0,1,1,0,1,0,0,0,0,6.042738868410274,2,6.759304267203161,29,6.358187170035511,16,6.0008041513077055,6,7.3
166,2.1972245773362196,87,1939,0,1,0,0,0,0,0,0,0,1,6.326992969522278,9,6.060857761394886,5,5.973896947356663,1,5.973896947356663,1,6.6
115,4.553876891600541,18,2008,0,0,0,0,0,0,0,0,0,0,6.385605109301792,3,6.182987856447571,1,6.182987856447571,1,6.182987856447571,1,8.9
104,7.393263094763838,8,2018,0,0,0,0,0,0,0,0,0,0,5.946624220083936,1,5.926072201743608,2,5.946624220083936,1,6.927791280160949,120,6.3
140,6.522092798170152,12,2014,0,0,1,1,0,0,0,0,0,0,5.819351492811208,1,5.819351492811208,1,5.819351492811208,1,5.819351492811208,1,4.9
171,5.805134968916488,36,1990,1,0,0,0,0,0,0,1,0,0,6.944920978552715,17,5.790996893509845,33,5.565084306497744,24,5.720514656836932,15,7.5
109,7.013915474810528,10,2016,1,0,0,0,0,1,0,0,1,0,5.982987856447571,1,5.982987856447571,1,5.982987856447571,1,5.982987856447571,1,6.7
149,8.557951183888406,24,2002,1,0,0,1,0,0,1,0,0,0,5.675804151307705,6,6.114236773135286,19,5.778254311886048,17,6.0375192853117525,9,5.1
163,7.247792581767846,22,2004,1,1,0,0,0,1,0,0,0,0,5.842782443206489,9,6.128944742530841,101,5.231796183454951,25,5.835342018301013,13,6.1
125,2.995732273553991,17,2009,1,0,0,0,1,0,0,1,0,0,5.89207876553848,1,5.89207876553848,1,5.89207876553848,1,5.89207876553848,1,5.7
108,4.762173934797756,22,2004,0,0,0,1,0,0,0,0,0,0,5.946624220083936,1,5.946624220083936,1,5.531758955455638,3,5.946624220083936,1,6.3
77,2.70805020110221,9,2017,0,0,0,0,0,0,0,0,1,0,5.9548358785325615,3,5.83440553507694,2,5.9548358785325615,3,5.83440553507694,2,5.7
104,6.856461984594587,13,2013,1,0,0,0,0,0,1,0,0,1,6.1177388684102745,2,6.212033323881665,16,6.3758041513077055,6,5.992078765538481,1,6.8
137,3.6375861597263857,38,1988,1,0,0,0,0,0,0,0,0,0,6.944920978552715,17,6.6328884004548545,36,6.208061887208806,4,6.400402075653853,22,8.2
145,6.78105762593618,9,2017,0,1,0,0,0,1,0,0,0,1,5.910260583720299,1,5.577912801609484,3,5.910260583720299,1,5.825804151307706,6,5.9
125,3.871201010907891,16,2010,1,0,0,0,0,0,0,0,0,0,5.773896947356662,1,5.554835878532561,3,5.773896947356662,1,6.172937023384628,8,4.4
132,9.336708670790989,19,2007,1,0,1,1,0,0,0,0,0,0,6.090643321046164,10,5.921342085059831,89,5.850536100871803,14,6.044554151307706,6,7.4
116,3.828641396489095,12,2014,0,0,1,1,0,0,0,0,0,0,5.864806038265754,1,5.864806038265754,1,5.864806038265754,1,5.864806038265754,1,5.4
130,2.833213344056216,9,2017,0,0,0,1,0,0,0,0,0,0,5.70940553507694,2,5.873896947356664,1,5.873896947356664,1,5.873896947356664,1,5.5
155,5.545177444479562,14,2012,0,1,0,1,0,0,0,0,0,0,5.855715129174845,1,6.416514656836931,15,5.930168612995487,7,5.726072201743608,2,5.3
145,5.605802066295998,19,2007,1,0,0,0,0,1,0,0,0,0,5.080321660523082,30,5.305643321046165,10,5.458061887208807,4,5.700989724686408,3,5.8
119,3.1780538303479458,7,2019,1,0,0,1,0,0,0,0,0,0,5.694191094728219,5,5.647524428061553,5,5.901072201743607,2,5.962528186224868,3,7.1
81,3.6109179126442243,8,2018,1,0,0,0,0,0,0,0,0,0,5.973896947356663,1,5.973896947356663,1,5.973896947356663,1,5.973896947356663,1,6.6
127,13.2902783221903,14,2012,1,0,0,0,0,0,0,0,0,1,6.0920787655384805,1,6.0920787655384805,1,5.850536100871803,14,6.37234760149452,4,7.9
164,2.4849066497880004,87,1939,1,0,1,0,0,0,0,0,0,0,6.380514656836932,15,5.955715129174845,1,5.955715129174845,1,5.955715129174845,1,6.4
100,2.0794415416798357,14,2012,1,0,0,0,0,0,1,0,0,0,5.750584837314696,12,5.910260583720299,1,5.910260583720299,1,5.727524428061553,5,5.9
85,3.4011973816621555,7,2019,1,0,0,0,0,0,0,0,0,0,5.827524428061553,5,6.1294904586373775,4,5.8866333157802355,4,6.019351492811208,1,7.1
165,12.07716483337925,19,2007,1,0,0,0,0,0,1,0,0,0,6.137533310993026,1,6.137533310993026,1,6.137533310993026,1,6.101072201743608,2,8.4
174,8.544419177669829,12,2014,1,1,0,1,0,0,0,0,0,0,5.92234760149452,4,6.032731365321274,24,5.876072201743607,2,5.147524428061553,5,5.6
118,12.303775415352366,10,2016,1,0,0,0,0,0,0,0,0,0,6.10116967462939,1,6.226072201743608,2,6.10116967462939,1,6.10116967462939,1,8.0
117,8.759982494977281,10,2016,1,0,0,1,0,0,0,0,0,0,5.877912801609484,3,5.992078765538481,1,6.184405535076941,2,6.044554151307706,6,6.8
108,6.3784261836515865,13,2013,1,0,0,0,0,0,0,0,0,0,5.973896947356663,1,6.290643321046164,10,6.428492578940183,8,5.973896947356663,1,6.6
105,7.257002707092073,7,2019,0,0,0,0,0,0,1,0,0,0,6.051072201743608,2,6.075804151307706,6,6.155715129174845,1,6.155715129174845,1,8.6
126,5.337538079701318,25,2001,0,1,0,0,0,0,0,1,0,0,6.108061887208806,4,5.8375333109930265,1,5.684405535076941,2,5.8375333109930265,1,5.1
69,2.5649493574615367,6,2020,0,1,0,0,0,0,0,0,0,0,5.928442401902117,1,5.928442401902117,1,5.928442401902117,1,5.928442401902117,1,6.1
103,4.634728988229636,12,2014,1,0,0,0,0,0,0,0,0,0,5.90116967462939,1,6.272514656836932,15,5.90116967462939,1,5.90116967462939,1,5.8
160,6.236369590203704,30,1996,0,1,1,1,0,0,0,0,0,0,5.361036596488693,41,5.644648673347989,53,5.843474236839166,34,6.000756848289605,7,5.1
138,5.056245805348308,53,1973,0,0,1,0,0,1,0,0,0,0,6.421369434205137,14,5.921342085059831,89,6.354935346088585,23,6.000989724686407,3,6.5
92,7.79770203551669,11,2015,1,0,1,0,0,0,0,0,0,0,5.90116967462939,1,5.90116967462939,1,5.90116967462939,1,5.884405535076941,2,5.8
125,4.605170185988092,14,2012,1,0,0,0,0,1,0,0,0,0,5.928442401902117,1,5.928442401902117,1,5.928442401902117,1,5.928442401902117,1,6.1
153,5.384495062789089,39,1987,1,1,0,0,0,1,0,0,0,0,5.407883941515678,17,5.921342085059831,89,5.819266660024954,27,5.9193514928112085,1,6.0
160,6.246106765481563,29,1997,0,1,0,0,0,0,0,0,0,0,5.412902075653853,22,5.921342085059831,89,5.576869498317517,37,5.400536100871804,14,5.5
120,2.1972245773362196,7,2019,1,0,0,0,0,0,0,0,0,0,6.026072201743607,2,6.151072201743607,2,5.95958037770137,7,6.082987856447573,1,7.8
88,6.635946555686647,19,2007,0,0,0,1,0,0,0,0,0,0,6.010260583720299,1,6.6328884004548545,36,6.010260583720299,1,6.010260583720299,1,7.0
149,4.59511985013459,21,2005,1,1,0,1,0,0,0,0,0,0,5.729490458637378,4,5.777912801609484,3,5.773896947356662,1,6.190643321046164,10,4.4
90,2.1972245773362196,17,2009,1,1,0,0,0,0,0,0,0,0,5.605374591472538,11,5.567738868410274,2,5.507054151307706,6,5.7193514928112075,1,3.8
77,7.4109518755836366,6,2020,1,0,0,0,1,1,0,0,0,0,6.042738868410274,2,5.955715129174845,1,5.972347601494521,4,5.955715129174845,1,6.4
146,8.383890344101816,17,2009,1,0,0,0,0,0,0,0,0,0,5.757054151307706,6,5.346112564277431,51,5.338956400804742,16,6.008690733914536,26,5.3
100,8.210124405164267,14,2012,0,0,1,0,0,0,0,0,0,0,6.008682032378715,3,5.8866333157802355,4,5.809405535076941,2,5.89207876553848,1,5.7
68,3.828641396489095,12,2014,1,0,0,0,1,1,0,0,0,0,6.176072201743608,2,6.073896947356662,1,6.073896947356662,1,6.073896947356662,1,7.7
105,7.853216388156072,9,2017,1,0,0,1,1,0,0,0,0,0,5.992078765538481,1,5.984405535076941,2,5.992078765538481,1,6.026072201743607,2,6.8
110,5.717027701406222,15,2011,0,1,0,1,1,0,0,0,0,0,5.4927388684102745,2,5.6738969473566625,1,5.6738969473566625,1,6.205191863924958,31,3.3
132,9.62832676063802,6,2020,0,0,0,1,1,0,0,0,0,0,6.064806038265754,1,6.060857761394886,5,6.176072201743608,2,5.9848877063643835,9,7.6
136,9.608377964255551,13,2013,1,0,1,0,0,0,0,0,0,0,6.440857761394886,5,5.767381467829072,8,5.64603938276924,12,6.037533310993027,1,7.3
156,5.5909869805108565,33,1993,0,1,1,0,0,1,0,0,0,0,5.436050965936664,7,5.219562361627795,52,5.843474236839166,34,5.8375333109930265,1,5.1
107,1.791759469228055,7,2019,0,0,0,0,1,0,0,0,1,0,6.010260583720299,1,6.010260583720299,1,6.010260583720299,1,6.010260583720299,1,7.0
152,7.145196134997171,35,1991,1,0,1,0,0,0,0,1,0,0,5.750714801162405,8,5.346112564277431,51,5.575804151307706,6,5.870220493917175,3,5.9
145,4.477336814478207,40,1986,1,0,1,0,0,0,0,0,0,0,5.728492578940183,8,5.9927388684102745,2,5.89207876553848,1,5.612521554171957,7,5.7
142,8.852950887099581,6,2020,1,0,1,0,0,0,0,0,0,0,6.322937023384627,8,6.078492578940182,8,5.662528186224869,3,5.627524428061553,5,4.7
128,9.628524252492122,17,2009,1,0,1,1,0,0,0,0,0,0,6.322937023384627,8,5.644496071203626,24,6.025536100871804,14,5.61709554736411,20,6.8
90,3.295836866004329,10,2016,0,0,0,0,0,1,0,0,0,0,6.0466242200839355,1,6.0466242200839355,1,6.0466242200839355,1,6.0466242200839355,1,7.4
107,6.720220155135295,9,2017,1,0,1,1,0,0,0,0,0,0,6.0466242200839355,1,6.0466242200839355,1,6.0466242200839355,1,6.0466242200839355,1,7.4
120,5.327876168789581,23,2003,1,0,1,0,0,0,0,0,0,0,5.5958507819487275,11,6.603274868014205,55,5.7193514928112075,1,5.7193514928112075,1,3.8
160,4.844187086458591,29,1997,0,0,1,0,0,0,0,0,0,0,5.631758955455638,3,5.8375333109930265,1,5.500989724686407,3,6.008682032378715,3,5.1
156,6.914730892718563,15,2011,1,0,1,1,0,0,0,0,0,0,5.90116967462939,1,5.529490458637378,4,5.39015086425912,9,5.90116967462939,1,5.8
122,3.871201010907891,11,2015,0,0,1,0,0,0,0,0,0,0,5.846624220083935,1,5.846624220083935,1,5.846624220083935,1,6.288304151307706,6,5.2
141,4.770684624465665,15,2011,1,0,0,1,0,0,0,0,0,0,5.855715129174845,1,5.855715129174845,1,5.855715129174845,1,5.855715129174845,1,5.3
107,2.3978952727983707,17,2009,0,0,1,0,0,0,0,0,0,0,6.080857761394886,5,5.783109789466075,7,5.9193514928112085,1,5.667738868410274,2,6.0
114,6.773080375655535,10,2016,0,0,0,0,1,1,0,0,0,0,5.080321660523082,30,5.876072201743607,2,5.785605109301792,3,5.764806038265753,1,4.3
91,5.5093883366279774,17,2009,1,0,0,0,0,0,0,0,0,0,5.751072201743607,2,5.964806038265754,1,5.792738868410274,2,5.964806038265754,1,6.5
136,2.772588722239781,20,2006,0,1,0,1,1,0,0,0,0,0,5.655715129174845,1,5.655715129174845,1,5.237519285311752,9,5.442738868410274,2,3.1
143,4.795790545596741,22,2004,1,0,1,0,0,0,0,0,1,0,5.693297416994099,3,5.70116967462939,1,5.685605109301791,3,5.70116967462939,1,3.6
164,5.043425116919247,60,1966,1,0,1,1,0,0,0,0,0,0,6.212514656836931,15,5.85958037770137,7,6.438036100871805,14,6.269725631573973,16,6.8
126,3.713572066704308,20,2006,0,0,0,1,0,0,0,0,0,0,5.5471435708402534,3,5.939515471802202,46,5.7557151291748445,1,5.7557151291748445,1,4.2
132,2.6390573296152584,10,2016,0,0,0,1,0,0,0,0,0,0,5.973896947356663,1,5.973896947356663,1,5.973896947356663,1,5.973896947356663,1,6.6
131,7.357556200910353,25,2001,0,0,1,1,1,0,0,0,0,0,5.838304151307705,6,5.644496071203626,24,5.415643321046164,10,5.407524428061553,5,6.0
130,5.720311776607412,17,2009,1,0,1,1,0,0,0,0,0,0,5.7427388684102745,2,5.930643321046165,10,5.841933318877841,7,5.784405535076941,2,5.7
146,6.7661917146603505,37,1989,1,0,1,0,0,0,0,0,0,0,5.605374591472538,11,6.578877771926745,32,5.843474236839166,34,5.359777075653853,22,5.5
157,4.110873864173311,67,1959,0,0,1,0,0,0,0,0,0,0,6.267381467829072,8,6.603274868014205,55,6.34709554736411,20,5.9675244280615525,5,7.6
133,8.934455109403913,8,2018,0,0,1,1,0,0,0,0,0,0,6.028442401902117,1,6.143776172923092,4,6.028442401902117,1,6.028442401902117,1,7.2
94,1.791759469228055,6,2020,1,0,1,0,0,0,0,0,0,0,6.282987856447573,1,6.282987856447573,1,6.282987856447573,1,6.282987856447573,1,10.0
120,4.653960350157523,10,2016,0,0,1,1,0,0,0,0,0,0,5.773896947356662,1,5.773896947356662,1,5.516374340071023,3,5.773896947356662,1,4.4
122,7.359467638255621,8,2018,1,0,0,0,0,0,0,0,0,0,6.0466242200839355,1,6.0466242200839355,1,6.0466242200839355,1,6.142738868410274,2,7.4
101,4.382026634673881,5,2021,1,0,1,1,0,0,0,0,0,0,6.219351492811208,1,6.219351492811208,1,6.219351492811208,1,6.219351492811208,1,9.3
161,5.934894195619588,45,1981,1,0,1,0,0,0,0,1,0,0,5.964806038265754,1,5.964806038265754,1,5.977912801609484,3,5.964806038265754,1,6.5
180,7.755767170102998,18,2008,1,1,0,0,0,0,0,0,0,1,5.376803162901108,11,5.5941910947282185,5,5.3349264283077,19,5.900804151307705,6,2.6
129,2.5649493574615367,8,2018,0,0,0,1,0,0,0,0,0,0,5.90116967462939,1,5.62234760149452,4,5.593297416994099,3,5.984405535076941,2,5.8
152,6.056784013228625,15,2011,1,0,1,0,0,0,0,0,0,0,5.855715129174845,1,4.900514656836932,15,5.947815671819018,7,5.6937761729230925,4,5.3
140,7.646353722445999,8,2018,1,0,0,1,0,0,0,0,0,0,5.646624220083935,1,5.646624220083935,1,5.646624220083935,1,5.646624220083935,1,3.0
102,2.0794415416798357,14,2012,0,0,0,1,0,1,0,0,0,0,5.855715129174845,1,5.934405535076941,2,5.855715129174845,1,5.855715129174845,1,5.3
106,5.902633333401366,8,2018,1,0,1,0,0,0,0,0,0,0,5.9193514928112085,1,5.9193514928112085,1,5.9193514928112085,1,6.184405535076941,2,6.0
133,6.315358001522335,10,2016,0,0,1,1,0,0,0,0,0,0,5.782987856447572,1,5.782987856447572,1,5.967738868410275,2,5.979490458637378,4,4.5
91,3.7612001156935624,18,2008,1,0,0,0,0,0,0,0,0,0,5.8375333109930265,1,5.784048134495738,8,5.909255061779273,13,5.8375333109930265,1,5.1
155,8.589885876809678,16,2010,1,0,0,1,1,0,0,0,0,0,6.463304151307705,6,6.019351492811208,1,6.08440553507694,2,6.019351492811208,1,7.1
175,9.01322999770879,7,2019,1,1,0,0,1,0,0,0,0,0,6.055715129174845,1,6.3008577613948855,5,5.529184115282062,11,6.055715129174845,1,7.5
141,7.829630389150193,17,2009,1,1,0,0,0,0,0,0,0,1,5.70940553507694,2,5.3923579264167305,93,5.231796183454951,25,5.810260583720299,1,4.8
156,9.17771386914909,17,2009,1,0,0,0,0,0,0,0,0,0,6.2772274365249,7,6.083109789466075,7,6.384048134495738,8,5.61709554736411,20,7.1
127,3.1780538303479458,11,2015,1,0,0,0,0,0,0,0,0,0,6.019351492811208,1,5.942738868410274,2,6.019351492811208,1,5.507524428061553,5,7.1
133,7.897668150726906,9,2017,1,1,0,0,1,0,0,0,0,0,5.937533310993026,1,6.083109789466075,7,5.817738868410274,2,5.937533310993026,1,6.2
117,4.330733340286331,12,2014,0,0,0,1,0,0,0,0,0,0,5.8375333109930265,1,5.8375333109930265,1,5.509405535076941,2,5.8375333109930265,1,5.1
180,8.148445666243235,21,2005,1,0,1,0,0,0,0,1,0,0,5.739451263147946,3,5.739451263147946,3,5.44664870849705,16,5.609405535076941,2,4.7
149,10.386037150950381,6,2020,0,1,0,1,1,0,0,0,0,0,6.090643321046164,10,5.850804151307706,6,6.1428025546508955,16,6.1741910947282195,5,7.6
126,9.083529205109796,7,2019,0,0,1,1,0,0,0,0,0,0,5.946624220083936,1,6.078492578940182,8,5.893776172923092,4,5.946624220083936,1,6.3
110,7.614805364711073,8,2018,0,0,0,0,0,1,0,0,0,0,5.8829878564475715,1,5.876072201743607,2,5.7427388684102745,2,5.9848877063643835,9,5.6
120,9.211539652551664,8,2018,1,0,1,0,0,0,0,0,0,0,6.2772274365249,7,5.885605109301792,3,5.885605109301792,3,5.885605109301792,3,6.4
106,7.268920128193722,15,2011,1,0,0,1,0,0,0,0,0,0,5.817738868410274,2,5.759405535076941,2,5.810260583720299,1,5.810260583720299,1,4.8
180,3.4657359027997265,9,2017,0,0,1,0,0,0,0,0,0,0,5.80116967462939,1,5.80116967462939,1,5.626072201743607,2,5.80116967462939,1,4.7
140,8.213652703029998,14,2012,0,0,0,1,0,0,0,0,0,0,5.973896947356663,1,6.0772274365248995,7,5.8932974169941,3,5.973896947356663,1,6.6
130,4.406719247264253,11,2015,0,0,1,0,0,0,1,0,0,0,5.634405535076941,2,5.855715129174845,1,5.855715129174845,1,6.001072201743607,2,5.3
144,4.219507705176107,14,2012,0,0,1,1,0,0,0,0,0,0,5.873896947356664,1,5.693297416994099,3,5.873896947356664,1,5.873896947356664,1,5.5
124,2.1972245773362196,7,2019,0,0,1,0,0,0,0,0,0,0,5.937533310993026,1,5.900989724686407,3,5.937533310993026,1,5.937533310993026,1,6.2
112,6.416732282512326,12,2014,1,0,0,1,0,0,0,0,0,1,5.8829878564475715,1,5.8829878564475715,1,6.051072201743608,2,5.901072201743607,2,5.6
118,2.70805020110221,12,2014,1,0,1,0,0,0,0,0,0,0,5.726072201743608,2,5.728442401902117,1,5.728442401902117,1,5.728442401902117,1,3.9
125,4.709530201312334,12,2014,1,0,0,0,0,0,0,1,0,0,5.8375333109930265,1,5.8375333109930265,1,5.8375333109930265,1,5.8375333109930265,1,5.1
184,10.685423695910133,10,2016,1,0,0,0,0,0,0,0,0,0,6.4275244280615516,5,6.339603690051295,8,5.908682032378715,3,5.565784695424972,51,7.9
138,2.70805020110221,64,1962,1,0,0,1,1,0,0,0,0,0,6.4101364962344425,11,6.0565146568369315,15,6.0320541513077055,6,5.828442401902118,1,5.0
145,4.6443908991413725,34,1992,1,0,0,0,0,0,0,0,0,0,5.540857761394887,5,5.4725802696012575,88,5.756652075653853,22,5.788613718262449,24,5.9
120,2.5649493574615367,69,1957,1,0,1,0,0,0,0,0,0,0,6.709675746405605,12,6.148045601101225,9,6.026072201743607,2,6.028442401902117,1,7.2
137,4.48863636973214,50,1976,1,0,0,0,0,0,1,0,0,0,6.039451263147945,3,5.921342085059831,89,6.244872614659345,46,6.285110246958587,16,6.5
148,3.1354942159291497,56,1970,1,0,0,0,0,0,0,0,0,0,6.456270356717961,8,6.285643321046164,10,6.288268679421918,23,6.285110246958587,16,7.5
130,2.70805020110221,66,1960,0,0,1,0,0,0,1,0,0,0,5.973896947356663,1,6.306652075653853,22,6.034405535076941,2,6.3628786032973625,57,6.6
151,2.995732273553991,40,1986,1,0,0,0,0,0,0,0,0,0,5.787515931344491,13,6.249591938691465,81,5.7380361008718035,14,6.063835074785437,9,5.1
137,3.367295829986474,41,1985,0,1,0,0,0,0,0,0,0,0,5.581264093112434,16,5.3923579264167305,93,5.692738868410274,2,5.463835074785436,9,4.4
132,3.1780538303479458,27,1999,0,1,0,0,0,0,0,0,0,0,5.333946020043966,11,5.792078765538481,1,5.619554151307706,6,5.614191094728219,5,4.6
162,7.044032897274685,24,2002,1,1,0,0,0,0,0,0,0,0,5.484405535076941,2,5.219562361627795,52,5.8068666587394615,21,5.458571916890699,9,3.5
160,7.640123172695364,30,1996,1,1,0,0,1,0,0,0,0,0,6.944920978552715,17,6.272514656836932,15,5.8068666587394615,21,6.067738868410274,2,7.8
152,3.295836866004329,62,1964,1,0,0,0,0,0,0,0,0,0,6.147143570840253,3,6.559064359342182,19,6.208601383769235,38,6.010260583720299,1,7.0
145,2.3978952727983707,8,2018,0,0,0,1,0,0,0,0,0,0,5.89207876553848,1,5.89207876553848,1,5.89207876553848,1,5.89207876553848,1,5.7
113,2.772588722239781,46,1980,1,0,0,0,0,0,1,0,0,0,6.030168612995488,7,5.842738868410275,2,5.864806038265754,1,5.864806038265754,1,5.4
137,6.198478716492308,18,2008,1,0,0,1,1,0,0,0,0,0,5.508682032378715,3,5.114191094728219,5,5.939603690051293,8,5.570321660523082,30,3.1
139,2.6390573296152584,42,1984,0,1,0,0,0,0,0,0,0,0,5.592738868410275,2,6.137978611715534,43,5.677912801609484,3,5.865204744351664,4,3.7
144,5.41610040220442,31,1995,1,1,0,1,0,0,0,0,0,0,5.946624220083936,1,6.3008577613948855,5,5.946624220083936,1,5.946624220083936,1,6.3
116,5.049856007249537,8,2018,1,0,0,0,0,0,0,0,0,0,6.070220493917176,3,6.155715129174845,1,6.155715129174845,1,6.192738868410274,2,8.6
128,2.8903717578961645,42,1984,0,1,0,0,0,1,0,0,0,0,6.321888086461547,18,5.570966659438921,24,5.837304297111666,52,5.744496071203626,24,5.4
113,5.991464547107982,9,2017,0,0,0,0,0,1,0,0,0,0,5.83440553507694,2,5.658061887208807,4,5.782987856447572,1,5.909405535076941,2,4.5
123,4.553876891600541,13,2013,1,0,0,0,1,1,0,0,0,0,5.917738868410274,2,5.90116967462939,1,5.90116967462939,1,6.100804151307706,6,5.8
124,4.543294782270004,5,2021,1,0,1,0,0,0,0,0,0,0,6.500919030065949,4,6.155715129174845,1,6.155715129174845,1,6.155715129174845,1,8.6
120,5.4638318050256105,12,2014,0,0,0,0,0,0,0,0,0,0,5.4510722017436075,2,5.6366333157802355,4,5.582987856447572,1,5.501072201743607,2,2.3
148,6.635946555686647,9,2017,0,1,1,0,0,0,0,0,1,0,5.825459515032975,18,5.825459515032975,18,5.908682032378715,3,5.619351492811209,1,2.7
71,6.320768294250582,10,2016,0,0,0,0,0,0,0,0,0,0,6.028442401902117,1,7.100201037826927,54,7.047450176569067,83,6.927791280160949,120,7.2
133,9.523470868881551,10,2016,1,0,0,0,0,1,0,0,0,1,6.394191094728218,5,6.693069126700863,17,5.796514656836931,15,6.064806038265754,1,7.6
130,7.232733136177615,5,2021,1,0,0,0,0,0,0,0,0,0,6.0945541513077055,6,5.707524428061553,5,5.9675244280615525,5,5.814191094728219,5,4.6
119,4.356708826689592,32,1994,1,1,0,0,1,0,0,0,0,0,5.095159245606849,8,5.630428880697443,20,5.751072201743607,2,5.5700868612400996,23,3.7
124,2.8903717578961645,67,1959,0,1,0,0,0,0,0,0,0,0,6.363439497071233,17,5.731758955455637,3,5.855715129174845,1,5.947143570840253,3,5.3
128,8.254788926148725,7,2019,1,0,0,1,0,0,0,0,0,0,5.937533310993026,1,6.495850781948728,11,6.1284925789401825,8,5.9927388684102745,2,6.2
95,3.5263605246161616,16,2010,0,0,0,0,0,0,0,0,0,0,6.019351492811208,1,6.019351492811208,1,7.047450176569067,83,6.927791280160949,120,7.1
121,4.727387818712341,17,2009,1,0,0,1,0,0,0,0,0,0,5.937533310993026,1,6.12234760149452,4,5.937533310993026,1,5.937533310993026,1,6.2
133,5.537334267018537,52,1974,1,0,1,0,0,0,0,1,0,0,5.946624220083936,1,5.958061887208807,4,5.983224754883523,25,6.308514656836931,15,6.3
122,5.981414211254481,22,2004,1,0,0,0,0,0,0,1,1,0,5.577912801609484,3,5.079624548469646,9,5.732403019132877,12,5.536633315780235,4,4.6
133,2.302585092994046,20,2006,0,0,0,0,0,1,0,0,0,0,5.554835878532561,3,5.684405535076941,2,5.664806038265754,1,5.664806038265754,1,3.2
110,7.149916836132109,68,1958,0,0,0,0,0,0,0,1,1,0,6.709675746405605,12,6.759304267203161,29,6.358187170035511,16,6.281958015589752,17,8.0
106,4.990432586778736,10,2016,1,0,1,0,0,0,0,0,0,0,5.864806038265754,1,5.864806038265754,1,5.947143570840253,3,5.864806038265754,1,5.4
130,5.662960480135946,17,2009,1,0,0,0,0,0,0,1,0,0,6.010260583720299,1,6.010260583720299,1,6.010260583720299,1,6.010260583720299,1,7.0
102,3.332204510175204,11,2015,0,0,1,0,0,1,0,0,0,0,5.70116967462939,1,5.70116967462939,1,5.70116967462939,1,5.70116967462939,1,3.6
130,10.060021105350893,13,2013,1,1,0,0,0,1,0,0,0,0,6.463304151307705,6,6.131652075653853,22,6.127524428061552,5,6.073896947356662,1,7.7
145,7.554858521040676,22,2004,0,1,0,0,0,0,0,0,0,0,5.8375333109930265,1,5.514191094728219,5,5.926072201743608,2,5.8375333109930265,1,5.1
128,4.110873864173311,30,1996,0,1,0,0,0,0,0,0,0,0,5.379624548469647,9,5.178820279170577,13,5.658061887208807,4,5.828442401902118,1,5.0
137,2.3978952727983707,47,1979,0,1,0,0,0,0,0,0,0,0,6.3910888771868235,11,5.570966659438921,24,6.3758041513077055,6,6.292202767538471,14,6.5
109,2.833213344056216,41,1985,0,1,0,0,0,0,0,0,0,1,5.955715129174845,1,5.80709554736411,20,5.7380361008718035,14,5.955715129174845,1,6.4
131,3.6109179126442243,37,1989,1,1,0,0,0,0,0,0,0,0,5.407883941515678,17,5.790996893509845,33,5.7380361008718035,14,5.744496071203626,24,5.7
181,6.049733455231958,43,1983,1,1,0,1,0,0,0,0,0,0,6.041933318877841,7,6.47834521208835,91,6.622579622803425,26,6.367143200774937,17,6.1
130,3.091042453358316,45,1981,0,0,0,0,0,0,1,0,0,1,6.363439497071233,17,6.1177388684102745,2,6.101072201743608,2,6.00116967462939,1,6.9
163,4.356708826689592,61,1965,0,1,0,0,0,0,0,0,0,1,6.363439497071233,17,6.450714801162405,8,6.416514656836931,15,6.207054151307705,6,7.3
105,6.210600077024653,13,2013,0,1,0,0,0,0,0,0,0,1,5.855715129174845,1,6.128944742530841,101,5.338956400804742,16,6.240857761394887,5,5.3
137,2.995732273553991,13,2013,1,0,0,0,0,0,0,0,0,0,5.992078765538481,1,5.770220493917176,3,5.892738868410274,2,5.847143570840253,3,6.8
92,3.091042453358316,41,1985,0,1,0,1,1,0,0,0,0,0,5.747143570840253,3,5.677912801609484,3,5.819351492811208,1,5.905940337943331,9,4.9
165,5.961005339623274,77,1949,1,0,0,0,0,0,0,0,1,0,6.059405535076941,2,6.47834521208835,91,6.722298540040144,13,6.093297416994099,3,7.1
147,4.727387818712341,56,1970,0,0,1,0,1,0,0,0,1,0,6.341933318877841,7,6.603274868014205,55,6.438036100871805,14,5.850804151307706,6,6.6
130,3.091042453358316,39,1987,0,0,1,0,0,0,0,0,0,0,6.064806038265754,1,6.064806038265754,1,6.241933318877841,7,6.14603938276924,12,7.6
164,6.042632833682381,28,1998,0,1,0,1,0,0,0,0,0,1,5.8092550617792735,13,4.990967175706513,55,5.340428880697443,20,5.744496071203626,24,4.1
145,4.6913478822291435,14,2012,0,1,0,0,0,0,0,0,0,0,5.828442401902118,1,5.828442401902118,1,5.828442401902118,1,5.828442401902118,1,5.0
114,6.884486652042782,18,2008,1,0,0,0,1,0,0,0,1,0,6.050919030065949,4,6.137978611715534,43,5.909255061779273,13,5.900804151307705,6,7.1
159,4.990432586778736,36,1990,1,1,1,0,0,0,0,0,0,0,6.000714801162405,8,5.790996893509845,33,5.955253755513655,21,5.400536100871804,14,5.6
106,3.58351893845611,10,2016,0,0,0,0,0,0,0,0,0,0,6.073896947356662,1,6.0772274365248995,7,5.796514656836931,15,5.359777075653853,22,7.7
80,3.4011973816621555,19,2007,0,0,0,0,0,0,1,0,0,0,6.109405535076941,2,6.10116967462939,1,6.192738868410274,2,6.10116967462939,1,8.0
82,3.6109179126442243,11,2015,1,0,0,0,0,0,0,0,0,0,6.009405535076941,2,6.234048134495739,8,6.1177388684102745,2,6.008682032378715,3,6.3
137,2.5649493574615367,57,1969,0,0,1,0,0,0,0,1,0,0,6.022347601494521,4,5.937533310993026,1,5.937533310993026,1,6.292202767538471,14,6.2
105,4.532599493153256,13,2013,1,0,0,0,0,0,1,0,0,0,5.982987856447571,1,5.982987856447571,1,5.982987856447571,1,5.982987856447571,1,6.7
144,2.70805020110221,69,1957,1,0,0,1,0,0,0,0,0,0,5.978492578940183,8,6.60055940960536,13,6.118766655496514,12,6.243776172923092,4,6.8
155,6.274762021241939,31,1995,1,1,0,0,0,0,0,0,0,0,4.896369434205138,14,5.921342085059831,89,5.711656055020984,34,4.8659609110663204,19,4.3
162,6.927557906278317,21,2005,1,0,0,0,0,0,1,1,0,0,5.376803162901108,11,5.396410830261542,70,5.448045601101226,9,5.515204744351664,4,4.8
119,7.370860166536716,11,2015,0,1,0,0,1,0,0,0,0,0,5.79419109472822,5,6.111825912273516,8,5.946624220083936,1,5.946624220083936,1,6.3
136,3.5553480614894135,45,1981,1,1,0,0,0,0,0,0,0,0,5.825804151307706,6,5.3923579264167305,93,5.94664870849705,16,5.5577555438534905,11,6.6
130,5.8522024797744745,12,2014,0,0,1,1,0,0,0,0,0,0,5.846624220083935,1,6.093776172923092,4,5.593297416994099,3,5.846624220083935,1,5.2
148,3.6635616461296463,43,1983,1,0,0,0,0,0,1,0,0,0,5.730168612995487,7,5.356708208998889,59,5.500459515032975,18,5.648385496561882,13,5.2
160,6.551080335043404,37,1989,1,0,0,0,0,0,0,0,0,0,6.0320541513077055,6,6.128944742530841,101,6.288118693193251,31,6.028442401902117,1,7.2
130,3.784189633918261,40,1986,1,0,0,0,0,0,0,0,0,0,6.000714801162405,8,5.921342085059831,89,5.576869498317517,37,5.74603938276924,12,5.8
147,3.8918202981106265,64,1962,1,0,0,0,0,0,1,0,0,0,6.421369434205137,14,6.229837873202802,34,6.307340221411149,19,6.243776172923092,4,7.4
179,10.40964228465222,22,2004,1,1,0,1,0,0,0,0,0,0,5.743776172923092,4,6.437236226541811,36,5.448045601101226,9,5.8910888771868235,11,7.0
127,3.58351893845611,11,2015,0,0,0,1,0,0,0,0,0,0,5.793776172923093,4,6.037533310993027,1,5.237519285311752,9,6.037533310993027,1,7.3
175,8.65277248565806,32,1994,0,1,0,1,0,0,0,0,0,0,5.814191094728219,5,5.528400721966557,82,5.926221497449138,21,5.448045601101226,9,6.5
134,5.225746673713202,13,2013,0,0,0,0,0,0,1,1,0,0,4.923312110041968,12,5.812521554171958,7,5.855715129174845,1,5.855715129174845,1,5.3
120,4.77912349311153,5,2021,0,0,0,0,0,0,0,0,0,0,5.7557151291748445,1,5.7557151291748445,1,5.7557151291748445,1,5.3794904586373775,4,4.2
197,8.389814262086407,23,2003,1,0,0,1,0,0,0,1,0,0,5.847524428061552,5,6.114236773135286,19,5.778254311886048,17,5.105940337943331,9,4.0
150,3.713572066704308,28,1998,0,0,1,0,0,0,0,1,0,0,5.5958507819487275,11,6.603274868014205,55,5.782987856447572,1,5.782987856447572,1,4.5
147,3.871201010907891,55,1971,1,0,1,1,0,0,0,0,0,0,6.100804151307706,6,6.100804151307706,6,6.184887706364384,9,6.060857761394886,5,6.5
128,9.004545458996587,12,2014,0,1,1,1,0,0,0,0,0,0,5.361036596488693,41,5.521729811627541,9,5.808061887208806,4,5.8375333109930265,1,5.1
146,2.0794415416798357,27,1999,0,0,0,1,0,0,0,0,0,0,5.735110246958588,16,5.692738868410274,2,5.850804151307706,6,5.80116967462939,1,4.7
151,4.852030263919617,48,1978,1,0,0,0,0,0,1,0,0,0,6.321888086461547,18,6.285643321046164,10,6.438036100871805,14,6.134405535076941,2,6.7
100,3.871201010907891,7,2019,0,0,0,0,0,1,0,0,0,0,5.394191094728219,5,5.416374340071022,3,5.746624220083936,1,5.746624220083936,1,4.1
120,3.9512437185814275,38,1988,1,0,0,0,0,0,0,0,0,0,6.314221200951058,12,6.082987856447573,1,6.082987856447573,1,6.082987856447573,1,7.8
129,7.689828668736484,21,2005,1,0,1,1,0,0,0,0,0,0,6.101072201743608,2,5.85958037770137,7,5.841933318877841,7,6.400402075653853,22,7.2
154,7.026426808699636,24,2002,0,1,1,0,0,0,0,0,0,0,5.544554151307706,6,5.5008041513077055,6,5.786633315780235,4,5.500514656836932,15,3.7
145,8.484876589939695,21,2005,1,0,1,1,0,0,0,0,0,0,5.361036596488693,41,5.346112564277431,51,5.448045601101226,9,5.686633315780235,4,5.5
180,3.4965075614664802,39,1987,1,0,0,0,0,0,0,0,0,0,5.619152075653853,22,5.49015086425912,9,5.619554151307706,6,5.911468511692314,26,5.1
178,1.791759469228055,9,2017,0,0,0,0,0,0,0,0,0,0,5.864806038265754,1,6.075804151307706,6,5.864806038265754,1,5.817738868410274,2,5.4
127,2.302585092994046,35,1991,0,0,0,0,0,1,0,0,0,0,5.628442401902117,1,5.700989724686408,3,5.501072201743607,2,5.858061887208806,4,2.8
136,4.454347296253507,59,1967,1,0,0,0,0,0,0,0,0,0,6.951462009788914,33,6.559064359342182,19,6.208601383769235,38,6.472041258139204,11,7.7
106,3.2188758248682006,5,2021,1,0,0,0,0,0,0,0,0,0,6.110260583720299,1,6.110260583720299,1,6.110260583720299,1,6.110260583720299,1,8.1
165,7.642044402873258,28,1998,1,1,1,0,0,0,0,0,0,0,6.0320541513077055,6,6.128944742530841,101,5.338956400804742,16,5.648045601101225,9,5.3
172,4.8283137373023015,25,2001,1,1,1,0,0,0,0,0,0,0,5.846624220083935,1,5.777912801609484,3,5.846624220083935,1,5.687524428061552,5,5.2
136,6.7464121285733745,7,2019,1,1,1,0,0,0,0,0,0,0,5.9193514928112085,1,5.9193514928112085,1,5.9193514928112085,1,5.9193514928112085,1,6.0
137,8.71948076085107,20,2006,0,0,0,1,0,0,0,0,0,0,6.1977658056647,29,6.314898400996348,11,5.909255061779273,13,5.470124626996665,13,7.0
135,9.101975347298058,6,2020,1,1,0,0,1,0,0,0,0,0,6.032403019132877,12,5.954191094728219,5,5.532731365321274,24,5.964806038265754,1,6.5
128,3.1780538303479458,16,2010,1,0,0,0,0,0,0,0,0,0,5.748045601101226,9,5.973896947356663,1,5.727524428061553,5,5.9510722017436075,2,6.6
90,4.007333185232471,28,1998,1,0,0,0,0,0,0,0,0,0,6.3008577613948855,5,6.151072201743607,2,5.8677388684102745,2,6.927791280160949,120,7.6
130,6.008813185442595,32,1994,1,0,0,0,0,0,0,0,0,0,6.8068666587394615,21,6.073896947356662,1,6.167738868410274,2,6.0760722017436075,2,7.7
150,4.762173934797756,60,1966,1,0,1,0,0,0,0,0,0,0,6.456270356717961,8,6.47834521208835,91,6.208601383769235,38,5.992078765538481,1,6.8
150,3.091042453358316,57,1969,0,1,0,0,0,1,0,0,0,0,6.180857761394886,5,5.89207876553848,1,6.1657768009097085,13,6.15775554385349,11,5.7
142,3.4965075614664802,55,1971,1,0,0,0,0,0,1,0,0,0,6.120857761394886,5,6.229184115282061,11,6.453319600615392,24,5.846624220083935,1,5.2
158,4.844187086458591,22,2004,0,1,0,0,0,0,0,0,0,0,5.916374340071022,3,5.810260583720299,1,5.726072201743608,2,6.927791280160949,120,4.8
125,4.927253685157205,21,2005,0,1,0,0,0,0,0,0,0,0,5.916374340071022,3,6.0760722017436075,2,7.047450176569067,83,6.927791280160949,120,4.7
90,4.394449154672439,22,2004,1,0,0,0,0,0,0,0,0,0,5.967738868410275,2,5.908682032378715,3,6.00116967462939,1,6.00116967462939,1,6.9
120,1.9459101490553132,54,1972,1,0,1,0,0,0,0,0,0,0,6.120857761394886,5,6.037533310993027,1,6.037533310993027,1,6.037533310993027,1,7.3
137,1.791759469228055,27,1999,0,0,1,0,0,0,0,0,0,0,5.500919030065949,4,5.480857761394886,5,5.846624220083935,1,5.724286260054311,7,5.2
131,4.867534450455582,53,1973,0,0,1,1,0,0,0,1,0,0,6.213304151307705,6,6.471632800332116,53,6.1657768009097085,13,6.093776172923092,4,6.5
167,6.61338421837956,43,1983,1,0,0,1,0,0,0,0,0,0,6.8068666587394615,21,6.6328884004548545,36,6.184777075653853,22,6.400402075653853,22,7.5
136,3.4011973816621555,43,1983,1,1,0,0,1,0,0,0,0,0,5.700415045836235,21,5.910260583720299,1,6.090643321046164,10,5.910260583720299,1,5.9
150,9.161255164285691,21,2005,1,0,0,0,0,0,0,0,0,0,6.323312110041968,12,6.578877771926745,32,5.966027075653853,22,5.973896947356663,1,6.6
122,4.663439094112067,13,2013,1,0,1,0,0,0,0,0,0,0,5.937533310993026,1,5.937533310993026,1,5.937533310993026,1,5.937533310993026,1,6.2
121,3.8918202981106265,45,1981,0,0,0,0,0,1,0,0,0,0,5.964806038265754,1,5.630428880697443,20,6.12406664776333,3,6.054835878532561,3,6.5
121,3.6635616461296463,19,2007,1,1,0,0,1,0,0,0,0,0,5.70116967462939,1,5.817738868410274,2,5.70116967462939,1,5.70116967462939,1,3.6
148,9.23317760587894,7,2019,1,1,0,0,0,0,0,0,0,0,6.016374340071023,3,5.936948473678331,12,5.738304151307705,6,5.900378424144803,24,6.4
120,9.809616336926057,11,2015,1,0,0,0,0,0,0,0,0,1,6.323312110041968,12,6.212033323881665,16,6.406639201230782,7,6.10116967462939,1,8.0
130,6.171700597410915,12,2014,1,0,0,0,0,0,0,0,0,0,6.028442401902117,1,6.028442401902117,1,5.901072201743607,2,6.028442401902117,1,7.2
161,4.74493212836325,50,1976,1,0,1,1,0,0,0,0,0,0,6.382054151307706,6,5.982987856447571,1,5.982987856447571,1,6.159405535076941,2,6.7
141,3.6888794541139363,64,1962,0,0,0,1,0,0,0,1,0,0,6.100804151307706,6,6.100804151307706,6,6.095159245606849,8,6.200857761394886,5,7.1
110,2.772588722239781,46,1980,1,0,1,0,0,0,0,0,0,0,6.088304151307705,6,6.062528186224868,3,5.939451263147945,3,6.051072201743608,2,7.1
137,8.931155429778348,19,2007,1,0,0,0,1,0,0,0,1,0,6.247143570840253,3,6.362517448615395,11,6.054835878532561,3,6.100857761394886,5,7.6
158,5.3706380281276624,52,1974,0,0,1,1,0,0,0,1,0,0,5.992078765538481,1,6.6843833277482565,34,6.453319600615392,24,6.2266463661271,13,6.8
112,8.276394704863307,8,2018,1,0,0,0,0,0,0,0,0,0,6.159405535076941,2,6.212033323881665,16,6.176072201743608,2,6.059405535076941,2,7.4
92,4.499809670330265,9,2017,1,0,0,0,0,0,0,0,0,0,5.827524428061553,5,5.9193514928112085,1,5.8866333157802355,4,5.9193514928112085,1,6.0
120,4.189654742026425,66,1960,1,0,1,0,0,0,0,0,0,0,5.9193514928112085,1,6.603274868014205,55,6.471382787771719,21,5.952993639091586,11,6.0
113,5.66988092298052,47,1979,1,0,1,0,0,0,1,0,0,0,6.488268679421918,23,6.128944742530841,101,6.1718880864615455,18,6.014191094728219,5,6.9
112,2.833213344056216,52,1974,1,0,0,0,0,0,0,0,0,0,5.785976865733128,39,5.7557151291748445,1,5.488992142407252,7,5.7557151291748445,1,4.2
132,9.21283725217477,23,2003,1,0,0,0,1,1,0,0,0,0,6.505643321046165,10,6.693069126700863,17,5.8068666587394615,21,6.163304151307706,6,8.1
166,4.430816798843313,42,1984,0,1,0,0,1,0,0,0,0,0,5.619152075653853,22,6.491721282179798,73,5.704030943604403,18,5.648385496561882,13,5.9
177,7.380879035564116,41,1985,1,1,1,0,0,0,0,0,0,0,6.310788497273217,19,6.128944742530841,101,5.759580377701369,7,6.285110246958587,16,6.2
135,3.4657359027997265,28,1998,0,1,0,0,0,0,0,0,0,0,5.7557151291748445,1,5.3923579264167305,93,5.7557151291748445,1,5.469725631573973,16,4.2
134,8.802071336535285,8,2018,0,1,0,1,0,0,0,0,0,0,6.126072201743607,2,6.0466242200839355,1,6.231758955455637,3,5.017381467829072,8,7.4
113,9.385469458188632,12,2014,1,1,0,0,1,0,0,0,0,0,5.987524428061552,5,5.807524428061553,5,6.037533310993027,1,6.037533310993027,1,7.3
103,9.011767474596178,7,2019,1,1,0,0,1,0,0,0,0,0,6.0466242200839355,1,6.0466242200839355,1,5.966027075653853,22,5.920857761394886,5,7.4
100,8.179199798423086,12,2014,1,0,0,0,0,0,0,0,0,0,6.247143570840253,3,6.028442401902117,1,5.9437761729230925,4,5.976072201743608,2,7.2
110,7.544861068658458,19,2007,0,0,1,1,0,0,0,0,0,0,5.810260583720299,1,5.346112564277431,51,5.810260583720299,1,5.736633315780234,4,4.8
132,2.833213344056216,71,1955,1,1,0,0,1,0,0,0,0,0,5.950919030065949,4,6.059405535076941,2,6.090643321046164,10,5.952993639091586,11,6.4
152,8.054204897064407,7,2019,1,1,1,0,0,0,0,0,0,0,5.329490458637379,4,5.612521554171957,7,5.800989724686407,3,5.409405535076941,2,3.6
160,4.890349128221754,23,2003,1,0,0,0,0,0,0,1,0,0,5.500919030065949,4,5.326992969522278,9,5.5080618872088065,4,5.692078765538481,1,3.5
130,4.30406509320417,7,2019,0,0,0,1,0,0,0,0,0,0,5.819351492811208,1,5.522347601494521,4,5.608682032378715,3,5.819351492811208,1,4.9
94,5.676753802268282,9,2017,0,0,0,0,0,1,0,0,0,0,5.8375333109930265,1,5.8375333109930265,1,5.9675244280615525,5,5.8375333109930265,1,5.1
109,2.8903717578961645,24,2002,0,1,0,0,0,0,0,0,0,0,5.864806038265754,1,5.178820279170577,13,5.864806038265754,1,5.795201703100598,29,5.4
155,4.6913478822291435,39,1987,1,1,0,0,0,0,0,0,0,0,5.6136028878662305,13,5.971369434205137,14,5.383762214030777,20,5.400714801162405,8,4.9
90,5.117993812416755,10,2016,0,0,0,0,0,0,0,0,0,0,6.146624220083936,1,7.100201037826927,54,7.047450176569067,83,6.927791280160949,120,8.5
106,6.318968113746434,7,2019,1,0,1,0,0,0,0,0,0,0,5.751072201743607,2,5.785605109301792,3,5.785605109301792,3,5.920857761394886,5,6.1
122,9.219300113347655,12,2014,1,1,0,0,0,0,0,0,0,0,5.829490458637379,4,5.90627035671796,8,5.992078765538481,1,6.101072201743608,2,6.8
154,4.127134385045092,55,1971,0,0,1,0,0,0,1,0,0,0,5.9437761729230925,4,6.491721282179798,73,6.390643321046165,10,6.228492578940183,8,7.1
109,10.122663242288953,11,2015,1,0,0,0,0,0,0,0,0,0,6.193297416994099,3,5.707524428061553,5,5.95958037770137,7,6.184405535076941,2,8.2
80,3.332204510175204,9,2017,0,0,0,0,0,0,0,0,0,0,6.119351492811208,1,6.119351492811208,1,6.119351492811208,1,6.119351492811208,1,8.2
135,4.663439094112067,12,2014,0,0,0,1,0,1,0,0,0,0,5.846624220083935,1,5.846624220083935,1,5.846624220083935,1,5.846624220083935,1,5.2
117,4.31748811353631,24,2002,1,1,0,0,1,0,0,0,0,0,5.325536100871804,14,4.91827862617752,29,5.694554151307706,6,5.647143570840253,3,4.1
136,1.791759469228055,76,1950,1,0,0,0,0,0,0,0,0,0,6.236050965936664,7,6.47834521208835,91,5.950919030065949,4,6.034405535076941,2,6.2
162,6.486160788944089,42,1984,1,1,0,0,0,0,1,0,0,0,6.641027075653853,22,5.644648673347989,53,6.487515931344491,13,6.013304151307706,6,7.3
107,3.4339872044851463,21,2005,1,0,1,0,0,0,0,1,0,0,5.855715129174845,1,5.855715129174845,1,5.592738868410275,2,5.855715129174845,1,5.3
111,7.183870715062453,6,2020,1,0,1,1,0,0,0,0,0,0,5.90116967462939,1,5.884405535076941,2,5.340428880697443,20,5.90116967462939,1,5.8
156,5.652489180268651,17,2009,1,1,0,1,0,0,0,0,0,0,5.836050965936664,7,5.846624220083935,1,5.585605109301792,3,5.926072201743608,2,5.2
165,8.235360643753348,43,1983,1,0,0,0,0,0,0,0,0,0,6.377912801609484,3,6.137978611715534,43,6.288118693193251,31,6.022347601494521,4,8.4
130,4.564348191467836,30,1996,0,1,0,1,0,1,0,0,0,0,6.042738868410274,2,5.729490458637378,4,5.722347601494521,4,5.383109789466076,7,5.8
118,4.663439094112067,40,1986,1,0,0,0,0,0,0,0,0,0,6.028442401902117,1,6.294191094728219,5,6.134405535076941,2,6.028442401902117,1,7.2
153,6.806829360392176,27,1999,0,0,1,1,0,0,0,1,0,0,5.670066660951704,33,5.305643321046165,10,5.379754014514597,19,5.670220493917176,3,5.4
143,3.8066624897703196,35,1991,1,1,0,0,0,1,0,0,0,0,5.552514656836931,15,5.921342085059831,89,5.565084306497744,24,5.8910888771868235,11,5.2
151,3.9512437185814275,56,1970,1,0,0,1,0,0,1,0,0,0,6.180857761394886,5,6.255643321046165,10,6.217381467829071,8,5.977912801609484,3,6.8
152,3.2188758248682006,25,2001,0,1,0,0,0,0,0,0,0,0,5.810260583720299,1,5.909405535076941,2,5.810260583720299,1,5.342782443206489,9,4.8
178,4.564348191467836,41,1985,1,0,1,1,0,0,0,0,0,0,5.735110246958588,16,6.491721282179798,73,5.992239632997927,27,5.420643321046164,10,6.5
166,8.710949125835855,22,2004,0,0,0,1,1,0,0,0,1,0,5.542202767538471,14,5.305643321046165,10,5.529184115282062,11,5.470124626996665,13,6.2
103,4.5217885770490405,15,2011,1,0,0,1,0,0,0,0,0,1,5.8375333109930265,1,5.85958037770137,7,5.585605109301792,3,5.745159245606849,8,5.1
96,1.9459101490553132,9,2017,0,0,0,1,0,0,0,0,0,0,5.6738969473566625,1,5.667738868410274,2,5.237519285311752,9,5.469725631573973,16,3.3
119,7.872073979866873,10,2016,0,0,0,1,0,0,0,0,0,0,5.329490458637379,4,4.900514656836932,15,5.293297416994099,3,5.5920787655384805,1,2.4
98,6.244166900663736,13,2013,1,0,0,0,0,0,0,0,0,0,5.9510722017436075,2,5.810260583720299,1,5.685605109301791,3,5.810260583720299,1,4.8
92,3.7612001156935624,41,1985,1,0,0,0,0,0,0,0,0,0,6.479624548469647,9,6.073896947356662,1,6.0760722017436075,2,6.073896947356662,1,7.7
151,8.70549681988774,13,2013,1,0,0,1,0,0,0,0,0,0,6.505643321046165,10,6.430168612995487,7,5.894554151307705,6,6.015204744351664,4,5.6
99,7.622174594817622,23,2003,1,0,0,0,0,0,0,0,0,0,6.1177388684102745,2,6.073896947356662,1,6.073896947356662,1,5.9675244280615525,5,7.7
156,6.767343125265392,51,1975,0,0,1,0,0,0,0,1,0,0,6.944920978552715,17,6.471632800332116,53,6.724115867164841,32,6.1741910947282195,5,8.1
161,8.567696173589344,15,2011,1,0,1,0,0,0,0,0,0,0,5.80116967462939,1,5.813762214030776,20,5.695414022153858,9,5.565784695424972,51,4.7
130,2.3978952727983707,8,2018,1,0,0,0,0,0,0,0,0,0,5.325536100871804,14,5.628442401902117,1,5.676072201743608,2,5.628442401902117,1,2.8
120,3.258096538021482,28,1998,0,0,0,0,0,0,0,0,0,0,5.764806038265753,1,5.643469829567775,11,5.764806038265753,1,5.764806038265753,1,4.3
95,1.9459101490553132,23,2003,0,0,0,0,0,0,0,0,0,0,5.801072201743608,2,5.200714801162405,8,5.751072201743607,2,5.7557151291748445,1,4.2
150,4.343805421853684,43,1983,1,1,0,0,0,0,0,0,0,0,5.619152075653853,22,5.4725802696012575,88,5.992239632997927,27,5.648385496561882,13,5.4
115,2.1972245773362196,24,2002,0,1,0,0,0,0,0,0,0,0,5.692078765538481,1,5.49015086425912,9,5.576869498317517,37,5.692078765538481,1,3.5
110,5.313205979041787,14,2012,1,1,0,0,1,0,0,0,0,0,5.729490458637378,4,5.708061887208807,4,6.387511820029784,21,5.248045601101226,9,4.7
105,5.631211781821365,25,2001,1,0,0,0,0,0,0,0,0,0,6.010260583720299,1,6.126072201743607,2,5.984405535076941,2,6.010260583720299,1,7.0
130,7.641084249174914,33,1993,1,0,1,0,0,0,0,0,1,0,6.323312110041968,12,5.976072201743608,2,6.241933318877841,7,5.744496071203626,24,5.4
150,3.091042453358316,68,1958,0,0,0,0,0,0,0,0,0,1,6.363439497071233,17,6.172347601494521,4,6.131758955455638,3,5.964806038265754,1,6.5
107,4.248495242049359,54,1972,1,0,0,0,0,0,0,0,0,0,6.179490458637377,4,6.00116967462939,1,6.00116967462939,1,6.00116967462939,1,6.9
106,2.833213344056216,72,1954,1,0,0,0,0,0,0,1,0,1,6.117381467829072,8,5.942738868410274,2,5.950919030065949,4,5.910260583720299,1,5.9
99,4.07753744390572,21,2005,0,0,1,0,0,0,0,0,0,0,5.032514656836931,15,5.619351492811209,1,5.619351492811209,1,5.262528186224869,3,2.7
103,2.8903717578961645,51,1975,0,0,0,1,0,0,0,0,0,0,5.982987856447571,1,5.826992969522278,9,6.1718880864615455,18,5.788613718262449,24,6.7
155,1.9459101490553132,92,1934,1,0,0,0,0,0,0,0,0,0,6.146624220083936,1,6.146624220083936,1,6.146624220083936,1,6.2010722017436075,2,8.5
170,4.605170185988092,43,1983,1,0,1,0,0,0,0,0,0,0,5.995414022153857,9,6.759304267203161,29,6.378254311886048,17,5.744496071203626,24,6.5
124,2.70805020110221,50,1976,1,0,0,0,0,0,0,0,0,0,5.884048134495738,8,5.700612686710633,11,6.1284925789401825,8,6.079490458637379,4,5.7
109,7.98139158158007,17,2009,1,0,1,1,0,0,0,0,0,0,5.542738868410274,2,5.346112564277431,51,5.778254311886048,17,5.265204744351664,4,3.6
96,2.0794415416798357,8,2018,1,0,0,0,0,0,0,0,0,0,6.0920787655384805,1,6.0920787655384805,1,6.0920787655384805,1,6.0920787655384805,1,7.9
80,5.953243334287785,6,2020,1,0,0,0,0,0,0,0,0,0,5.982987856447571,1,5.982987856447571,1,5.982987856447571,1,5.982987856447571,1,6.7
110,4.844187086458591,16,2010,1,0,0,0,0,0,0,0,0,0,5.750584837314696,12,6.00116967462939,1,6.00116967462939,1,6.08440553507694,2,6.9
155,2.5649493574615367,84,1942,1,0,0,0,0,0,0,0,0,0,6.059405535076941,2,6.059405535076941,2,6.028442401902117,1,6.028442401902117,1,7.2
139,4.7535901911063645,45,1981,1,0,1,1,0,0,0,0,0,0,5.9927388684102745,2,6.514947961485934,31,5.992239632997927,27,6.193297416994099,3,6.2
155,4.700480365792417,47,1979,1,0,0,0,0,0,0,0,0,0,6.944920978552715,17,5.911825912273516,8,5.858479561965267,21,5.8910888771868235,11,6.6
152,2.70805020110221,34,1992,0,0,1,0,0,0,0,0,0,0,5.571345083583723,7,5.6366333157802355,4,5.747143570840253,3,6.3628786032973625,57,5.5
129,6.436150368369428,11,2015,0,0,0,1,1,0,0,0,0,0,6.028442401902117,1,5.842738868410275,2,6.028442401902117,1,6.028442401902117,1,7.2
150,2.6390573296152584,35,1991,1,1,0,0,0,0,0,0,0,0,5.6136028878662305,13,5.89396343293301,21,5.855715129174845,1,5.800989724686407,3,5.3
79,2.9444389791664403,8,2018,0,0,0,0,0,0,0,0,1,0,5.967738868410275,2,5.973896947356663,1,5.973896947356663,1,5.973896947356663,1,6.6
140,3.1354942159291497,44,1982,1,0,0,0,0,0,0,0,0,0,5.928442401902117,1,5.928442401902117,1,5.928442401902117,1,5.826992969522278,9,6.1
151,4.787491742782046,55,1971,1,0,1,0,0,0,0,1,0,0,6.134191094728219,5,6.491721282179798,73,6.1657768009097085,13,6.100857761394886,5,6.7
134,4.976733742420574,50,1976,1,0,1,0,0,0,0,0,0,0,6.466201509566438,34,6.491721282179798,73,6.244872614659345,46,6.205191863924958,31,6.5
163,5.863631175598097,18,2008,1,0,1,0,0,0,0,0,0,0,5.692078765538481,1,5.692078765538481,1,5.231796183454951,25,5.758187170035511,16,3.5
153,5.703782474656201,28,1998,1,0,0,0,0,0,0,0,0,0,5.5760722017436075,2,5.601072201743608,2,5.966027075653853,22,5.682987856447571,1,3.4
128,3.1780538303479458,64,1962,1,0,1,1,0,0,0,0,0,0,5.711203495838068,9,6.47834521208835,91,6.378254311886048,17,6.1056433210461645,10,5.9
162,3.871201010907891,59,1967,1,0,0,0,0,0,0,0,0,0,6.421369434205137,14,6.47834521208835,91,6.131758955455638,3,6.162528186224869,3,7.2
99,3.7376696182833684,8,2018,1,0,0,0,0,0,0,0,0,0,5.973896947356663,1,5.973896947356663,1,5.973896947356663,1,5.973896947356663,1,6.6
152,4.59511985013459,78,1948,1,0,1,0,0,0,1,0,0,0,6.293776172923093,4,6.972277075653853,22,6.487515931344491,13,6.148514656836932,15,7.5
126,3.8066624897703196,55,1971,1,0,0,0,0,0,1,0,0,0,6.069725631573973,16,5.838304151307705,6,6.1419333188778396,7,6.190643321046164,10,6.8
172,8.354203562921775,26,2000,0,1,0,1,0,0,0,0,0,1,5.436050965936664,7,6.578877771926745,32,5.275643321046164,10,5.7193514928112075,1,3.8
148,4.820281565605037,29,1997,1,0,0,0,0,0,0,1,0,0,6.432054151307705,6,6.6328884004548545,36,5.955715129174845,1,5.600804151307706,6,6.4
113,3.6109179126442243,70,1956,1,0,1,1,0,0,0,0,0,0,6.15091903006595,4,6.559064359342182,19,6.189603690051293,8,6.142738868410274,2,7.2
137,3.4657359027997265,65,1961,1,0,0,1,0,0,0,0,0,0,6.951462009788914,33,6.0466242200839355,1,6.0466242200839355,1,6.332403019132877,12,7.4
113,4.584967478670572,62,1964,1,0,0,0,0,0,0,0,1,0,6.243776172923092,4,5.356708208998889,59,6.24603938276924,12,6.184405535076941,2,7.6
104,6.093569770045136,16,2010,1,0,0,0,0,0,0,0,0,0,6.017738868410274,2,5.894191094728219,5,6.000919030065949,4,6.028442401902117,1,7.2
138,2.8903717578961645,55,1971,0,0,0,0,0,1,0,0,0,0,5.833946020043966,11,5.926072201743608,2,5.858479561965267,21,6.281958015589752,17,6.1
115,3.6635616461296463,20,2006,1,0,1,0,0,0,0,0,0,0,5.551072201743608,2,5.509405535076941,2,5.70116967462939,1,5.592738868410275,2,3.6
127,6.678342114654332,31,1995,1,0,0,1,0,0,0,0,0,0,5.325536100871804,14,6.169554151307706,6,6.288268679421918,23,5.90091903006595,4,4.4
120,2.4849066497880004,53,1973,1,0,0,0,0,0,0,0,0,0,6.039451263147945,3,6.108869434205137,14,5.717738868410275,2,5.817738868410274,2,5.6
155,2.1972245773362196,34,1992,0,0,1,0,0,0,0,0,0,0,5.763304151307706,6,5.810260583720299,1,5.810260583720299,1,5.788613718262449,24,4.8
151,5.713732805509369,55,1971,1,1,0,0,0,0,0,0,0,0,6.321888086461547,18,6.404907235692317,13,6.208601383769235,38,5.980514656836932,15,7.0
135,3.6109179126442243,40,1986,0,1,0,0,0,0,0,0,0,0,5.540857761394887,5,5.356708208998889,59,5.563835074785437,9,5.359777075653853,22,4.7
160,2.4849066497880004,58,1968,1,0,0,1,0,0,0,0,0,0,5.90116967462939,1,6.036633315780235,4,5.831758955455637,3,5.90116967462939,1,5.8
150,2.0794415416798357,37,1989,1,0,0,0,0,0,0,0,0,0,5.746624220083936,1,5.746624220083936,1,5.593297416994099,3,5.839451263147945,3,4.1
142,3.6375861597263857,36,1990,1,0,0,0,0,0,1,0,0,0,5.7193514928112075,1,5.4725802696012575,88,5.837304297111666,52,5.765204744351664,4,3.8
157,2.995732273553991,48,1978,1,1,0,0,1,0,0,0,0,0,5.825804151307706,6,5.3923579264167305,93,5.8260722017436075,2,6.14603938276924,12,4.6
162,2.833213344056216,6,2020,1,0,0,0,0,0,0,0,0,0,6.173896947356663,1,6.173896947356663,1,6.173896947356663,1,6.173896947356663,1,8.8
140,2.70805020110221,41,1985,1,0,0,0,0,0,0,0,0,0,5.735110246958588,16,5.4725802696012575,88,5.756652075653853,22,5.777912801609484,3,4.9
128,6.762729506931879,60,1966,1,0,0,0,0,0,0,1,1,0,6.321888086461547,18,6.229837873202802,34,6.565643321046164,10,6.109405535076941,2,7.6
141,2.0794415416798357,38,1988,0,1,0,0,0,0,0,0,0,0,5.743776172923091,4,5.854191094728219,5,5.488992142407252,7,5.900378424144803,24,3.9
129,2.5649493574615367,42,1984,0,1,0,0,0,0,0,0,0,0,6.321888086461547,18,5.570966659438921,24,6.184777075653853,22,5.846624220083935,1,5.2
150,3.044522437723423,41,1985,1,0,0,0,0,0,1,0,0,0,5.847143570840253,3,5.80709554736411,20,6.184777075653853,22,5.74603938276924,12,4.7
142,2.4849066497880004,26,2000,0,0,0,0,0,1,0,0,0,0,5.95940553507694,2,5.75483587853256,3,5.873896947356664,1,5.873896947356664,1,5.5
164,6.285998094508865,55,1971,1,0,0,0,0,0,0,0,0,0,6.944920978552715,17,6.559064359342182,19,5.858479561965267,21,6.084549116340087,28,7.4
140,3.4339872044851463,38,1988,1,0,0,0,0,0,0,0,0,0,5.859405535076941,2,5.793297416994099,3,5.654191094728219,5,5.522937023384626,8,6.6
163,7.629975707027789,18,2008,1,0,1,1,0,0,0,0,0,0,6.1977658056647,29,5.873312110041968,12,6.1570541513077055,6,5.864806038265754,1,5.4
138,2.6390573296152584,54,1972,1,0,0,0,0,0,1,0,0,0,6.459735793367529,17,5.917738868410274,2,5.801072201743608,2,5.916374340071022,3,5.6
139,9.099073559547596,15,2011,1,0,0,1,0,0,1,0,0,0,5.6741910947282195,5,5.932054151307705,6,5.811173800747261,18,5.90116967462939,1,5.8
101,8.419800845407588,13,2013,1,0,1,1,0,0,0,0,0,0,5.955715129174845,1,6.162528186224869,3,5.955715129174845,1,5.6937761729230925,4,6.4
161,3.828641396489095,28,1998,1,0,0,0,0,0,0,0,0,0,5.571345083583723,7,5.430994192214055,13,5.694554151307706,6,5.700989724686408,3,5.0
180,5.2574953720277815,14,2012,0,0,0,1,0,0,0,0,0,0,5.4927388684102745,2,4.91827862617752,29,5.325804151307706,6,5.811203495838067,9,3.5
112,3.295836866004329,13,2013,1,0,0,1,0,0,0,0,0,0,5.982987856447571,1,5.982987856447571,1,5.982987856447571,1,5.982987856447571,1,6.7
153,3.9889840465642745,56,1970,1,0,1,0,0,0,0,0,0,0,6.255643321046165,10,5.894191094728219,5,5.704030943604403,18,6.418766655496513,12,7.0
165,4.0943445622221,58,1968,1,0,1,0,0,0,0,0,0,0,5.955715129174845,1,6.346888086461546,18,6.390643321046165,10,5.905940337943331,9,6.4
142,5.1298987149230735,54,1972,1,1,0,0,0,0,0,0,0,1,5.968316657890118,18,6.491721282179798,73,6.356032089663826,17,6.100536100871803,14,6.9
129,6.805722553416985,20,2006,1,0,1,0,0,0,0,0,0,0,5.063835074785437,9,5.528400721966557,82,5.185672541791862,24,5.230168612995488,7,3.5
119,4.543294782270004,17,2009,1,0,0,0,0,0,0,1,0,0,5.942738868410274,2,5.930643321046165,10,6.000919030065949,4,5.458571916890699,9,5.6
164,5.2832037287379885,63,1963,1,0,1,1,0,0,0,0,0,0,6.134191094728219,5,6.47834521208835,91,6.171345083583723,7,6.200857761394886,5,6.9
108,3.4657359027997265,8,2018,0,0,0,1,0,0,0,0,0,0,5.928442401902117,1,5.928442401902117,1,5.928442401902117,1,5.926072201743608,2,6.1
141,4.02535169073515,34,1992,1,0,0,0,0,0,0,1,0,0,5.946624220083936,1,5.3923579264167305,93,5.843474236839166,34,5.934405535076941,2,6.3
167,3.9889840465642745,61,1965,0,0,1,0,0,0,0,1,0,0,6.272347601494521,4,6.404907235692317,13,6.205643321046165,10,6.3628786032973625,57,7.3
158,7.6511201757027,24,2002,1,0,1,1,0,0,0,0,0,0,5.732054151307706,6,5.634405535076941,2,5.796514656836931,15,5.705374591472538,11,5.3
153,4.04305126783455,45,1981,1,1,0,0,1,0,0,0,0,0,6.042738868410274,2,5.4725802696012575,88,6.244872614659345,46,6.1741910947282195,5,6.6
131,3.1354942159291497,42,1984,0,1,0,0,0,1,0,0,0,0,5.8375333109930265,1,6.032731365321274,24,6.313861254619549,27,6.07419109472822,5,5.1
148,2.9444389791664403,57,1969,1,0,0,0,0,0,1,0,0,0,5.83440553507694,2,6.229837873202802,34,6.622579622803425,26,6.008682032378715,3,5.1
150,6.52795791762255,22,2004,0,1,1,1,0,0,0,0,0,0,5.870643321046164,10,5.728442401902117,1,5.711656055020984,34,5.453698024760193,7,3.9
117,4.543294782270004,47,1979,1,0,0,1,0,0,0,0,0,0,5.787524428061553,5,6.561428974822752,13,5.8460393827692405,12,5.90091903006595,4,6.5
110,2.0794415416798357,23,2003,0,1,0,0,0,0,0,0,0,0,5.412902075653853,22,5.62234760149452,4,5.972347601494521,4,5.562528186224868,3,5.6
164,7.099201743553092,41,1985,1,1,0,0,0,0,0,0,0,0,6.089745229318689,18,5.644648673347989,53,6.082054151307705,6,5.871345083583723,7,7.3
102,2.1972245773362196,20,2006,1,1,0,0,1,0,0,0,0,0,5.664806038265754,1,5.664806038265754,1,5.664806038265754,1,6.041933318877841,7,3.2
90,5.648974238161206,8,2018,1,0,0,0,0,0,0,0,0,0,6.019351492811208,1,6.059405535076941,2,6.019351492811208,1,6.019351492811208,1,7.1
131,2.3978952727983707,25,2001,0,0,0,0,0,0,1,0,0,0,5.762528186224869,3,5.926072201743608,2,5.576869498317517,37,5.828442401902118,1,5.0
117,8.410943391573527,9,2017,1,0,1,1,0,0,0,0,0,0,5.9193514928112085,1,6.57970276753847,14,6.018403907113134,7,5.9193514928112085,1,6.0
149,2.833213344056216,37,1989,1,1,0,0,1,0,0,0,0,0,5.581264093112434,16,6.249591938691465,81,5.576869498317517,37,6.061173800747261,18,5.7
97,5.0106352940962555,15,2011,1,0,0,0,0,1,0,0,0,0,5.854835878532561,3,6.137978611715534,43,5.900584837314695,12,5.859405535076941,2,5.3
135,7.878534196140362,13,2013,0,0,0,1,0,1,0,0,0,0,5.901072201743607,2,5.9193514928112085,1,5.784405535076941,2,5.9193514928112085,1,6.0
146,8.016977746762262,14,2012,1,0,0,0,0,0,0,0,0,0,6.220857761394885,5,6.250919030065949,4,5.937533310993026,1,5.565784695424972,51,6.2
99,3.58351893845611,12,2014,0,0,0,0,0,0,0,0,0,0,5.727524428061553,5,5.782987856447572,1,7.047450176569067,83,6.927791280160949,120,4.5
170,5.081404364984463,59,1967,1,0,1,0,0,0,0,1,0,0,6.180857761394886,5,6.229837873202802,34,6.471382787771719,21,6.1294904586373775,4,6.8
141,5.7745515455444085,7,2019,1,0,1,0,0,0,0,0,0,0,6.195850781948728,11,5.828442401902118,1,5.95958037770137,7,5.700584837314694,12,5.0
111,3.1780538303479458,54,1972,1,0,0,0,0,1,0,0,0,0,5.826992969522278,9,5.570966659438921,24,5.983224754883523,25,5.900378424144803,24,6.0
109,7.461640392208575,16,2010,1,0,1,0,0,0,0,0,0,0,5.388036100871804,14,5.521729811627541,9,5.5941910947282185,5,5.746624220083936,1,4.1
98,6.021023349349527,6,2020,1,0,0,0,0,0,0,0,0,0,6.0760722017436075,2,5.892738868410274,2,5.973896947356663,1,5.973896947356663,1,6.6
114,5.420534999272286,15,2011,1,0,1,1,0,0,0,0,0,0,5.577912801609484,3,5.60116967462939,1,5.738304151307705,6,5.60116967462939,1,2.5
150,7.149131598557407,51,1975,1,0,1,0,0,0,1,0,0,0,6.951462009788914,33,5.784048134495738,8,6.342024067247869,26,6.338304151307705,6,7.5
87,2.302585092994046,15,2011,0,0,0,1,0,0,0,0,0,0,5.759405535076941,2,5.805643321046165,10,5.937533310993026,1,5.937533310993026,1,6.2
160,8.532869670801245,27,1999,1,0,1,0,0,0,0,0,0,0,5.542202767538471,14,6.578877771926745,32,5.340428880697443,20,6.063835074785437,9,6.2
105,6.752270376141742,16,2010,1,0,0,1,0,0,0,0,0,0,5.831758955455637,3,5.964806038265754,1,6.000919030065949,4,6.044554151307706,6,6.5
128,7.130098510125578,40,1986,1,0,0,0,0,1,0,0,0,0,6.323312110041968,12,6.206639201230781,7,6.387511820029784,21,6.008690733914536,26,7.7
107,3.1354942159291497,22,2004,0,0,0,0,1,0,0,0,0,0,5.728442401902117,1,5.567738868410274,2,5.728442401902117,1,5.728442401902117,1,3.9
113,5.407171771460119,9,2017,0,0,0,0,1,1,0,0,1,0,5.928442401902117,1,5.747143570840253,3,5.928442401902117,1,5.672347601494521,4,6.1
145,4.6443908991413725,72,1954,1,0,0,0,0,0,0,1,0,0,6.312521554171958,7,6.148045601101225,9,6.236050965936664,7,6.126072201743607,2,7.0
130,4.624972813284271,9,2017,1,0,0,0,0,0,0,0,0,0,5.529490458637378,4,5.746624220083936,1,5.7427388684102745,2,5.536633315780235,4,4.1
119,3.332204510175204,69,1957,0,0,1,0,0,0,0,0,0,0,6.037533310993027,1,6.0471435708402534,3,6.189603690051293,8,6.017738868410274,2,7.3
129,7.461640392208575,10,2016,1,1,0,0,0,0,0,0,0,0,6.1258041513077055,6,5.942738868410274,2,5.792078765538481,1,5.792078765538481,1,4.6
120,2.5649493574615367,77,1949,1,0,0,0,0,0,1,0,0,0,6.300643321046165,10,6.1937761729230925,4,6.115204744351664,4,6.019351492811208,1,7.1
135,3.5553480614894135,28,1998,0,1,1,0,0,1,0,0,0,0,5.517738868410274,2,5.764806038265753,1,5.642738868410274,2,5.5700868612400996,23,4.3
161,2.8903717578961645,90,1936,1,0,0,0,0,0,0,0,0,0,5.700643321046165,10,5.90091903006595,4,5.928442401902117,1,5.928442401902117,1,6.1
148,2.8903717578961645,69,1957,1,0,0,0,0,0,0,0,0,0,6.167381467829071,8,6.972277075653853,22,6.416514656836931,15,6.3628786032973625,57,7.5
113,8.029107054619736,14,2012,1,0,1,0,1,0,0,0,0,0,5.9927388684102745,2,6.212033323881665,16,6.059405535076941,2,5.955715129174845,1,6.4
90,2.302585092994046,91,1935,1,0,0,0,0,0,0,0,0,0,5.946624220083936,1,5.946624220083936,1,5.946624220083936,1,5.946624220083936,1,6.3
102,1.9459101490553132,37,1989,1,0,0,0,0,0,0,0,0,0,5.782987856447572,1,5.782987856447572,1,5.782987856447572,1,5.782987856447572,1,4.5
154,5.780743515792329,11,2015,0,0,0,1,1,0,1,0,0,0,5.934405535076941,2,5.864806038265754,1,5.685605109301791,3,5.407054151307706,6,5.4
133,5.4638318050256105,10,2016,0,0,1,0,0,0,0,0,0,0,5.500919030065949,4,5.809405535076941,2,5.476072201743608,2,5.664806038265754,1,3.2
105,2.70805020110221,21,2005,1,0,0,1,0,0,0,0,0,0,6.064806038265754,1,6.064806038265754,1,6.134405535076941,2,6.064806038265754,1,7.6
120,7.637716432664798,8,2018,1,0,0,0,0,1,0,0,1,0,5.90116967462939,1,6.32036761202638,25,5.8068666587394615,21,6.3536980247601935,7,5.8
113,4.31748811353631,10,2016,0,0,0,0,0,1,0,0,0,0,5.764806038265753,1,5.764806038265753,1,5.764806038265753,1,5.777912801609484,3,4.3
130,7.003065458786462,18,2008,1,1,0,0,0,0,0,0,0,1,5.420857761394886,5,5.400612686710633,11,5.508682032378715,3,5.747143570840253,3,3.4
154,8.784468454090355,26,2000,1,1,0,0,0,1,0,0,0,0,6.15958037770137,7,5.356708208998889,59,5.901072201743607,2,6.006639201230782,7,6.7
130,9.442404020664952,7,2019,1,0,0,0,0,0,0,0,0,0,5.964806038265754,1,5.528400721966557,82,6.022937023384626,8,5.767738868410274,2,6.5
117,3.258096538021482,22,2004,0,1,0,0,0,0,0,0,0,0,4.923312110041968,12,5.708061887208807,4,5.601072201743608,2,5.700584837314694,12,3.8
110,7.5678626054638825,18,2008,0,0,0,1,1,1,0,0,0,0,6.372937023384627,8,6.172347601494521,4,6.036050965936664,7,6.400402075653853,22,7.1
104,5.5053315359323625,24,2002,1,0,0,0,0,0,0,0,0,0,6.001072201743607,2,5.992078765538481,1,5.992078765538481,1,5.992078765538481,1,6.8
119,7.755767170102998,8,2018,0,0,0,1,0,0,0,0,0,0,6.320857761394886,5,5.600857761394886,5,6.00116967462939,1,6.00116967462939,1,6.9
155,3.332204510175204,25,2001,1,1,0,0,0,0,0,0,0,0,5.765204744351664,4,5.792738868410274,2,5.909405535076941,2,5.855715129174845,1,5.3
163,3.58351893845611,37,1989,1,1,0,0,0,0,0,0,0,0,5.743776172923092,4,5.393776172923092,4,5.642782443206489,9,5.80116967462939,1,4.7
91,6.473890696352274,20,2006,1,0,0,1,0,0,0,0,0,0,6.372937023384627,8,6.106639201230782,7,5.930168612995487,7,5.816374340071023,3,6.4
143,2.6390573296152584,10,2016,1,0,0,0,0,0,0,0,0,0,6.10116967462939,1,6.10116967462939,1,6.10116967462939,1,6.10116967462939,1,8.0
99,2.4849066497880004,12,2014,0,0,1,0,0,0,0,0,0,0,5.412902075653853,22,5.643469829567775,11,7.047450176569067,83,6.927791280160949,120,7.8
100,5.991464547107982,15,2011,1,0,1,0,0,1,0,0,0,0,6.519660305758252,11,6.126072201743607,2,5.964806038265754,1,6.200612686710633,11,6.5
108,6.030685260261263,10,2016,1,0,0,0,1,1,0,0,0,0,5.8829878564475715,1,5.550919030065949,4,5.930168612995487,7,5.8829878564475715,1,5.6
134,4.653960350157523,41,1985,0,0,1,0,0,0,0,0,0,0,6.216466653732805,9,5.644648673347989,53,5.8932974169941,3,5.788613718262449,24,5.5
180,6.163314804034641,29,1997,1,0,1,0,0,0,0,0,0,0,5.855715129174845,1,5.884887706364384,9,5.600989724686406,3,5.835342018301013,13,5.3
126,2.6390573296152584,28,1998,0,1,0,0,0,0,0,0,0,0,5.782987856447572,1,5.586633315780235,4,5.750919030065949,4,5.724286260054311,7,4.5
102,3.1780538303479458,61,1965,1,0,1,0,0,0,0,0,0,0,5.982987856447571,1,5.99419109472822,5,6.594801845025647,26,6.044554151307706,6,6.7
127,2.6390573296152584,29,1997,1,0,1,0,0,0,0,0,0,0,5.577912801609484,3,5.472347601494521,4,5.383762214030777,20,5.5700868612400996,23,3.5
146,3.828641396489095,32,1994,1,1,1,0,0,0,0,0,0,0,4.896369434205138,14,5.939515471802202,46,5.831758955455637,3,5.7508041513077055,6,5.3
150,7.379008127628304,11,2015,1,0,0,1,0,0,0,0,0,0,6.177912801609484,3,5.219562361627795,52,6.192738868410274,2,5.825804151307706,6,6.8
130,5.0369526024136295,42,1984,1,0,0,0,0,0,0,0,0,0,6.225804151307706,6,6.019351492811208,1,6.019351492811208,1,6.016374340071023,3,7.1
100,3.4965075614664802,12,2014,1,0,0,0,0,0,0,0,0,0,6.019351492811208,1,6.234048134495739,8,6.036633315780235,4,6.019351492811208,1,7.1
112,4.787491742782046,17,2009,0,0,0,0,0,1,0,0,0,0,5.992078765538481,1,5.992078765538481,1,6.100756848289605,7,5.992078765538481,1,6.8
155,9.296884973376368,10,2016,1,1,0,0,0,0,0,0,0,1,5.888992142407253,7,6.114236773135286,19,5.89207876553848,1,5.521729811627541,9,5.7
177,8.939056445334039,32,1994,1,1,0,0,0,1,0,0,0,0,5.988304151307705,6,5.528400721966557,82,5.316563957322251,27,5.673571785420127,16,7.0
104,4.330733340286331,39,1987,1,0,0,0,0,0,0,0,1,0,5.855715129174845,1,6.182602372175832,18,5.955253755513655,21,5.342782443206489,9,5.3
113,3.828641396489095,7,2019,0,0,0,0,0,1,0,0,0,0,5.7557151291748445,1,5.877912801609484,3,5.7557151291748445,1,5.7557151291748445,1,4.2
150,5.968707559985366,25,2001,1,0,0,0,1,1,0,0,0,0,5.7427388684102745,2,5.563439497071233,17,5.340428880697443,20,5.767738868410274,2,6.2
100,2.6390573296152584,13,2013,1,0,0,0,0,0,0,1,0,0,5.810260583720299,1,5.810260583720299,1,5.810260583720299,1,5.810260583720299,1,4.8
146,9.148039345778804,9,2017,1,0,0,0,1,1,0,0,0,0,6.037533310993027,1,5.916466653732805,9,6.037533310993027,1,5.835342018301013,13,7.3
118,2.4849066497880004,54,1972,1,0,1,0,1,0,0,0,0,0,6.022298540040143,13,5.910260583720299,1,6.356032089663826,17,6.292202767538471,14,5.9
138,6.338594078203183,18,2008,1,0,0,1,0,0,0,0,0,0,5.762528186224869,3,4.990967175706513,55,5.911203495838068,9,5.407524428061553,5,2.7
124,4.290459441148391,15,2011,1,0,0,0,0,1,0,0,0,0,5.7427388684102745,2,5.888304151307706,6,5.606639201230782,7,6.177227436524899,7,5.5
106,4.127134385045092,11,2015,1,0,1,1,0,0,0,0,0,0,5.7580618872088065,4,5.322347601494521,4,5.801072201743608,2,5.6738969473566625,1,3.3
92,6.977281341630747,13,2013,1,1,0,0,1,0,0,0,0,0,5.973896947356663,1,6.142738868410274,2,6.240857761394887,5,6.518403907113134,7,6.6
114,10.07171018495058,25,2001,1,0,1,1,0,0,0,0,0,0,6.20940553507694,2,6.137978611715534,43,6.036633315780235,4,6.154835878532561,3,7.4
115,3.367295829986474,11,2015,0,0,0,0,1,0,0,0,0,0,5.90116967462939,1,5.90116967462939,1,5.90116967462939,1,5.90116967462939,1,5.8
138,3.091042453358316,56,1970,0,1,0,0,1,0,0,1,0,0,5.851072201743608,2,5.85958037770137,7,5.773896947356662,1,5.9675244280615525,5,4.4
93,3.6375861597263857,5,2021,1,0,0,0,0,0,0,0,0,0,6.192078765538482,1,6.192078765538482,1,6.192078765538482,1,6.192078765538482,1,9.0
110,5.6937321388027,22,2004,1,0,0,0,0,0,0,0,0,0,6.009405535076941,2,6.6328884004548545,36,5.982987856447571,1,5.662528186224869,3,6.7
105,4.127134385045092,17,2009,1,0,0,0,0,0,0,0,0,0,5.80116967462939,1,5.80116967462939,1,5.606639201230782,7,5.80116967462939,1,4.7
85,6.966024187106113,5,2021,1,0,0,0,0,0,0,0,0,0,6.0920787655384805,1,6.0920787655384805,1,5.8932974169941,3,5.8910888771868235,11,7.9
142,4.007333185232471,27,1999,1,0,0,1,0,0,0,0,0,0,5.427857564587422,12,5.4725802696012575,88,5.837304297111666,52,5.700857761394886,5,4.3
172,9.081256218564645,69,1957,1,0,0,0,0,0,1,1,0,0,6.483168105257534,13,6.972277075653853,22,6.24603938276924,12,5.836633315780235,4,8.0
110,4.90527477843843,10,2016,0,0,0,1,0,0,0,0,0,1,5.982987856447571,1,5.982987856447571,1,6.132054151307706,6,6.927791280160949,120,6.7
114,1.791759469228055,51,1975,0,1,0,0,1,0,0,0,0,0,5.862528186224869,3,6.186326972424918,11,6.364745229318689,18,5.895643321046164,10,4.8
84,2.772588722239781,8,2018,0,0,0,0,0,0,0,0,0,0,6.0920787655384805,1,7.100201037826927,54,7.047450176569067,83,6.927791280160949,120,7.9
118,7.687538766201629,19,2007,1,0,0,1,0,0,0,1,0,0,6.12406664776333,3,6.010260583720299,1,6.010260583720299,1,6.010260583720299,1,7.0
130,6.267200548541362,12,2014,0,1,0,1,0,0,0,0,1,0,5.70116967462939,1,5.430994192214055,13,5.995159245606849,8,5.436948473678331,12,3.6
95,1.9459101490553132,22,2004,0,0,0,1,0,0,0,0,0,0,6.070220493917176,3,5.855715129174845,1,5.855715129174845,1,5.736633315780234,4,5.3
136,6.1463292576688975,21,2005,0,0,0,1,0,0,0,0,0,0,5.70116967462939,1,5.70116967462939,1,5.470220493917177,3,5.470124626996665,13,3.6
157,6.2166061010848646,71,1955,0,0,1,1,0,0,0,1,0,0,6.536050965936664,7,6.370643321046164,10,6.463304151307705,6,6.472041258139204,11,7.2
133,8.70334075304372,29,1997,1,0,1,1,0,0,0,0,0,0,5.361036596488693,41,5.528400721966557,82,5.843474236839166,34,5.570321660523082,30,6.4
123,4.564348191467836,32,1994,1,1,0,1,0,0,0,0,0,0,5.527662618815857,23,5.644648673347989,53,5.7427388684102745,2,5.6177388684102745,2,4.2
140,5.808142489980444,30,1996,0,0,0,1,0,0,0,0,0,0,5.9317589554556385,3,5.644648673347989,53,5.992239632997927,27,6.070220493917176,3,5.4
127,6.434546518787453,34,1992,0,1,0,0,0,1,0,0,0,1,5.407883941515678,17,5.528400721966557,82,5.642738868410274,2,5.764806038265753,1,4.3
110,3.091042453358316,19,2007,1,0,1,1,0,0,0,0,0,0,5.325536100871804,14,5.393776172923092,4,5.737533310993026,1,5.877912801609484,3,4.0
179,9.57858809226753,39,1987,1,1,0,1,0,0,0,0,0,0,6.377912801609484,3,5.644648673347989,53,5.992239632997927,27,5.9531351783589805,26,7.8
179,3.4657359027997265,65,1961,1,0,0,1,1,0,0,0,0,0,5.950919030065949,4,6.029490458637378,4,6.042738868410274,2,5.9815650676630145,11,6.8
93,3.9889840465642745,9,2017,0,0,0,1,0,0,0,0,0,0,5.801072201743608,2,5.470220493917177,3,5.810260583720299,1,6.008690733914536,26,4.8
148,7.192182058713246,47,1979,0,1,1,1,0,0,0,0,0,0,5.888992142407253,7,6.128944742530841,101,5.837304297111666,52,6.235342018301012,13,6.6
162,5.087596335232384,30,1996,0,1,1,1,0,0,0,0,0,0,5.873896947356664,1,5.7141910947282195,5,5.375536100871805,14,5.615204744351664,4,5.5
138,2.8903717578961645,52,1974,1,0,1,0,0,0,0,0,0,0,5.982987856447571,1,6.249591938691465,81,5.982987856447571,1,5.469098232680173,9,6.7
165,3.332204510175204,74,1952,0,0,0,1,0,0,0,0,0,0,6.288992142407252,7,6.092738868410275,2,6.217381467829071,8,6.162528186224869,3,7.4
118,5.187385805840755,16,2010,1,0,0,0,0,0,0,0,0,0,5.7557151291748445,1,5.601072201743608,2,5.7557151291748445,1,5.7557151291748445,1,4.2
130,5.272999558563747,18,2008,0,1,0,1,1,0,0,0,0,0,5.095159245606849,8,4.91827862617752,29,5.943469829567776,11,5.342782443206489,9,3.3
120,3.044522437723423,69,1957,1,0,0,0,1,0,0,0,1,0,5.984048134495739,8,6.47834521208835,91,6.228492578940183,8,5.793297416994099,3,5.5
120,1.791759469228055,39,1987,0,0,0,0,0,0,0,0,0,0,6.270124626996664,13,6.561428974822752,13,6.288118693193251,31,6.0760722017436075,2,7.0
133,7.51425465281641,11,2015,1,1,0,0,1,0,0,0,0,0,5.080321660523082,30,5.543224754883523,25,5.4548358785325615,3,5.7193514928112075,1,3.8
126,4.709530201312334,62,1964,0,0,1,0,0,1,0,0,0,0,6.115204744351664,4,6.409201953556568,24,5.854191094728219,5,5.934405535076941,2,6.3
108,1.9459101490553132,9,2017,1,0,0,0,0,0,0,0,0,0,5.90116967462939,1,5.90116967462939,1,5.90116967462939,1,5.90116967462939,1,5.8
119,4.74493212836325,49,1977,1,0,0,0,0,0,0,0,0,0,6.532256127417016,9,5.973896947356663,1,5.973896947356663,1,5.795201703100598,29,6.6
158,5.937536205082426,29,1997,1,1,0,0,0,0,0,1,0,0,5.6136028878662305,13,6.128944742530841,101,5.565084306497744,24,4.8659609110663204,19,2.5
150,6.052089168924417,29,1997,1,1,0,0,0,0,0,0,0,0,6.335342018301013,13,6.6328884004548545,36,5.955253755513655,21,5.6937761729230925,4,7.3
96,5.313205979041787,11,2015,1,0,1,0,0,0,0,0,0,0,5.964806038265754,1,6.059405535076941,2,5.964806038265754,1,5.964806038265754,1,6.5
106,9.352881058758292,6,2020,1,0,0,0,1,1,0,0,0,0,5.5702204939171756,3,5.7010722017436075,2,5.911203495838068,9,6.009405535076941,2,4.8
134,9.039789270781144,11,2015,1,1,0,1,0,0,0,0,0,0,6.034405535076941,2,5.805643321046165,10,5.973896947356663,1,6.026072201743607,2,6.6
120,8.904222737368716,10,2016,0,1,0,0,0,0,0,0,0,1,6.034405535076941,2,5.805643321046165,10,5.982987856447571,1,5.982987856447571,1,6.7
197,9.323043861889268,11,2015,1,1,0,1,0,0,0,0,0,0,5.90116967462939,1,5.947143570840253,3,5.95940553507694,2,5.90116967462939,1,5.8
111,1.9459101490553132,9,2017,1,0,0,1,0,0,0,0,0,0,5.60116967462939,1,5.470220493917177,3,5.593297416994099,3,5.262528186224869,3,2.5
156,8.196987927258897,9,2017,0,0,1,1,0,0,0,0,0,0,5.578820279170578,13,5.644648673347989,53,5.35958037770137,7,5.827524428061553,5,5.5
132,6.551080335043404,7,2019,1,1,0,0,0,0,0,0,0,0,5.9510722017436075,2,6.155715129174845,1,6.155715129174845,1,5.794191094728219,5,8.6
114,2.6390573296152584,8,2018,1,0,0,0,0,0,0,0,0,0,6.028442401902117,1,6.028442401902117,1,6.028442401902117,1,6.028442401902117,1,7.2
155,3.4011973816621555,23,2003,1,0,0,0,0,0,0,0,0,0,5.707524428061553,5,5.601072201743608,2,5.728442401902117,1,6.062528186224868,3,3.9
135,3.8918202981106265,40,1986,0,1,0,1,1,0,0,0,0,0,5.619152075653853,22,5.49015086425912,9,5.619554151307706,6,5.911468511692314,26,6.0
133,3.828641396489095,43,1983,1,0,1,0,0,0,0,0,0,0,5.527662618815857,23,5.695643321046164,10,5.576869498317517,37,6.121888086461546,18,6.5
95,4.5217885770490405,63,1963,1,1,0,0,1,0,0,0,0,0,6.050919030065949,4,6.229837873202802,34,6.622579622803425,26,6.285110246958587,16,6.6
135,7.035268599281097,25,2001,1,0,1,0,0,0,0,0,0,0,5.388036100871804,14,4.900514656836932,15,5.778254311886048,17,5.9531351783589805,26,5.0
95,3.258096538021482,34,1992,1,0,0,0,0,0,0,0,0,0,5.928442401902117,1,5.928442401902117,1,5.850536100871803,14,6.0760722017436075,2,6.1
106,8.258940462988459,15,2011,1,0,1,1,0,0,0,0,0,0,5.95940553507694,2,6.162528186224869,3,6.00116967462939,1,6.00116967462939,1,6.9
163,9.568923494184217,22,2004,0,0,1,1,0,0,0,0,0,0,5.361036596488693,41,5.346112564277431,51,5.711656055020984,34,5.558869434205136,14,6.7
132,5.963579343618446,18,2008,1,0,0,0,1,0,0,0,1,0,5.840857761394886,5,6.00116967462939,1,5.62234760149452,4,6.008690733914536,26,6.9
142,3.332204510175204,38,1988,1,0,0,0,0,0,0,0,0,0,6.10627035671796,8,6.043776172923093,4,6.010260583720299,1,6.017738868410274,2,7.0
150,4.204692619390966,49,1977,1,0,1,0,1,0,0,0,0,0,6.034405535076941,2,6.249591938691465,81,6.453319600615392,24,6.067738868410274,2,7.2
140,9.557964480394498,8,2018,1,0,0,0,0,0,0,0,0,0,5.790643321046164,10,6.206639201230781,7,6.244152075653853,22,5.829490458637379,4,6.9
156,3.258096538021482,38,1988,1,0,0,0,0,0,0,0,0,0,5.977912801609484,3,5.4725802696012575,88,6.244872614659345,46,6.084549116340087,28,4.8
73,2.5649493574615367,10,2016,1,0,0,0,0,0,0,0,1,0,5.992078765538481,1,5.992078765538481,1,5.992078765538481,1,5.992078765538481,1,6.8
100,5.262690188904886,12,2014,1,0,0,0,0,0,0,0,1,0,5.526072201743607,2,5.559405535076941,2,5.619351492811209,1,5.619351492811209,1,2.7
135,3.784189633918261,11,2015,1,0,0,0,0,0,0,0,0,0,5.519351492811208,1,5.62234760149452,4,5.740857761394887,5,5.190643321046164,10,1.6
100,3.332204510175204,10,2016,0,0,0,0,0,0,1,0,0,0,5.810260583720299,1,5.810260583720299,1,5.7427388684102745,2,5.810260583720299,1,4.8
130,4.709530201312334,18,2008,1,0,0,0,0,0,0,0,0,0,6.026072201743607,2,5.910260583720299,1,5.910260583720299,1,5.910260583720299,1,5.9
120,5.8289456176102075,12,2014,0,0,1,1,0,0,0,0,0,0,5.89207876553848,1,5.89207876553848,1,5.7427388684102745,2,5.89207876553848,1,5.7
125,5.594711379601839,23,2003,0,0,1,1,0,0,0,0,0,0,5.707524428061553,5,5.871345083583723,7,5.876072201743607,2,5.9848877063643835,9,5.2
134,8.705331133531631,18,2008,1,0,0,0,0,0,0,0,0,0,6.394191094728218,5,6.314898400996348,11,6.061825912273516,8,6.0796245484696465,9,7.7
136,4.74493212836325,13,2013,0,1,0,0,1,1,0,0,0,0,5.92406664776333,3,5.670220493917176,3,5.577912801609484,3,5.819351492811208,1,4.9
135,8.895081531754167,5,2021,0,1,0,0,1,0,0,0,0,0,5.743469829567776,11,6.131652075653853,22,5.861825912273516,8,5.017381467829072,8,6.1
146,6.3080984415095305,23,2003,1,1,0,1,0,0,0,0,0,0,5.420857761394886,5,5.427417939266281,16,5.77419109472822,5,5.350714801162405,8,3.3
146,4.23410650459726,21,2005,0,0,0,1,0,0,0,0,0,0,6.108061887208806,4,6.514947961485934,31,5.340428880697443,20,6.008690733914536,26,6.6
77,5.0369526024136295,14,2012,1,0,0,0,0,0,0,0,0,0,5.955715129174845,1,5.955715129174845,1,5.955715129174845,1,5.458571916890699,9,6.4
90,3.2188758248682006,15,2011,0,0,0,1,1,1,0,0,0,0,5.846624220083935,1,5.846624220083935,1,5.846624220083935,1,5.846624220083935,1,5.2
121,3.713572066704308,15,2011,1,0,0,1,0,0,0,0,0,0,5.784405535076941,2,5.934405535076941,2,5.819351492811208,1,5.668316657890117,18,4.9
163,4.553876891600541,71,1955,0,0,1,1,0,0,0,1,0,0,6.267381467829072,8,6.603274868014205,55,6.228492578940183,8,6.067738868410274,2,7.4
124,2.0794415416798357,54,1972,1,0,0,0,0,0,0,0,0,0,5.869554151307705,6,5.838304151307705,6,5.753698024760193,7,6.044554151307706,6,5.3
156,11.236038251146072,23,2003,1,0,0,1,0,0,0,0,0,0,6.627524428061552,5,5.356708208998889,59,5.943469829567776,11,6.317738868410274,2,8.1
128,2.6390573296152584,12,2014,0,0,0,1,0,0,0,0,0,0,5.664806038265754,1,5.664806038265754,1,5.842738868410275,2,5.526072201743607,2,3.2
140,8.014004994779459,9,2017,1,1,0,0,0,0,0,0,0,0,5.486633315780234,4,4.988304151307705,6,5.6738969473566625,1,5.965204744351664,4,3.3
136,3.2188758248682006,27,1999,1,1,0,0,1,0,0,0,0,0,5.412902075653853,22,5.921342085059831,89,5.462528186224868,3,5.377912801609484,3,4.0
127,3.044522437723423,47,1979,1,1,0,0,0,0,0,0,0,1,5.465643321046164,10,6.229837873202802,34,5.819266660024954,27,5.964806038265754,1,6.5
162,5.147494476813453,33,1993,1,1,0,0,1,0,0,0,0,0,5.527662618815857,23,4.990967175706513,55,5.185672541791862,24,5.400714801162405,8,4.2
189,3.6109179126442243,48,1978,1,0,0,0,0,0,1,0,0,0,6.355130291860149,12,6.249591938691465,81,5.837304297111666,52,6.10091903006595,4,5.5
171,3.8918202981106265,39,1987,1,1,0,1,0,0,0,0,0,0,6.069725631573973,16,5.971369434205137,14,5.9937622140307765,20,5.744496071203626,24,4.8
189,7.878155336503324,48,1978,1,0,1,0,0,0,0,0,0,0,6.069725631573973,16,6.128944742530841,101,5.858479561965267,21,6.486326972424918,11,7.5
130,8.23323750070527,22,2004,1,0,1,0,0,1,0,0,0,0,6.090643321046164,10,5.114191094728219,5,5.363304151307705,6,5.787524428061553,5,5.4
127,8.804325112562537,15,2011,1,1,0,0,1,0,0,0,0,0,6.032403019132877,12,5.543224754883523,25,5.2508041513077055,6,5.884405535076941,2,6.2
124,7.793174347189205,13,2013,1,0,0,0,0,1,0,0,1,0,5.819351492811208,1,5.930643321046165,10,5.809405535076941,2,5.819351492811208,1,4.9
149,4.61512051684126,69,1957,1,0,0,0,0,0,0,0,0,0,6.951462009788914,33,6.0466242200839355,1,6.35091903006595,4,6.288304151307706,6,7.4
151,7.457609289715606,22,2004,1,1,0,0,1,0,0,0,0,0,5.743469829567776,11,5.644648673347989,53,5.786633315780235,4,5.190643321046164,10,5.5
130,5.8664680569332965,7,2019,0,0,0,0,0,0,0,0,0,0,4.923312110041968,12,5.810260583720299,1,5.4317589554556385,3,5.759405535076941,2,4.8
101,6.395261598115449,7,2019,1,0,1,0,0,0,0,0,0,0,5.967738868410275,2,5.908682032378715,3,5.606639201230782,7,5.822347601494521,4,6.3
74,2.1972245773362196,6,2020,1,0,0,0,0,0,0,0,0,0,6.284405535076941,2,6.284405535076941,2,7.047450176569067,83,6.927791280160949,120,7.5
127,5.267858159063328,22,2004,0,0,1,0,0,0,0,0,1,0,5.773896947356662,1,5.773896947356662,1,5.773896947356662,1,5.773896947356662,1,4.4
135,5.6937321388027,34,1992,1,0,0,1,0,0,0,0,0,0,6.1977658056647,29,5.901072201743607,2,6.2820541513077055,6,6.3536980247601935,7,7.0
132,3.4657359027997265,9,2017,0,0,1,0,0,0,0,0,0,0,5.89207876553848,1,5.89207876553848,1,5.89207876553848,1,6.114191094728219,5,5.7
163,5.752572638825633,33,1993,1,1,0,0,0,0,0,0,0,0,6.093297416994099,3,6.135342018301013,13,6.240857761394887,5,5.92406664776333,3,7.1
132,7.928045600874777,31,1995,1,1,0,1,0,0,0,0,0,0,5.92234760149452,4,6.032731365321274,24,6.240857761394887,5,6.064806038265754,1,7.6
134,3.367295829986474,9,2017,1,0,0,0,0,0,0,0,0,0,5.873896947356664,1,5.692738868410274,2,5.83440553507694,2,5.873896947356664,1,5.5
136,4.418840607796598,11,2015,0,0,0,0,0,0,0,0,0,0,5.982987856447571,1,5.982987856447571,1,5.982987856447571,1,5.982987856447571,1,6.7
90,3.332204510175204,16,2010,1,0,0,0,0,0,0,0,0,0,6.037533310993027,1,7.100201037826927,54,7.047450176569067,83,6.927791280160949,120,7.3
95,5.556828061699537,8,2018,0,0,0,0,0,1,0,0,0,0,5.873896947356664,1,5.873896947356664,1,5.873896947356664,1,5.873896947356664,1,5.5
120,7.079184394609668,21,2005,1,0,0,0,0,0,0,0,0,0,6.057054151307705,6,6.154835878532561,3,5.843474236839166,34,6.028442401902117,1,7.2
106,6.511745329644728,6,2020,0,0,0,0,0,1,0,0,1,0,5.937533310993026,1,6.15091903006595,4,5.937533310993026,1,6.08440553507694,2,6.2
119,3.2188758248682006,13,2013,1,0,1,1,0,0,0,0,0,0,6.0466242200839355,1,6.0466242200839355,1,6.0466242200839355,1,6.0466242200839355,1,7.4
80,4.1588830833596715,5,2021,1,0,0,0,0,0,0,0,0,0,6.0466242200839355,1,5.809405535076941,2,6.0466242200839355,1,6.927791280160949,120,7.4
96,5.971261839790462,42,1984,0,1,0,1,0,0,0,0,0,1,6.026072201743607,2,6.055715129174845,1,6.055715129174845,1,6.055715129174845,1,7.5
95,6.42648845745769,20,2006,1,0,1,1,0,0,0,0,0,0,5.676072201743608,2,5.80116967462939,1,5.608682032378715,3,5.359777075653853,22,4.7
104,2.6390573296152584,10,2016,1,0,0,0,0,0,0,0,0,0,5.7580618872088065,4,5.937533310993026,1,5.937533310993026,1,5.937533310993026,1,6.2
190,5.056245805348308,19,2007,0,0,0,0,0,0,0,0,0,0,4.923312110041968,12,5.792078765538481,1,5.70940553507694,2,5.792078765538481,1,4.6
117,4.0943445622221,18,2008,0,0,0,0,0,0,1,0,0,0,4.923312110041968,12,5.773896947356662,1,5.500989724686407,3,5.501072201743607,2,4.4
100,5.855071922202427,15,2011,1,0,0,1,1,0,0,0,0,0,5.855715129174845,1,5.747524428061553,5,5.9437761729230925,4,5.934405535076941,2,5.3
87,3.295836866004329,9,2017,0,0,1,0,0,0,0,0,0,0,5.955715129174845,1,5.955715129174845,1,5.955715129174845,1,5.955715129174845,1,6.4
122,2.1972245773362196,16,2010,1,0,0,0,0,0,0,0,0,0,5.655715129174845,1,5.476072201743608,2,5.237519285311752,9,5.655715129174845,1,3.1
143,3.1780538303479458,56,1970,0,0,1,0,0,0,0,0,0,0,6.00116967462939,1,6.249591938691465,81,6.724115867164841,32,6.261825912273516,8,6.9
165,11.523024299647643,16,2010,1,0,0,0,0,0,0,0,0,0,6.127524428061552,5,6.437236226541811,36,6.129702767538471,14,6.10116967462939,1,8.0
103,6.792344427470809,21,2005,1,0,0,0,0,1,0,0,1,0,5.928442401902117,1,5.644648673347989,53,6.247143570840253,3,5.736633315780234,4,6.1
120,2.6390573296152584,14,2012,1,0,0,0,0,0,0,0,0,0,5.964806038265754,1,5.964806038265754,1,6.054835878532561,3,5.964806038265754,1,6.5
134,2.6390573296152584,8,2018,1,0,1,0,0,0,0,0,0,0,5.89207876553848,1,5.89207876553848,1,5.89207876553848,1,5.89207876553848,1,5.7
115,9.427224373119248,11,2015,1,1,0,0,1,0,0,0,0,0,6.247143570840253,3,6.1294904586373775,4,6.028442401902117,1,5.784405535076941,2,7.2
132,2.302585092994046,15,2011,0,0,1,0,0,0,0,0,0,0,5.784405535076941,2,5.747143570840253,3,5.864806038265754,1,5.864806038265754,1,5.4
158,7.921898411023797,24,2002,1,0,0,1,0,0,0,1,0,0,5.609405535076941,2,5.644496071203626,24,5.901072201743607,2,5.515204744351664,4,5.0
150,6.364750756851911,22,2004,1,0,1,0,0,0,0,1,0,0,5.670066660951704,33,5.427417939266281,16,5.470220493917177,3,5.470124626996665,13,4.2
182,3.044522437723423,34,1992,0,1,0,0,0,0,0,0,0,0,5.634405535076941,2,5.746624220083936,1,5.383762214030777,20,5.788613718262449,24,4.1
132,2.70805020110221,50,1976,0,0,1,0,0,0,0,0,0,0,6.001072201743607,2,6.249591938691465,81,6.244872614659345,46,6.261825912273516,8,5.8
136,2.70805020110221,54,1972,1,0,0,0,0,0,0,0,0,1,6.363439497071233,17,6.042738868410274,2,6.1366333157802355,4,5.8829878564475715,1,5.6
136,2.8903717578961645,35,1991,0,0,0,0,0,0,0,0,0,0,5.4317589554556385,3,5.428492578940183,8,5.773896947356662,1,5.847143570840253,3,4.4
157,6.336825731146441,31,1995,1,1,0,0,0,0,0,0,0,0,5.785976865733128,39,6.137978611715534,43,5.338956400804742,16,5.763036100871804,14,5.5
129,3.091042453358316,47,1979,1,0,0,0,0,0,1,0,0,0,6.042738868410274,2,5.4725802696012575,88,6.1657768009097085,13,6.285110246958587,16,6.0
177,6.892641641172089,40,1986,1,0,0,0,1,1,0,0,0,0,5.785976865733128,39,6.285643321046164,10,5.977912801609484,3,5.500514656836932,15,7.5
125,4.406719247264253,21,2005,0,0,0,0,0,1,0,0,1,0,5.692738868410274,2,5.809405535076941,2,5.539451263147945,3,5.884405535076941,2,5.9
137,8.266935347610456,10,2016,0,1,0,0,0,1,0,0,0,0,6.115204744351664,4,5.654835878532561,3,5.947143570840253,3,6.044554151307706,6,5.9
129,3.5553480614894135,39,1987,0,1,0,0,0,1,0,0,0,0,5.540857761394887,5,6.249591938691465,81,5.231796183454951,25,5.54664870849705,16,4.3
147,8.686935966003333,9,2017,0,1,0,0,0,1,0,0,0,0,6.050919030065949,4,6.206639201230781,7,5.711656055020984,34,5.933946020043966,11,6.3
129,2.4849066497880004,35,1991,1,0,0,0,1,0,0,0,0,0,5.692738868410274,2,5.782987856447572,1,5.782987856447572,1,5.359777075653853,22,4.5
127,1.791759469228055,49,1977,0,1,0,0,0,0,0,0,0,0,6.310788497273217,19,5.90116967462939,1,6.205643321046165,10,6.084549116340087,28,5.8
128,4.852030263919617,32,1994,1,1,0,0,1,0,0,0,0,0,5.785976865733128,39,5.784405535076941,2,5.576869498317517,37,6.029490458637378,4,4.5
131,3.332204510175204,37,1989,0,0,0,0,0,0,0,0,0,0,5.676072201743608,2,5.976072201743608,2,5.892738868410274,2,5.342782443206489,9,4.8
156,2.6390573296152584,55,1971,1,0,0,0,0,0,0,0,0,0,5.862528186224869,3,6.404907235692317,13,6.007524428061553,5,6.285110246958587,16,6.7
126,2.1972245773362196,58,1968,0,0,0,0,0,0,0,0,0,0,6.085605109301792,3,5.89396343293301,21,6.019351492811208,1,6.109405535076941,2,7.1
143,6.761572768804055,44,1982,1,0,1,0,0,0,0,0,0,0,5.939451263147945,3,6.320857761394886,5,6.0471435708402534,3,6.0920787655384805,1,7.9
126,3.8501476017100584,78,1948,1,0,0,0,0,0,0,0,0,0,6.117381467829072,8,6.759304267203161,29,6.247524428061553,5,6.271345083583723,7,6.8
73,4.465908118654584,10,2016,0,0,0,0,0,0,0,0,0,0,6.028442401902117,1,6.028442401902117,1,7.047450176569067,83,6.927791280160949,120,7.2
150,3.1780538303479458,26,2000,1,0,0,0,0,0,0,0,0,0,5.8829878564475715,1,5.8829878564475715,1,5.8829878564475715,1,5.8829878564475715,1,5.6
139,4.127134385045092,72,1954,1,0,1,0,0,0,0,1,0,0,6.12406664776333,3,6.183869434205136,14,6.416514656836931,15,6.148514656836932,15,6.7
180,6.093569770045136,50,1976,0,1,0,0,0,1,0,0,0,0,5.465643321046164,10,6.229837873202802,34,6.1419333188778396,7,6.061173800747261,18,6.3
137,6.78105762593618,40,1986,0,0,1,0,0,0,0,0,0,0,5.700415045836235,21,5.916466653732805,9,6.244152075653853,22,5.9531351783589805,26,6.5
158,3.044522437723423,59,1967,1,0,0,0,0,0,1,0,0,0,6.169554151307706,6,6.47834521208835,91,6.34709554736411,20,6.1937761729230925,4,6.3
128,8.226305988015508,5,2021,1,0,0,0,0,0,0,0,0,0,6.151072201743607,2,5.563439497071233,17,5.9675244280615525,5,6.0466242200839355,1,7.4
134,3.367295829986474,53,1973,1,0,1,0,0,0,0,0,0,0,6.08440553507694,2,6.249591938691465,81,6.1718880864615455,18,6.400643321046165,10,6.3
104,6.651571873589727,21,2005,1,0,0,0,0,0,0,0,1,0,5.764806038265753,1,5.965462730642546,7,5.734405535076941,2,5.764806038265753,1,4.3
116,2.772588722239781,47,1979,1,0,0,0,0,0,1,0,0,0,6.126072201743607,2,5.992078765538481,1,6.028492578940183,8,6.077912801609484,3,6.8
121,3.4339872044851463,83,1943,1,0,0,0,0,0,0,0,0,0,6.483168105257534,13,6.47834521208835,91,6.055715129174845,1,6.1177388684102745,2,7.5
117,3.4339872044851463,45,1981,1,0,1,0,0,0,1,0,0,0,5.809405535076941,2,5.955715129174845,1,5.9510722017436075,2,5.955715129174845,1,6.4
134,2.0794415416798357,64,1962,1,0,1,0,0,0,0,0,0,0,5.985605109301791,3,6.47834521208835,91,6.500584837314696,12,5.920857761394886,5,5.9
128,6.980075940561763,20,2006,0,1,0,0,0,0,0,0,0,1,5.6738969473566625,1,5.219562361627795,52,5.529184115282062,11,5.6738969473566625,1,3.3
122,4.04305126783455,16,2010,1,0,0,0,1,0,0,0,1,0,5.828442401902118,1,5.717738868410275,2,5.7427388684102745,2,5.916374340071022,3,5.0
101,2.5649493574615367,17,2009,1,1,0,0,0,0,0,0,0,0,5.928442401902117,1,5.928442401902117,1,5.928442401902117,1,5.928442401902117,1,6.1
148,3.9512437185814275,30,1996,1,1,0,0,0,0,1,0,0,0,5.667381467829071,8,5.356708208998889,59,5.532256127417016,9,5.746624220083936,1,4.1
171,7.791935956938058,44,1982,1,1,0,1,0,0,0,0,0,0,6.069725631573973,16,6.229184115282061,11,6.594801845025647,26,6.367143200774937,17,7.3
146,7.355641102974253,53,1973,1,0,0,0,0,0,0,0,0,0,6.951462009788914,33,6.491721282179798,73,6.342024067247869,26,6.232054151307706,6,7.3
141,7.8804263442924,8,2018,1,0,1,1,0,0,0,0,0,0,5.757054151307706,6,5.634405535076941,2,5.35958037770137,7,5.573896947356663,1,2.2
128,9.949559740638511,19,2007,1,0,1,1,0,0,0,0,0,0,5.757054151307706,6,5.528400721966557,82,5.811173800747261,18,5.61709554736411,20,7.1
84,4.553876891600541,8,2018,0,0,0,0,0,0,0,0,0,1,6.092738868410275,2,6.0466242200839355,1,6.0466242200839355,1,6.20940553507694,2,7.4
112,6.042632833682381,44,1982,1,0,0,0,0,0,1,0,0,0,6.944920978552715,17,6.471632800332116,53,6.724115867164841,32,6.277857564587422,12,7.6
152,6.056784013228625,16,2010,0,1,1,0,1,0,0,0,0,0,5.864806038265754,1,5.9675244280615525,5,5.686633315780235,4,5.793776172923093,4,5.4
146,5.84354441703136,12,2014,1,0,0,0,0,0,0,0,0,0,6.119351492811208,1,6.20940553507694,2,6.119351492811208,1,6.37234760149452,4,8.2
82,2.3978952727983707,28,1998,1,0,0,0,0,0,0,0,0,0,5.922347601494521,4,5.9193514928112085,1,7.047450176569067,83,6.927791280160949,120,6.0
108,6.023447592961033,19,2007,1,0,0,1,0,0,1,0,0,0,5.582054151307705,6,5.9193514928112085,1,5.581565067663014,11,5.9193514928112085,1,6.0
133,3.2188758248682006,57,1969,1,1,0,0,1,0,0,0,0,0,6.291088877186824,11,5.926072201743608,2,6.090643321046164,10,6.162528186224869,3,6.2
133,6.86171134048073,8,2018,1,0,0,1,0,0,0,0,0,0,5.8677388684102745,2,6.362517448615395,11,6.034405535076941,2,5.920857761394886,5,5.9
115,7.2254814727822945,19,2007,1,0,1,0,1,0,0,0,0,0,5.825459515032975,18,5.825459515032975,18,5.581565067663014,11,5.835342018301013,13,5.4
130,2.833213344056216,71,1955,0,0,1,0,0,0,0,0,0,0,6.4101364962344425,11,6.6843833277482565,34,6.722298540040144,13,6.235342018301012,13,8.6
122,6.8885724595653635,45,1981,1,0,0,1,0,0,0,0,0,0,6.951462009788914,33,6.561428974822752,13,6.009405535076941,2,6.305643321046165,10,7.4
110,3.332204510175204,9,2017,0,1,0,0,0,0,0,0,0,0,5.992078765538481,1,5.992078765538481,1,5.992078765538481,1,5.992078765538481,1,6.8
125,3.091042453358316,63,1963,1,0,0,0,0,0,0,0,0,0,6.236050965936664,7,6.229837873202802,34,6.378254311886048,17,6.15775554385349,11,7.0
150,2.4849066497880004,86,1940,1,0,0,0,0,0,0,0,0,0,6.154835878532561,3,5.964806038265754,1,6.126072201743607,2,5.964806038265754,1,6.5
140,2.6390573296152584,48,1978,1,0,0,1,0,0,0,0,0,0,6.167381467829071,8,5.964806038265754,1,5.964806038265754,1,5.964806038265754,1,6.5
197,7.360739903058278,45,1981,0,1,1,0,0,0,0,1,0,0,6.310788497273217,19,6.128944742530841,101,5.819266660024954,27,5.61709554736411,20,7.1
138,5.811140992976701,29,1997,1,0,1,1,0,0,0,0,0,0,5.816374340071023,3,4.990967175706513,55,5.827524428061553,5,5.893776172923092,4,5.3
140,5.10594547390058,40,1986,1,0,0,1,0,0,0,0,0,0,5.527662618815857,23,5.939515471802202,46,5.532256127417016,9,5.765204744351664,4,5.6
132,2.302585092994046,34,1992,1,0,0,0,0,0,0,0,0,0,5.787515931344491,13,5.393776172923092,4,6.471382787771719,21,5.400714801162405,8,3.8
122,7.102499355774649,13,2013,1,0,0,0,0,1,0,0,0,0,5.626072201743607,2,5.664806038265754,1,5.664806038265754,1,5.664806038265754,1,3.2
139,3.4965075614664802,40,1986,1,1,0,0,0,0,0,0,0,0,5.9437761729230925,4,6.491721282179798,73,6.288118693193251,31,5.9695541513077055,6,5.1
148,3.4965075614664802,72,1954,1,0,0,1,1,0,0,0,0,0,6.167381467829071,8,5.9437761729230925,4,6.090643321046164,10,6.40627035671796,8,6.2
120,2.0794415416798357,57,1969,1,1,0,0,0,0,0,0,0,0,5.819351492811208,1,5.754191094728219,5,5.819351492811208,1,5.976072201743608,2,4.9
137,3.258096538021482,11,2015,0,1,0,0,0,0,0,0,0,0,5.937533310993026,1,5.937533310993026,1,5.937533310993026,1,5.937533310993026,1,6.2
170,4.955827057601261,69,1957,0,0,1,1,0,1,0,0,0,0,6.629184115282062,11,6.603274868014205,55,6.067738868410274,2,6.446369434205137,14,6.8
108,5.673323267171493,15,2011,1,0,0,1,0,0,0,0,0,0,5.607524428061553,5,4.990967175706513,55,5.58440553507694,2,5.565784695424972,51,2.5
128,5.849324779946859,64,1962,0,0,0,1,0,0,0,0,0,0,6.466201509566438,34,6.409201953556568,24,5.95940553507694,2,6.047815671819016,7,5.4
130,2.6390573296152584,75,1951,1,0,0,0,0,0,0,0,0,0,6.150804151307705,6,5.9437761729230925,4,5.9510722017436075,2,5.8829878564475715,1,5.6
104,3.4339872044851463,27,1999,1,0,0,0,0,0,0,0,0,0,6.479624548469647,9,5.973896947356663,1,5.973896947356663,1,5.973896947356663,1,6.6
142,4.6443908991413725,71,1955,1,0,0,0,0,0,1,0,0,0,6.709675746405605,12,6.409201953556568,24,6.142738868410274,2,6.418766655496513,12,7.4
126,5.0238805208462765,47,1979,1,0,0,1,0,0,0,0,0,0,6.017738868410274,2,5.955715129174845,1,6.453319600615392,24,6.1937761729230925,4,6.4
120,2.1972245773362196,73,1953,1,0,0,0,0,0,0,0,0,0,6.0652047443516635,4,5.937533310993026,1,5.937533310993026,1,5.892738868410274,2,6.2
137,2.9444389791664403,69,1957,1,1,0,0,0,0,0,0,0,1,6.312521554171958,7,6.1937761729230925,4,6.390643321046165,10,6.228492578940183,8,6.5
119,8.342601680684194,13,2013,1,0,1,1,0,0,0,0,0,0,5.936633315780235,4,6.57970276753847,14,5.90116967462939,1,5.90116967462939,1,5.8
99,3.6635616461296463,21,2005,1,0,0,0,0,0,0,0,0,0,6.3008577613948855,5,6.151072201743607,2,6.019351492811208,1,5.984405535076941,2,7.1
157,4.941642422609304,67,1959,1,0,1,0,0,0,0,1,0,0,6.380514656836932,15,5.964806038265754,1,6.000919030065949,4,6.070220493917176,3,6.5
112,6.777646593635117,8,2018,0,0,1,1,0,0,0,0,0,0,5.773896947356662,1,5.773896947356662,1,5.773896947356662,1,5.854835878532561,3,4.4
142,2.5649493574615367,70,1956,0,0,1,0,0,0,0,0,0,0,6.024286260054311,7,6.409201953556568,24,6.307340221411149,19,6.093297416994099,3,5.8
173,7.005789019253503,69,1957,1,0,1,0,0,0,0,1,0,0,6.568514656836932,15,6.759304267203161,29,6.358187170035511,16,6.235342018301012,13,8.0
124,3.9889840465642745,48,1978,1,1,0,0,1,0,0,0,0,0,5.785976865733128,39,5.939515471802202,46,5.873896947356664,1,5.900378424144803,24,5.5
132,4.997212273764115,52,1974,1,0,0,0,0,0,1,0,0,0,6.421369434205137,14,6.471632800332116,53,6.6445146568369315,15,6.0080618872088065,4,7.0
118,2.6390573296152584,36,1990,1,0,0,0,0,0,0,0,0,0,5.787524428061553,5,5.638304151307706,6,6.10055940960536,13,5.400536100871804,14,4.4
151,4.59511985013459,55,1971,1,0,1,0,0,0,0,0,0,0,6.212514656836931,15,5.921342085059831,89,6.244872614659345,46,5.955643321046165,10,6.9
187,9.611797458686809,25,2001,1,1,0,0,0,1,0,0,0,0,6.200989724686408,3,5.644648673347989,53,5.966027075653853,22,5.9531351783589805,26,7.8
136,5.926926025970411,23,2003,0,0,0,1,0,0,0,0,0,0,5.5471435708402534,3,5.864806038265754,1,5.734405535076941,2,5.864806038265754,1,5.4
124,4.48863636973214,36,1990,1,0,0,0,0,0,0,0,0,0,6.479624548469647,9,5.985605109301791,3,5.934405535076941,2,5.967738868410275,2,6.3
138,4.844187086458591,21,2005,0,0,0,0,0,1,0,0,0,0,5.728442401902117,1,5.285605109301792,3,5.363304151307705,6,5.816374340071023,3,3.9
96,6.182084906716632,31,1995,1,1,0,0,1,0,0,0,0,0,5.006270356717961,8,5.528400721966557,82,5.809405535076941,2,5.759405535076941,2,4.7
130,3.9318256327243257,65,1961,1,0,1,1,0,0,0,0,0,0,6.169554151307706,6,6.618278626177521,29,6.358187170035511,16,6.338304151307705,6,6.9
122,7.29776828253138,21,2005,0,0,1,1,0,0,0,1,0,0,5.609405535076941,2,5.634405535076941,2,5.477912801609484,3,5.105940337943331,9,3.2
122,5.209486152841421,80,1946,1,0,0,0,0,0,0,0,0,0,6.5142212009510585,12,5.992078765538481,1,5.992078765538481,1,6.008682032378715,3,6.8
116,4.330733340286331,79,1947,1,0,1,0,0,0,0,1,0,0,6.4275244280615516,5,6.167738868410274,2,6.772514656836932,15,6.109405535076941,2,7.7
160,5.631211781821365,58,1968,1,0,0,0,0,0,0,1,0,0,6.009405535076941,2,6.229184115282061,11,6.390643321046165,10,6.162528186224869,3,6.8
140,2.5649493574615367,69,1957,1,0,0,0,0,0,0,0,0,0,5.647524428061553,5,6.072347601494521,4,5.928442401902117,1,6.026072201743607,2,6.1
154,2.772588722239781,23,2003,1,0,0,0,0,0,0,0,0,0,5.909405535076941,2,6.0466242200839355,1,6.0466242200839355,1,6.0466242200839355,1,7.4
134,3.367295829986474,60,1966,0,0,1,0,0,0,0,1,0,0,5.964806038265754,1,6.249591938691465,81,6.378254311886048,17,6.418766655496513,12,6.5
122,9.974458466406707,10,2016,1,0,0,0,0,1,0,0,0,0,6.064806038265754,1,5.854191094728219,5,6.288118693193251,31,6.064806038265754,1,7.6
147,3.1780538303479458,46,1980,1,0,0,0,0,0,1,0,0,0,6.1309941922140565,13,6.249591938691465,81,5.704030943604403,18,6.121888086461546,18,5.5
125,6.194405391104672,19,2007,0,1,0,1,1,0,0,0,0,0,4.987524428061552,5,5.356708208998889,59,5.081565067663014,11,5.875643321046164,10,3.8
165,2.5649493574615367,36,1990,0,0,0,0,0,0,0,0,0,0,5.864806038265754,1,5.638304151307706,6,6.082054151307705,6,5.565784695424972,51,5.4
125,3.7612001156935624,12,2014,0,0,0,0,0,0,0,0,0,0,5.593762214030777,20,5.664806038265754,1,5.664806038265754,1,5.664806038265754,1,3.2
150,3.258096538021482,60,1966,1,0,0,0,0,0,0,0,0,0,6.286633315780235,4,6.450714801162405,8,5.976072201743608,2,6.40627035671796,8,7.7
176,4.143134726391533,70,1956,1,0,0,1,0,0,0,1,0,0,6.405130291860149,12,6.409201953556568,24,6.358187170035511,16,6.0466242200839355,1,7.4
123,5.159055299214529,40,1986,1,0,0,0,0,0,0,0,1,0,5.9510722017436075,2,6.249591938691465,81,6.724115867164841,32,6.008690733914536,26,7.7
153,9.264260213965613,17,2009,1,0,0,0,1,1,0,0,0,0,5.994554151307705,6,6.131652075653853,22,5.811173800747261,18,5.907524428061553,5,6.8
106,9.783295367207723,9,2017,1,0,0,1,0,0,0,0,0,0,6.159405535076941,2,6.495850781948728,11,6.036633315780235,4,6.08440553507694,2,7.7
95,3.58351893845611,11,2015,0,0,0,0,0,0,0,0,0,0,5.619351492811209,1,5.619351492811209,1,5.619351492811209,1,5.619351492811209,1,2.7
146,2.772588722239781,26,2000,1,0,1,0,0,0,0,0,0,0,5.871888086461546,18,5.928442401902117,1,6.0760722017436075,2,5.928442401902117,1,6.1
140,5.69035945432406,37,1989,1,0,0,0,0,0,1,0,0,0,5.700415045836235,21,5.219562361627795,52,5.992239632997927,27,5.565784695424972,51,5.2
108,5.389071729816501,9,2017,1,0,1,0,0,0,0,0,0,0,6.057054151307705,6,5.764806038265753,1,5.764806038265753,1,5.764806038265753,1,4.3
137,1.791759469228055,68,1958,1,0,0,0,1,0,0,0,0,0,6.158061887208807,4,6.47834521208835,91,6.247524428061553,5,6.254191094728219,5,6.2
100,8.711113884053544,11,2015,1,0,0,0,0,0,1,0,0,0,6.285605109301792,3,5.6366333157802355,4,6.184405535076941,2,6.1284424019021175,1,8.3
146,6.492239835020471,30,1996,1,0,1,1,0,0,0,0,0,0,5.939451263147945,3,6.055715129174845,1,5.9608577613948865,5,5.884514656836932,15,7.5
82,2.1972245773362196,19,2007,1,0,0,0,0,0,0,0,0,0,6.055715129174845,1,7.100201037826927,54,7.047450176569067,83,6.927791280160949,120,7.5
135,2.5649493574615367,30,1996,0,1,0,0,0,1,0,0,0,0,5.785605109301792,3,5.49015086425912,9,5.819351492811208,1,5.739451263147946,3,4.9
130,1.9459101490553132,53,1973,1,0,0,0,0,1,0,0,0,0,5.8152047443516635,4,5.826992969522278,9,5.753698024760193,7,6.100536100871803,14,4.0
110,4.9344739331306915,8,2018,1,0,0,0,0,1,0,0,1,0,5.728442401902117,1,5.728442401902117,1,5.363304151307705,6,5.731758955455637,3,3.9
133,1.9459101490553132,52,1974,1,0,0,0,0,0,0,0,0,0,6.355130291860149,12,6.186326972424918,11,6.151072201743607,2,6.400643321046165,10,7.7
100,2.0794415416798357,7,2019,1,0,0,0,0,0,0,0,0,0,6.284405535076941,2,6.20116967462939,1,6.20116967462939,1,6.184405535076941,2,9.1
128,2.70805020110221,88,1938,1,0,0,0,0,0,0,0,0,0,6.014191094728219,5,6.034191094728219,5,6.288268679421918,23,5.873896947356664,1,5.5
95,5.303304908059076,7,2019,0,0,0,0,0,0,0,0,1,0,5.910260583720299,1,6.111825912273516,8,6.001072201743607,2,6.186633315780235,4,5.9
95,4.605170185988092,15,2011,1,0,0,0,0,0,0,0,0,0,6.20116967462939,1,6.20116967462939,1,6.20116967462939,1,6.100989724686406,3,9.1
131,3.784189633918261,43,1983,1,1,0,0,0,0,1,0,0,0,5.940857761394886,5,5.946624220083936,1,6.1419333188778396,7,5.905940337943331,9,6.3
110,7.392031567514591,19,2007,1,0,0,0,0,0,0,0,0,0,5.670066660951704,33,6.128944742530841,101,5.864806038265754,1,5.976072201743608,2,5.4
138,2.3978952727983707,61,1965,1,0,0,0,0,0,0,0,0,0,5.908682032378715,3,6.471632800332116,53,5.801072201743608,2,6.205191863924958,31,4.9
137,3.1354942159291497,46,1980,1,1,0,0,0,0,0,0,0,0,5.735110246958588,16,5.4725802696012575,88,5.94664870849705,16,6.14603938276924,12,5.9
139,2.3978952727983707,37,1989,0,1,0,0,1,0,0,0,0,1,5.4317589554556385,3,5.484405535076941,2,5.637533310993026,1,5.637533310993026,1,2.9
140,6.336825731146441,51,1975,1,0,0,0,1,0,0,0,0,0,6.8068666587394615,21,6.280857761394886,5,6.288118693193251,31,6.322347601494521,4,7.6
146,6.198478716492308,34,1992,1,1,1,0,0,0,0,0,0,0,5.728492578940183,8,5.790996893509845,33,5.44664870849705,16,4.8659609110663204,19,4.2
158,9.323311850635344,21,2005,1,0,0,1,0,0,0,1,0,0,5.578820279170578,13,5.644648673347989,53,5.415643321046164,10,5.77680316290111,11,6.6
123,3.4339872044851463,6,2020,1,0,0,0,1,0,0,0,1,0,5.946624220083936,1,5.946624220083936,1,5.946624220083936,1,5.946624220083936,1,6.3
136,9.323669057283185,15,2011,1,0,0,0,1,0,0,0,0,0,6.114191094728219,5,5.807524428061553,5,6.022937023384626,8,6.028442401902117,1,7.2
139,7.7406644019172415,16,2010,0,1,0,1,1,0,0,0,0,0,5.578820279170578,13,5.644648673347989,53,5.231796183454951,25,5.835342018301013,13,4.3
128,8.843470781627381,19,2007,1,0,0,0,0,0,0,0,1,0,6.709255061779273,13,6.131652075653853,22,5.778492578940183,8,5.570321660523082,30,7.3
108,5.402677381872279,8,2018,1,0,0,0,0,0,0,0,0,0,5.90116967462939,1,6.0772274365248995,7,5.90116967462939,1,5.90116967462939,1,5.8
110,3.8501476017100584,5,2021,1,0,1,0,0,0,0,0,0,0,6.028442401902117,1,6.028442401902117,1,6.028442401902117,1,6.028442401902117,1,7.2
117,7.267525427828172,9,2017,1,0,0,1,0,0,0,0,0,1,5.728442401902117,1,5.236633315780234,4,5.64603938276924,12,5.728442401902117,1,3.9
120,5.075173815233827,47,1979,1,0,1,0,0,0,1,0,0,0,5.9193514928112085,1,6.290643321046164,10,5.94664870849705,16,6.047815671819016,7,6.0
130,2.9444389791664403,59,1967,1,0,1,0,0,0,0,0,0,0,5.978492578940183,8,6.559064359342182,19,6.416514656836931,15,6.400643321046165,10,6.0
100,6.543911845564792,15,2011,1,0,0,0,1,1,0,0,0,0,5.670066660951704,33,5.820857761394886,5,5.900584837314695,12,5.600804151307706,6,5.0
115,7.720461694599722,7,2019,1,0,1,0,0,0,0,0,0,0,6.320857761394886,5,6.00116967462939,1,6.00116967462939,1,6.00116967462939,1,6.9
135,6.740519359606223,15,2011,1,0,1,0,0,0,0,0,0,0,6.338304151307705,6,6.064806038265754,1,5.747143570840253,3,6.100857761394886,5,7.6
169,7.532088143541722,7,2019,1,0,0,0,0,0,0,0,0,0,6.016374340071023,3,6.014191094728219,5,6.022937023384626,8,6.065204744351663,4,5.6
117,2.3978952727983707,8,2018,0,0,0,0,0,1,0,0,1,0,5.946624220083936,1,5.946624220083936,1,5.946624220083936,1,5.946624220083936,1,6.3
125,2.995732273553991,35,1991,1,1,0,0,1,0,0,0,0,0,5.388992142407253,7,5.178820279170577,13,5.575804151307706,6,5.724286260054311,7,4.3
155,3.6888794541139363,36,1990,1,0,0,0,0,0,0,0,0,0,5.335643321046165,10,5.4725802696012575,88,5.756652075653853,22,5.654835878532561,3,5.7
123,2.772588722239781,27,1999,0,1,0,0,0,0,0,0,0,0,5.765204744351664,4,5.729490458637378,4,5.5471435708402534,3,5.911468511692314,26,5.1
104,3.4657359027997265,6,2020,1,0,1,0,0,1,0,0,0,0,5.607524428061553,5,5.855715129174845,1,5.855715129174845,1,5.855715129174845,1,5.3
107,6.371611847231857,12,2014,1,0,0,1,0,0,0,0,0,0,5.776072201743607,2,5.432054151307706,6,5.6738969473566625,1,5.83440553507694,2,3.3
105,5.2832037287379885,14,2012,1,0,0,0,0,0,0,0,0,0,5.937533310993026,1,5.851072201743608,2,5.937533310993026,1,6.172937023384628,8,6.2
80,3.8066624897703196,18,2008,1,0,0,0,0,0,0,0,0,0,5.973896947356663,1,5.780643321046165,10,5.973896947356663,1,5.973896947356663,1,6.6
118,2.1972245773362196,24,2002,1,0,0,0,0,0,0,0,0,0,5.8375333109930265,1,6.160857761394885,5,5.83440553507694,2,5.8375333109930265,1,5.1
115,9.54781210893048,8,2018,1,0,1,0,0,0,0,0,0,0,6.463304151307705,6,5.521729811627541,9,6.055715129174845,1,6.055715129174845,1,7.5
117,2.6390573296152584,7,2019,1,0,0,0,0,0,0,0,0,0,6.119351492811208,1,6.119351492811208,1,6.247143570840253,3,6.288304151307706,6,8.2
99,2.6390573296152584,9,2017,0,0,0,0,0,0,0,0,0,0,5.864806038265754,1,5.864806038265754,1,5.864806038265754,1,5.864806038265754,1,5.4
120,4.5217885770490405,7,2019,1,1,0,0,0,0,0,0,0,0,6.08440553507694,2,6.075804151307706,6,5.784405535076941,2,6.10116967462939,1,8.0
92,3.044522437723423,20,2006,1,0,0,0,0,0,0,0,0,0,5.946624220083936,1,5.946624220083936,1,5.946624220083936,1,5.976072201743608,2,6.3
160,7.367077059881012,31,1995,0,0,0,1,0,0,0,0,0,0,6.323312110041968,12,6.437236226541811,36,5.784405535076941,2,5.436948473678331,12,4.2
105,5.579729825986222,18,2008,1,0,0,1,0,0,0,0,0,0,5.8866333157802355,4,6.0266463661271,13,5.907524428061553,5,5.745159245606849,8,5.4
135,8.264620829411216,9,2017,1,0,1,0,0,0,0,0,0,0,5.794554151307706,6,5.954191094728219,5,5.932256127417015,9,6.400402075653853,22,5.2
101,6.0844994130751715,38,1988,1,0,0,0,0,0,0,0,0,0,6.059405535076941,2,6.101072201743608,2,6.019351492811208,1,6.019351492811208,1,7.1
172,7.555905093611346,24,2002,1,0,0,0,0,0,0,1,0,0,5.873896947356664,1,6.229184115282061,11,5.532731365321274,24,5.977912801609484,3,5.5
162,10.59965516698957,19,2007,1,1,0,1,0,0,0,0,0,0,5.743776172923092,4,6.437236226541811,36,6.025536100871804,14,6.044554151307706,6,6.7
98,7.955775781534187,9,2017,0,1,0,0,1,0,0,0,0,0,6.122937023384627,8,6.495850781948728,11,6.028442401902117,1,6.028442401902117,1,7.2
125,10.8865954574476,14,2012,1,0,0,1,0,0,0,0,0,0,6.000919030065949,4,6.314898400996348,11,5.711656055020984,34,5.795201703100598,29,8.1
155,9.884916166950692,20,2006,1,1,0,0,1,0,0,0,0,0,6.505643321046165,10,5.396410830261542,70,5.778254311886048,17,5.875643321046164,10,8.1
130,2.5649493574615367,6,2020,1,0,0,1,0,0,0,0,0,0,5.819351492811208,1,5.785605109301792,3,5.785605109301792,3,5.600804151307706,6,4.9
101,6.76849321164863,8,2018,1,0,1,0,0,0,0,0,0,0,6.042738868410274,2,5.8677388684102745,2,6.010260583720299,1,6.010260583720299,1,7.0
122,5.267858159063328,11,2015,0,0,0,0,0,1,0,0,0,0,5.982987856447571,1,5.982987856447571,1,6.139451263147945,3,5.982987856447571,1,6.7
134,9.72184576464693,16,2010,1,1,0,0,1,0,0,0,0,0,5.842782443206489,9,5.396410830261542,70,5.861825912273516,8,5.57419109472822,5,7.4
160,8.830543010616596,13,2013,1,1,0,0,1,0,0,0,0,0,5.842782443206489,9,5.528400721966557,82,5.894554151307705,6,5.147524428061553,5,4.6
169,8.491054533806542,25,2001,0,1,0,1,1,0,0,0,0,0,5.665462730642546,7,6.437236226541811,36,5.217024067247869,26,5.763036100871804,14,5.4
139,6.583409222158765,12,2014,1,0,1,1,0,0,0,0,0,0,5.7557151291748445,1,6.362517448615395,11,5.7557151291748445,1,5.662528186224869,3,4.2
87,3.58351893845611,17,2009,0,0,0,0,0,0,0,0,0,0,6.1284424019021175,1,7.100201037826927,54,7.047450176569067,83,6.927791280160949,120,8.3
114,4.499809670330265,55,1971,1,0,0,0,0,0,0,0,0,0,6.479624548469647,9,5.9548358785325615,3,6.055715129174845,1,6.055715129174845,1,7.5
124,6.962243464266207,7,2019,0,1,0,0,1,1,0,0,0,0,5.693297416994099,3,5.888514656836931,15,5.828442401902118,1,5.686633315780235,4,5.0
89,3.6888794541139363,22,2004,0,0,0,1,0,0,0,0,0,0,5.8829878564475715,1,5.8829878564475715,1,5.8829878564475715,1,6.02406664776333,3,5.6
90,2.6390573296152584,14,2012,1,0,0,0,0,0,0,0,0,0,6.08440553507694,2,6.08440553507694,2,5.992078765538481,1,6.927791280160949,120,6.8
129,2.772588722239781,8,2018,0,0,0,0,0,1,0,0,0,0,5.939451263147945,3,6.010260583720299,1,6.010260583720299,1,6.010260583720299,1,7.0
97,7.0630481633881725,10,2016,1,0,1,0,0,0,0,0,0,0,5.655715129174845,1,5.693297416994099,3,4.920857761394886,5,5.655715129174845,1,3.1
135,7.828834527588089,18,2008,0,0,0,1,1,0,0,0,0,0,5.729490458637378,4,4.900514656836932,15,5.316563957322251,27,5.570321660523082,30,5.3
150,7.2633296174768365,27,1999,1,0,1,0,0,0,0,0,0,0,5.784405535076941,2,5.6258041513077055,6,5.734405535076941,2,5.870220493917175,3,6.1
126,2.4849066497880004,37,1989,1,0,0,0,0,0,1,0,0,0,5.955715129174845,1,6.009405535076941,2,6.453319600615392,24,6.277857564587422,12,6.4
144,3.8501476017100584,61,1965,1,0,1,0,0,1,0,0,0,0,6.257054151307706,6,6.47834521208835,91,6.390643321046165,10,6.3007568482896055,7,7.4
98,3.9512437185814275,13,2013,1,0,0,0,0,0,0,0,0,1,6.147143570840253,3,6.00116967462939,1,6.143776172923092,4,5.970220493917177,3,6.9
126,5.176149732573829,13,2013,0,0,0,0,0,1,0,0,0,0,5.937533310993026,1,5.937533310993026,1,5.937533310993026,1,5.937533310993026,1,6.2
109,4.543294782270004,23,2003,1,0,0,1,0,0,0,0,0,0,5.307054151307705,6,5.692078765538481,1,5.692078765538481,1,5.692078765538481,1,3.5
107,2.70805020110221,65,1961,1,1,0,0,1,0,0,0,0,0,5.980857761394886,5,6.034405535076941,2,6.090643321046164,10,5.952993639091586,11,5.5
146,3.295836866004329,58,1968,0,1,0,0,0,0,0,0,1,0,6.267738868410274,2,6.10116967462939,1,6.10116967462939,1,6.10116967462939,1,8.0
99,4.6913478822291435,12,2014,1,0,0,0,0,0,0,0,1,0,6.010260583720299,1,6.034405535076941,2,6.010260583720299,1,6.010260583720299,1,7.0
150,3.1780538303479458,49,1977,1,0,0,0,0,0,0,0,0,0,6.016374340071023,3,6.514947961485934,31,5.973896947356663,1,5.973896947356663,1,6.6
152,5.442417710521793,41,1985,1,0,0,0,1,1,0,0,0,0,6.043776172923093,4,6.514947961485934,31,6.2820541513077055,6,6.08440553507694,2,7.0
124,5.488937726156687,23,2003,1,0,1,1,0,0,0,0,0,0,5.6738969473566625,1,5.6738969473566625,1,5.135643321046165,10,5.6738969473566625,1,3.3
114,3.258096538021482,14,2012,1,0,0,0,0,0,0,0,0,0,5.534405535076941,2,5.810260583720299,1,5.810260583720299,1,5.810260583720299,1,4.8
125,9.723223876851618,18,2008,0,1,0,1,1,0,0,0,0,0,6.463304151307705,6,6.362517448615395,11,6.1570541513077055,6,5.859405535076941,2,7.7
123,4.394449154672439,11,2015,1,0,0,1,0,0,0,0,0,0,5.736050965936664,7,5.728442401902117,1,5.728442401902117,1,5.728442401902117,1,3.9
131,6.464588303689961,7,2019,1,0,1,0,1,0,0,0,0,0,5.708682032378714,3,5.992078765538481,1,5.796514656836931,15,6.286633315780235,4,6.8
133,9.349493433368758,17,2009,1,0,0,1,0,0,0,0,0,0,6.240857761394887,5,6.128944742530841,101,6.1428025546508955,16,6.240857761394887,5,7.2
146,3.713572066704308,25,2001,0,0,1,0,0,0,0,0,0,0,5.984405535076941,2,5.900989724686407,3,5.964806038265754,1,5.964806038265754,1,6.5
135,10.438869194198006,14,2012,0,1,0,0,1,0,0,0,0,0,6.195850781948728,11,6.693069126700863,17,5.900584837314695,12,6.119351492811208,1,8.2
130,7.696667081526462,23,2003,0,0,0,0,1,1,0,0,0,0,6.709255061779273,13,6.416514656836931,15,6.251072201743607,2,6.051072201743608,2,7.7
137,3.258096538021482,45,1981,0,1,0,0,0,0,0,0,0,1,5.581264093112434,16,5.958061887208807,4,6.093776172923092,4,5.720514656836932,15,6.2
132,6.295266001439646,31,1995,1,1,0,0,0,0,0,0,0,0,5.407883941515678,17,5.528400721966557,82,5.83440553507694,2,5.567738868410274,2,4.1
120,6.693323668269949,23,2003,1,1,1,0,0,0,0,0,0,0,5.4437761729230925,4,6.131652075653853,22,5.325804151307706,6,5.8375333109930265,1,5.1
168,4.6443908991413725,38,1988,1,1,1,0,0,0,0,0,0,0,5.581264093112434,16,5.219562361627795,52,5.642782443206489,9,6.3628786032973625,57,5.0
160,3.4011973816621555,36,1990,0,1,0,0,0,0,0,0,0,0,5.667381467829071,8,5.638304151307706,6,5.8008577613948855,5,5.795201703100598,29,5.2
153,4.219507705176107,38,1988,0,0,0,0,1,0,0,0,0,0,5.577912801609484,3,5.921342085059831,89,5.383762214030777,20,5.420643321046164,10,5.4
115,3.332204510175204,13,2013,0,0,0,0,1,0,0,0,0,0,5.379624548469647,9,5.7193514928112075,1,5.7193514928112075,1,5.800989724686407,3,3.8
141,6.111467339502679,42,1984,1,0,0,0,0,0,0,0,0,0,6.400804151307705,6,6.137978611715534,43,6.288118693193251,31,6.305643321046165,10,7.6
122,7.415175109613295,16,2010,1,0,0,0,0,0,1,0,0,0,6.0471435708402534,3,5.819351492811208,1,6.324514656836932,15,5.885605109301792,3,4.9
150,3.295836866004329,34,1992,1,0,1,1,0,0,0,0,0,0,5.6738969473566625,1,5.567738868410274,2,5.6738969473566625,1,5.850804151307706,6,3.3
130,4.9344739331306915,41,1985,0,1,0,0,0,0,0,0,0,0,6.090643321046164,10,6.032731365321274,24,6.022347601494521,4,6.008682032378715,3,6.7
140,10.026236017795181,8,2018,1,0,0,1,0,0,0,0,0,0,6.240857761394887,5,5.528400721966557,82,6.406639201230782,7,6.154835878532561,3,7.9
98,5.442417710521793,53,1973,1,0,0,0,0,0,0,0,0,0,6.532256127417016,9,6.019351492811208,1,6.054191094728219,5,6.019351492811208,1,7.1
129,5.849324779946859,41,1985,1,0,0,0,0,0,0,0,0,0,6.126072201743607,2,6.032731365321274,24,6.067738868410274,2,6.019351492811208,1,7.1
164,10.260252492425103,8,2018,1,0,1,0,0,0,0,0,0,0,6.4848877063643835,9,6.006270356717961,8,5.976072201743608,2,5.885605109301792,3,7.0
162,5.225746673713202,21,2005,0,0,0,1,0,0,0,0,0,0,5.871888086461546,18,4.91827862617752,29,5.5760722017436075,2,5.017381467829072,8,2.4
157,8.770904744296866,58,1968,0,0,1,1,0,0,0,1,0,0,6.072347601494521,4,6.229837873202802,34,6.364745229318689,18,6.269725631573973,16,8.1
135,2.5649493574615367,85,1941,1,0,0,0,0,0,0,0,0,0,6.380514656836932,15,6.028442401902117,1,6.028442401902117,1,6.028442401902117,1,7.2
149,7.6586995582682995,7,2019,0,1,0,1,0,0,0,0,0,0,5.578820279170578,13,5.644648673347989,53,5.732403019132877,12,5.827524428061553,5,3.2
98,3.4657359027997265,12,2014,1,0,0,0,0,0,1,0,0,0,5.90116967462939,1,5.90116967462939,1,6.054835878532561,3,5.90116967462939,1,5.8
112,3.4657359027997265,8,2018,0,0,0,0,0,0,0,0,1,0,5.728442401902117,1,5.728442401902117,1,5.8260722017436075,2,5.469098232680173,9,3.9
139,8.811801223938751,21,2005,1,0,0,0,0,0,0,0,0,0,6.052733322648839,13,6.106639201230782,7,6.095414022153857,9,6.186633315780235,4,7.3
114,8.859931469616097,5,2021,1,0,0,1,0,0,0,0,0,0,5.776072201743607,2,6.101072201743608,2,6.0471435708402534,3,5.984405535076941,2,6.9
123,2.3978952727983707,6,2020,0,0,0,1,0,0,0,0,0,0,5.982987856447571,1,5.982987856447571,1,5.982987856447571,1,5.982987856447571,1,6.7
108,6.668228248417403,7,2019,1,0,0,0,1,0,0,0,1,0,5.509405535076941,2,5.782987856447572,1,5.782987856447572,1,5.782987856447572,1,4.5
131,3.5263605246161616,49,1977,1,0,0,0,0,0,1,0,0,0,6.126072201743607,2,6.064806038265754,1,6.064806038265754,1,6.064806038265754,1,7.6
140,9.451559570017622,21,2005,1,0,0,1,0,0,0,0,0,0,6.154191094728219,5,6.437236226541811,36,5.966027075653853,22,5.565784695424972,51,6.5
188,4.454347296253507,67,1959,1,0,0,1,0,0,0,0,0,0,6.288992142407252,7,6.759304267203161,29,6.390643321046165,10,6.322347601494521,4,7.0
166,7.421775793644647,7,2019,1,1,0,0,0,0,0,0,0,0,5.955715129174845,1,4.91827862617752,29,5.70940553507694,2,5.9675244280615525,5,6.4
145,2.0794415416798357,8,2018,1,0,0,0,0,0,0,0,0,0,6.009405535076941,2,6.034405535076941,2,6.3758041513077055,6,5.946624220083936,1,6.3
88,2.4849066497880004,70,1956,0,0,0,1,0,0,0,0,0,0,5.964806038265754,1,6.409201953556568,24,6.34709554736411,20,5.920857761394886,5,6.5
139,4.962844630259907,22,2004,0,1,0,1,1,0,0,0,0,0,5.7427388684102745,2,5.326992969522278,9,5.448045601101226,9,5.9675244280615525,5,4.1
165,2.4849066497880004,57,1969,1,0,1,1,0,0,0,0,0,0,5.819351492811208,1,6.47834521208835,91,6.34709554736411,20,6.060857761394886,5,4.9
138,3.295836866004329,42,1984,1,0,0,0,0,0,0,0,0,0,6.113304151307705,6,6.249591938691465,81,6.453319600615392,24,6.2266463661271,13,6.5
100,2.1972245773362196,8,2018,0,0,0,0,1,0,0,0,0,0,5.884405535076941,2,5.964806038265754,1,5.964806038265754,1,5.884405535076941,2,6.5
154,6.9411900550683745,7,2019,1,1,1,0,0,0,0,0,0,0,5.793297416994099,3,5.792078765538481,1,5.792078765538481,1,5.792078765538481,1,4.6
145,3.8918202981106265,40,1986,0,1,0,0,0,1,0,0,0,0,5.730168612995487,7,5.333601383769235,38,5.94664870849705,16,5.400714801162405,8,6.5
160,3.58351893845611,59,1967,1,0,0,0,0,0,1,1,0,0,6.150804151307705,6,5.873896947356664,1,6.171345083583723,7,6.013304151307706,6,5.5
127,4.219507705176107,49,1977,1,0,1,0,0,0,0,0,0,0,6.101072201743608,2,6.491721282179798,73,6.244872614659345,46,5.911468511692314,26,7.6
150,6.84587987526405,8,2018,1,1,0,0,0,0,0,0,0,0,6.071345083583723,7,5.333601383769235,38,5.734191094728219,5,5.671345083583723,7,5.3
156,3.784189633918261,34,1992,1,1,0,0,0,0,0,0,0,0,5.792738868410274,2,6.137978611715534,43,5.964806038265754,1,6.026072201743607,2,6.5
141,2.833213344056216,52,1974,1,1,0,0,0,0,0,0,0,0,5.955715129174845,1,5.955715129174845,1,5.955715129174845,1,5.955715129174845,1,6.4
129,4.852030263919617,16,2010,1,0,0,0,0,1,0,0,0,0,5.728442401902117,1,5.728442401902117,1,5.728442401902117,1,5.767738868410274,2,3.9
113,3.784189633918261,18,2008,0,0,0,0,0,0,0,0,0,0,6.447143570840253,3,6.155715129174845,1,6.155715129174845,1,6.155715129174845,1,8.6
131,2.302585092994046,18,2008,0,0,0,1,0,0,0,0,0,0,6.037533310993027,1,6.037533310993027,1,6.037533310993027,1,6.037533310993027,1,7.3
134,2.6390573296152584,68,1958,1,0,0,0,0,0,1,0,0,0,6.4101364962344425,11,5.971369434205137,14,5.992078765538481,1,6.140857761394886,5,6.8
110,3.5263605246161616,26,2000,1,1,0,0,0,0,0,0,0,0,5.764806038265753,1,7.100201037826927,54,7.047450176569067,83,6.927791280160949,120,4.3
149,5.351858133476067,34,1992,0,1,0,0,1,0,0,0,0,0,6.090643321046164,10,6.032731365321274,24,5.839451263147946,3,5.614191094728219,5,5.2
131,8.604471199523298,6,2020,1,0,0,0,0,0,0,0,0,0,6.285605109301792,3,5.936948473678331,12,5.992078765538481,1,5.925804151307705,6,6.8
165,8.395477432732141,7,2019,1,1,0,0,0,0,0,0,0,0,5.888992142407253,7,5.800804151307705,6,5.231796183454951,25,5.855715129174845,1,5.3
98,4.836281906951478,16,2010,1,0,0,0,0,0,0,0,0,0,5.751072201743607,2,5.079624548469646,9,6.036633315780235,4,5.017381467829072,8,3.7
143,5.332718793265369,30,1996,0,0,0,1,0,0,0,0,0,0,5.785976865733128,39,5.888514656836931,15,5.792078765538481,1,5.792078765538481,1,4.6
143,4.219507705176107,26,2000,0,0,0,0,0,0,1,0,0,0,5.9317589554556385,3,5.60091903006595,4,5.8932974169941,3,5.873896947356664,1,5.5
111,3.9889840465642745,73,1953,1,0,0,0,1,0,0,0,0,0,6.064806038265754,1,6.972277075653853,22,6.772514656836932,15,6.217738868410275,2,7.6
130,5.402677381872279,30,1996,0,0,0,0,0,1,0,0,0,0,5.335643321046165,10,5.6366333157802355,4,5.185672541791862,24,5.825804151307706,6,2.2
138,6.104793232414985,16,2010,1,0,1,1,0,0,0,0,0,0,5.707524428061553,5,6.0266463661271,13,6.036050965936664,7,6.065643321046164,10,6.5
83,2.6390573296152584,11,2015,1,0,0,0,0,0,0,0,0,0,5.9193514928112085,1,5.9193514928112085,1,5.9193514928112085,1,5.9193514928112085,1,6.0
125,3.1354942159291497,39,1987,1,1,0,0,1,0,0,0,0,0,5.388992142407253,7,5.428492578940183,8,5.576869498317517,37,6.100584837314695,12,5.9
170,3.970291913552122,31,1995,0,0,0,0,0,0,0,0,0,0,5.9927388684102745,2,5.982987856447571,1,6.086633315780235,4,6.186948473678331,12,6.7
152,3.871201010907891,32,1994,1,1,0,0,0,0,0,0,0,0,6.216466653732805,9,5.3923579264167305,93,5.843474236839166,34,5.9531351783589805,26,6.5
155,6.962243464266207,33,1993,1,1,1,0,0,0,0,0,0,0,6.641027075653853,22,6.229837873202802,34,5.858479561965267,21,6.101072201743608,2,5.7
101,4.477336814478207,12,2014,1,0,1,0,0,0,0,0,0,0,5.884405535076941,2,5.892738868410274,2,5.828442401902118,1,5.828442401902118,1,5.0
147,3.367295829986474,55,1971,1,0,0,0,0,0,1,0,0,0,6.0471435708402534,3,6.471632800332116,53,5.9937622140307765,20,6.084549116340087,28,6.2
137,3.7376696182833684,63,1963,1,0,0,0,0,0,0,0,0,1,6.363439497071233,17,5.955715129174845,1,6.000919030065949,4,5.955715129174845,1,6.4
142,3.8501476017100584,23,2003,1,1,0,0,0,0,0,0,0,0,5.764806038265753,1,5.731758955455637,3,5.62234760149452,4,5.764806038265753,1,4.3
125,3.367295829986474,37,1989,1,0,0,0,0,0,1,0,0,0,5.787515931344491,13,5.939515471802202,46,5.756652075653853,22,5.744496071203626,24,6.2
116,8.508152446764088,11,2015,1,0,0,0,0,0,0,0,0,0,5.836633315780235,4,6.1294904586373775,4,6.406639201230782,7,6.064806038265754,1,7.6
129,2.3978952727983707,54,1972,1,0,0,0,0,0,0,0,0,0,5.955715129174845,1,5.790996893509845,33,5.955715129174845,1,5.895643321046164,10,6.4
128,3.258096538021482,34,1992,0,0,1,0,1,1,0,0,0,0,5.619152075653853,22,5.877912801609483,3,6.019351492811208,1,5.839451263147945,3,7.1
191,9.548168831368535,29,1997,1,0,1,0,0,0,0,1,0,0,6.089745229318689,18,6.437236226541811,36,5.2269929695222785,9,5.9531351783589805,26,7.0
152,4.6443908991413725,69,1957,0,0,0,0,0,0,0,0,0,1,6.270124626996664,13,6.010260583720299,1,6.1366333157802355,4,6.418766655496513,12,7.0
190,2.5649493574615367,56,1970,0,0,0,0,0,0,0,0,1,0,5.647524428061553,5,5.944554151307706,6,6.205643321046165,10,6.070220493917176,3,6.2
120,7.980023592310645,6,2020,1,0,0,0,0,0,0,0,0,0,6.335342018301013,13,6.111825912273516,8,5.692738868410274,2,6.110260583720299,1,8.1
112,2.6390573296152584,8,2018,0,1,1,0,0,0,0,0,0,0,5.810260583720299,1,5.810260583720299,1,5.810260583720299,1,5.810260583720299,1,4.8
136,8.682877107057168,8,2018,0,0,0,0,0,0,0,0,1,0,5.973896947356663,1,6.1294904586373775,4,6.151072201743607,2,6.065643321046164,10,6.6
145,6.71901315438526,54,1972,1,0,0,0,0,0,1,1,0,0,6.944920978552715,17,5.4725802696012575,88,6.6445146568369315,15,6.3628786032973625,57,7.5
125,3.9889840465642745,37,1989,1,0,0,0,0,0,0,0,0,0,6.335342018301013,13,6.028442401902117,1,6.167738868410274,2,6.028442401902117,1,7.2
154,8.06117135969092,37,1989,1,1,0,0,1,0,0,0,0,0,6.15958037770137,7,5.333601383769235,38,5.532731365321274,24,6.169098232680173,9,7.8
130,9.090204570736201,21,2005,1,0,1,0,0,0,0,1,0,0,5.987524428061552,5,6.3062703567179605,8,5.926221497449138,21,5.500514656836932,15,7.2
165,3.1780538303479458,58,1968,1,0,0,1,0,0,0,0,0,0,5.8677388684102745,2,5.4725802696012575,88,6.378254311886048,17,6.15775554385349,11,6.3
129,9.988471876441125,8,2018,1,1,0,0,0,0,0,0,0,0,5.825804151307706,6,6.131652075653853,22,6.1284925789401825,8,6.08440553507694,2,7.6
139,5.081404364984463,41,1985,1,0,0,0,0,0,0,0,0,0,6.2508041513077055,6,6.023907835909508,24,6.08440553507694,2,5.973896947356663,1,6.6
155,9.374837343857585,19,2007,1,0,1,1,0,0,0,0,0,0,5.361036596488693,41,5.346112564277431,51,5.383762214030777,20,5.594191094728219,5,5.8
110,6.20455776256869,42,1984,1,0,0,0,0,0,0,0,0,0,6.605374591472538,11,5.976072201743608,2,6.028442401902117,1,6.2010722017436075,2,7.2
129,4.276666119016055,68,1958,1,0,0,0,0,0,1,0,0,0,5.992078765538481,1,6.618278626177521,29,6.34709554736411,20,6.472041258139204,11,6.8
162,6.836259277277067,49,1977,1,1,0,0,1,0,0,0,0,0,6.310788497273217,19,6.6843833277482565,34,6.342024067247869,26,5.980514656836932,15,6.9
93,5.241747015059643,55,1971,0,0,1,0,0,1,0,0,0,0,6.072347601494521,4,6.186326972424918,11,6.342024067247869,26,6.163304151307706,6,6.8
112,5.652489180268651,23,2003,1,1,1,0,0,0,0,0,0,0,5.174472453083621,13,5.396410830261542,70,4.709255061779273,13,5.672347601494521,4,2.2
116,7.22983877815125,21,2005,1,0,0,0,0,0,0,0,0,0,5.9437761729230925,4,6.137978611715534,43,6.064806038265754,1,5.826992969522278,9,7.6
127,3.295836866004329,65,1961,1,0,0,0,1,0,0,0,0,0,6.212514656836931,15,6.370643321046164,10,6.416514656836931,15,5.952993639091586,11,6.9
134,8.249313746260636,8,2018,1,1,0,1,0,0,0,0,0,0,6.505643321046165,10,6.101072201743608,2,6.231758955455637,3,5.934405535076941,2,7.2
148,4.290459441148391,41,1985,1,0,0,0,0,0,0,0,0,0,5.619152075653853,22,5.4725802696012575,88,5.756652075653853,22,6.3628786032973625,57,5.7
100,2.995732273553991,33,1993,1,0,0,0,0,0,0,0,0,0,6.400804151307705,6,6.6328884004548545,36,6.019351492811208,1,6.008690733914536,26,7.1
93,5.726847747587197,15,2011,1,0,0,0,0,0,0,0,0,0,5.937533310993026,1,6.212033323881665,16,5.937533310993026,1,6.041933318877841,7,6.2
138,2.8903717578961645,55,1971,1,1,0,1,0,0,0,0,0,0,6.088304151307705,6,6.249591938691465,81,5.916374340071022,3,6.235342018301012,13,5.5
143,3.295836866004329,77,1949,0,0,1,1,0,0,0,0,0,0,6.134191094728219,5,6.026072201743607,2,6.115204744351664,4,6.243776172923092,4,6.4
120,5.8377304471659395,9,2017,0,0,0,1,0,0,0,0,0,0,5.508682032378715,3,5.939515471802202,46,6.1570541513077055,6,6.072347601494521,4,4.1
109,2.772588722239781,41,1985,0,0,0,0,1,0,0,0,0,0,5.174472453083621,13,6.272514656836932,15,5.593297416994099,3,5.792078765538481,1,4.6
159,3.4011973816621555,60,1966,1,0,0,1,0,0,1,0,0,0,5.970220493917177,3,6.471632800332116,53,6.378254311886048,17,6.190643321046164,10,6.2
141,6.104793232414985,48,1978,0,0,1,1,0,0,0,0,0,0,6.568514656836932,15,6.471632800332116,53,6.3758041513077055,6,6.10091903006595,4,7.1
126,8.726967774991493,7,2019,0,0,1,1,0,0,0,0,0,0,5.715204744351664,4,6.078492578940182,8,6.389603690051294,8,5.89207876553848,1,5.7
120,2.1972245773362196,12,2014,1,0,0,0,0,0,0,0,0,0,5.759405535076941,2,5.436633315780235,4,5.737533310993026,1,5.692738868410274,2,4.0
140,9.080345575359996,15,2011,1,0,0,0,0,0,0,0,0,0,5.900677180048595,9,5.939515471802202,46,5.565084306497744,24,5.6937761729230925,4,5.6
143,4.174387269895637,73,1953,1,0,0,0,0,0,0,0,0,0,6.322937023384627,8,6.603274868014205,55,6.208682032378714,3,6.350584837314695,12,7.8
125,3.2188758248682006,46,1980,1,0,0,0,0,0,0,0,0,0,6.10627035671796,8,5.82406664776333,3,5.877912801609484,3,5.964221200951059,12,5.8
83,2.0794415416798357,22,2004,1,0,0,0,0,0,0,0,0,0,5.784405535076941,2,5.4548358785325615,3,5.764806038265753,1,5.764806038265753,1,4.3
155,5.0238805208462765,13,2013,0,1,0,0,0,0,0,0,0,0,5.7193514928112075,1,5.7193514928112075,1,5.7193514928112075,1,5.7193514928112075,1,3.8
157,3.4011973816621555,23,2003,1,0,0,0,0,0,0,0,0,0,5.554835878532561,3,5.792078765538481,1,5.792078765538481,1,5.70940553507694,2,4.6
150,4.060443010546419,52,1974,1,1,0,0,0,0,0,0,0,0,5.700415045836235,21,5.921342085059831,89,6.244872614659345,46,5.980514656836932,15,6.6
155,6.912742820493176,35,1991,1,1,1,0,0,0,0,0,0,0,5.707524428061553,5,5.346112564277431,51,5.371391221603244,28,5.469098232680173,9,5.6
136,4.955827057601261,59,1967,1,1,0,0,0,0,0,1,0,0,6.213304151307705,6,6.229184115282061,11,6.500584837314696,12,6.190643321046164,10,6.6
152,3.912023005428146,56,1970,1,0,0,0,0,0,0,0,0,0,6.151072201743607,2,6.60055940960536,13,6.356032089663826,17,6.10091903006595,4,8.0
139,2.302585092994046,65,1961,0,0,0,1,0,0,0,0,0,0,6.0652047443516635,4,6.255643321046165,10,6.0320541513077055,6,6.148514656836932,15,7.0
114,2.9444389791664403,46,1980,0,0,1,0,0,0,0,0,0,0,6.459735793367529,17,5.8829878564475715,1,5.8829878564475715,1,5.8829878564475715,1,5.6
132,2.5649493574615367,58,1968,0,1,0,1,0,0,0,0,0,1,5.863304151307705,6,6.409201953556568,24,5.773896947356662,1,5.773896947356662,1,4.4
115,4.189654742026425,16,2010,1,1,0,0,1,0,0,0,0,0,6.016374340071023,3,5.677912801609484,3,5.873896947356664,1,5.600804151307706,6,5.5
157,5.420534999272286,69,1957,1,0,0,1,1,0,0,0,0,0,6.267381467829072,8,6.603274868014205,55,6.471382787771719,21,6.343776172923092,4,7.1
109,6.236369590203704,17,2009,1,0,0,1,0,0,0,0,0,0,5.7557151291748445,1,5.611203495838068,9,5.7580618872088065,4,5.592738868410275,2,4.2
159,4.74493212836325,18,2008,1,1,0,0,0,0,0,0,0,0,5.628442401902117,1,5.628442401902117,1,5.8932974169941,3,5.801072201743608,2,2.8
165,6.298949246855942,31,1995,1,1,0,0,0,0,0,0,0,0,5.847524428061552,5,6.2010722017436075,2,5.729184115282061,11,6.200989724686408,3,7.2
116,4.430816798843313,14,2012,1,0,0,0,0,1,0,0,0,0,6.126072201743607,2,6.008682032378715,3,6.010260583720299,1,6.010260583720299,1,7.0
114,5.017279836814924,40,1986,0,0,0,1,0,1,0,0,0,0,5.870643321046164,10,6.009405535076941,2,5.63870792480587,11,6.044554151307706,6,6.4
95,9.388904879892426,16,2010,1,0,0,1,0,0,0,0,0,0,6.0466242200839355,1,6.0466242200839355,1,5.942738868410274,2,6.200612686710633,11,7.4
138,5.030437921392435,33,1993,1,1,0,0,0,1,0,0,0,0,5.095159245606849,8,4.91827862617752,29,5.926221497449138,21,5.5471435708402534,3,4.4
173,4.110873864173311,21,2005,1,0,0,0,0,0,0,0,0,0,5.609405535076941,2,5.790996893509845,33,5.542202767538471,14,5.673571785420127,16,5.7
130,2.0794415416798357,45,1981,1,0,0,0,0,0,0,0,0,0,6.10116967462939,1,6.10116967462939,1,6.10116967462939,1,6.927791280160949,120,8.0
131,5.786897381366708,33,1993,0,0,1,0,0,1,0,0,1,0,5.888992142407253,7,5.819351492811208,1,5.8788202791705775,13,5.673571785420127,16,4.9
156,2.9444389791664403,71,1955,0,1,0,1,1,0,0,0,0,0,5.863304151307705,6,6.183869434205136,14,6.095159245606849,8,6.3628786032973625,57,6.4
140,2.0794415416798357,18,2008,0,0,1,0,0,0,0,0,0,0,5.567524428061552,5,5.773896947356662,1,5.619554151307706,6,5.773896947356662,1,4.4
128,6.664409020350408,7,2019,0,0,0,0,0,0,0,0,0,0,5.873896947356664,1,5.873896947356664,1,6.061825912273516,8,5.873896947356664,1,5.5
127,1.9459101490553132,9,2017,1,0,0,0,0,1,0,0,1,0,5.937533310993026,1,5.937533310993026,1,5.901072201743607,2,5.937533310993026,1,6.2
148,5.442417710521793,27,1999,1,1,1,0,0,0,0,0,0,0,5.763304151307706,6,5.726072201743608,2,6.240857761394887,5,5.8677388684102745,2,4.8
137,7.238496840894365,39,1987,1,0,1,0,0,0,0,1,0,0,6.944920978552715,17,5.630428880697443,20,6.387511820029784,21,6.009405535076941,2,8.3
125,5.332718793265369,38,1988,1,0,0,1,0,0,0,0,0,0,5.9927388684102745,2,6.6328884004548545,36,6.019351492811208,1,6.019351492811208,1,7.1
128,3.4339872044851463,42,1984,1,0,0,0,0,0,1,0,0,0,5.946624220083936,1,5.80709554736411,20,6.184777075653853,22,6.332403019132877,12,6.3
141,3.4657359027997265,48,1978,1,1,0,0,0,0,0,0,0,0,5.700415045836235,21,6.249591938691465,81,5.988304151307705,6,5.463835074785436,9,6.6
141,2.8903717578961645,41,1985,1,0,0,0,0,0,0,0,0,0,5.700415045836235,21,5.570966659438921,24,6.244872614659345,46,5.5700868612400996,23,6.0
136,4.0943445622221,53,1973,1,0,1,0,0,0,1,0,0,0,6.126072201743607,2,5.921342085059831,89,6.622579622803425,26,6.1937761729230925,4,7.3
115,5.645446897643238,8,2018,1,0,0,1,1,0,0,0,0,0,5.7193514928112075,1,5.593762214030777,20,5.9275244280615516,5,5.680857761394886,5,3.8
150,3.58351893845611,48,1978,0,1,0,1,0,0,0,0,0,0,6.113304151307705,6,5.921342085059831,89,6.1718880864615455,18,6.205191863924958,31,6.7
136,9.07280095795412,11,2015,1,1,0,0,0,1,0,0,0,0,5.994554151307705,6,5.644496071203626,24,5.811173800747261,18,5.859405535076941,2,5.9
108,8.572627898304338,16,2010,1,0,0,1,1,0,0,0,0,0,6.0945541513077055,6,6.250919030065949,4,6.036050965936664,7,6.114191094728219,5,7.5
146,8.41027590907016,13,2013,0,1,0,1,0,0,0,0,0,0,6.400559409605361,13,5.813762214030776,20,5.808061887208806,4,5.784887706364383,9,4.8
100,5.231108616854587,15,2011,1,0,1,0,0,0,0,0,1,0,5.767738868410274,2,5.647524428061553,5,5.828442401902118,1,5.828442401902118,1,5.0
138,8.187855443695623,9,2017,1,0,0,1,0,0,0,0,0,0,5.928442401902117,1,6.1294904586373775,4,5.928442401902117,1,5.928442401902117,1,6.1
134,3.2188758248682006,9,2017,0,0,0,0,0,1,0,0,0,0,5.643776172923092,4,5.817738868410274,2,5.727524428061553,5,6.060857761394886,5,7.2
160,8.868413284672005,26,2000,1,0,0,1,0,0,0,1,0,0,6.0475244280615525,5,6.437236226541811,36,5.843474236839166,34,5.87234760149452,4,6.2
153,9.879502189785617,20,2006,0,0,0,1,1,0,0,0,0,0,5.747143570840253,3,5.528400721966557,82,5.316563957322251,27,5.570321660523082,30,7.0
132,3.8066624897703196,52,1974,0,0,1,0,0,0,0,0,0,0,6.951462009788914,33,6.346888086461546,18,6.205643321046165,10,6.2951592456068495,8,6.2
142,7.592870287844818,22,2004,1,0,0,0,0,0,0,0,0,0,6.001072201743607,2,5.346112564277431,51,6.1428025546508955,16,5.448045601101226,9,6.1
118,5.332718793265369,8,2018,0,0,1,0,0,0,0,0,0,0,5.8260722017436075,2,5.864806038265754,1,5.75483587853256,3,5.864806038265754,1,5.4
168,4.406719247264253,68,1958,1,0,1,0,0,0,0,0,0,0,6.388304151307706,6,6.618278626177521,29,6.34709554736411,20,6.254191094728219,5,7.5
109,2.302585092994046,18,2008,0,0,1,0,0,0,0,0,0,0,5.032514656836931,15,5.619351492811209,1,5.808682032378714,3,5.567738868410274,2,2.7
105,5.605802066295998,33,1993,1,0,1,0,0,0,0,0,0,0,5.785976865733128,39,5.784405535076941,2,5.808682032378714,3,6.051072201743608,2,5.8
146,4.477336814478207,46,1980,0,0,0,0,1,0,0,0,1,0,5.973896947356663,1,6.491721282179798,73,6.009405535076941,2,5.788613718262449,24,6.6
112,7.934513463882263,10,2016,1,0,0,0,0,1,0,0,1,0,5.831758955455637,3,5.9317589554556385,3,6.00116967462939,1,6.00116967462939,1,6.9
122,2.1972245773362196,81,1945,1,0,0,0,0,0,0,0,0,0,5.964806038265754,1,6.0451592456068495,8,6.236050965936664,7,6.2772274365249,7,6.5
146,4.882801922586371,33,1993,1,1,0,0,0,0,0,0,0,0,5.333946020043966,11,5.770220493917176,3,5.700677180048594,9,5.495643321046164,10,5.4
173,7.207118856207756,35,1991,1,1,1,0,0,0,0,0,0,0,5.60627035671796,8,5.396410830261542,70,5.920857761394886,5,5.90116967462939,1,5.8
163,5.389071729816501,60,1966,1,1,1,0,0,0,0,0,0,0,6.085605109301792,3,6.559064359342182,19,6.208601383769235,38,6.446369434205137,14,6.3
115,4.174387269895637,48,1978,1,0,0,0,0,0,1,0,0,0,6.100989724686406,3,5.939515471802202,46,6.1718880864615455,18,5.955643321046165,10,6.2
117,3.044522437723423,33,1993,0,1,0,0,0,0,0,0,0,0,5.412902075653853,22,5.773896947356662,1,5.95940553507694,2,5.773896947356662,1,4.4
148,3.295836866004329,62,1964,1,0,1,0,0,0,0,0,0,0,5.89207876553848,1,6.183869434205136,14,6.288268679421918,23,5.89207876553848,1,5.7
110,7.143617602704121,18,2008,1,0,0,0,0,0,0,0,1,0,5.670066660951704,33,5.90627035671796,8,5.654835878532561,3,5.477912801609484,3,3.9
110,6.192362489474872,16,2010,1,0,0,0,0,0,0,0,1,0,5.664806038265754,1,5.90627035671796,8,5.654835878532561,3,5.477912801609484,3,3.2
127,6.769641976852503,13,2013,1,0,0,0,0,0,0,0,0,0,6.064806038265754,1,6.064806038265754,1,6.064806038265754,1,6.064806038265754,1,7.6
110,8.41316512099219,7,2019,1,0,1,0,0,0,0,0,0,0,6.151072201743607,2,6.212033323881665,16,6.00116967462939,1,6.067524428061552,5,6.9
96,5.247024072160486,9,2017,1,0,0,1,0,0,0,0,0,0,5.759405535076941,2,6.15091903006595,4,5.9193514928112085,1,5.9193514928112085,1,6.0
120,2.833213344056216,7,2019,1,0,0,0,0,0,0,0,0,0,6.026072201743607,2,5.864806038265754,1,5.864806038265754,1,5.864806038265754,1,5.4
158,1.9459101490553132,42,1984,1,0,0,0,0,0,1,0,0,0,5.92406664776333,3,5.90116967462939,1,5.90116967462939,1,5.90091903006595,4,5.8
138,2.4849066497880004,60,1966,1,0,0,0,0,0,0,0,0,0,6.10091903006595,4,6.0565146568369315,15,5.937533310993026,1,5.937533310993026,1,6.2
113,3.1780538303479458,13,2013,1,0,0,1,0,0,0,0,0,0,5.946624220083936,1,5.946624220083936,1,6.101072201743608,2,5.811203495838067,9,6.3
155,3.4657359027997265,41,1985,1,0,1,1,0,0,0,0,0,0,5.928442401902117,1,5.928442401902117,1,6.594801845025647,26,6.486326972424918,11,6.1
91,7.698936199813447,10,2016,1,0,0,0,0,1,0,0,0,0,5.934405535076941,2,5.660857761394886,5,5.982987856447571,1,5.982987856447571,1,6.7
123,10.301827335701704,11,2015,1,0,0,1,0,0,0,0,0,0,6.463304151307705,6,6.006270356717961,8,6.342024067247869,26,6.0796245484696465,9,7.6
188,7.876258882303226,23,2003,1,0,0,0,0,0,0,0,0,0,6.177912801609484,3,5.965462730642546,7,5.911203495838068,9,5.679624548469646,9,8.0
175,5.4510384535657,54,1972,1,0,0,0,0,0,0,0,0,0,6.380514656836932,15,6.0920787655384805,1,6.0920787655384805,1,6.0920787655384805,1,7.9
136,10.620204764608506,10,2016,1,0,0,0,1,1,0,0,0,0,6.159405535076941,2,6.206639201230781,7,6.342024067247869,26,5.958061887208806,4,8.1
130,3.5263605246161616,10,2016,1,0,0,0,0,0,0,0,0,0,6.137533310993026,1,6.137533310993026,1,6.137533310993026,1,6.137533310993026,1,8.4
85,1.9459101490553132,9,2017,1,0,0,0,0,0,0,0,0,0,6.164806038265753,1,6.164806038265753,1,6.164806038265753,1,6.164806038265753,1,8.7
120,2.833213344056216,9,2017,0,0,0,0,0,1,0,0,0,0,5.910260583720299,1,5.910260583720299,1,5.910260583720299,1,5.910260583720299,1,5.9
126,6.542471960506805,24,2002,1,1,0,0,0,0,0,0,0,0,5.871888086461546,18,5.356708208998889,59,6.15958037770137,7,6.067524428061552,5,6.3
120,4.8283137373023015,32,1994,1,0,0,0,0,0,0,0,0,0,6.740857761394887,5,7.100201037826927,54,7.047450176569067,83,6.927791280160949,120,8.6
150,6.4425401664681985,5,2021,1,0,1,0,0,0,0,0,0,0,5.828442401902118,1,5.828442401902118,1,5.828442401902118,1,5.828442401902118,1,5.0
134,5.351858133476067,54,1972,1,0,0,0,0,0,1,1,0,0,6.488268679421918,23,5.838304151307705,6,6.6445146568369315,15,5.911468511692314,26,6.7
132,2.1972245773362196,68,1958,1,1,0,0,0,0,0,0,0,1,5.782987856447572,1,6.183869434205136,14,5.782987856447572,1,5.782987856447572,1,4.5
132,2.0794415416798357,41,1985,1,0,0,0,0,0,0,0,0,0,6.1284424019021175,1,6.159405535076941,2,6.101072201743608,2,6.034405535076941,2,8.3
144,2.4849066497880004,92,1934,0,0,0,0,0,0,0,0,0,1,5.619351492811209,1,5.619351492811209,1,5.619351492811209,1,5.639451263147945,3,2.7
107,7.045776576879511,12,2014,0,0,0,0,0,0,0,0,0,0,5.937533310993026,1,5.939451263147945,3,5.937533310993026,1,6.067738868410274,2,6.2
153,12.0326176642218,12,2014,1,0,0,1,0,0,0,1,0,0,6.627524428061552,5,6.578877771926745,32,6.10627035671796,8,5.500514656836932,15,8.1
135,2.4849066497880004,8,2018,0,0,1,1,0,0,0,0,0,0,5.873896947356664,1,5.873896947356664,1,5.793297416994099,3,5.873896947356664,1,5.5
96,5.752572638825633,12,2014,1,0,0,0,0,0,0,0,0,0,6.073896947356662,1,7.100201037826927,54,7.047450176569067,83,6.927791280160949,120,7.7
149,6.736966958001855,22,2004,0,1,0,1,1,0,0,0,0,0,5.800989724686406,3,5.356708208998889,59,5.3349264283077,19,5.667738868410274,2,4.1
150,5.272999558563747,33,1993,1,1,0,0,1,0,0,0,0,0,5.6177388684102745,2,5.396410830261542,70,5.736633315780234,4,5.7102605837202995,1,3.7
110,3.1354942159291497,8,2018,1,0,0,0,0,0,0,0,0,0,5.864806038265754,1,5.864806038265754,1,5.864806038265754,1,5.864806038265754,1,5.4
163,8.338544879988579,14,2012,0,1,0,0,1,1,0,0,0,0,5.825459515032975,18,5.825459515032975,18,5.858479561965267,21,5.105940337943331,9,4.1
136,8.691986481789401,7,2019,1,0,0,0,0,0,0,0,0,0,5.829490458637379,4,5.400612686710633,11,5.692738868410274,2,5.784405535076941,2,3.1
110,2.6390573296152584,11,2015,0,0,1,0,0,1,0,0,0,0,5.964806038265754,1,6.034405535076941,2,5.964806038265754,1,5.964806038265754,1,6.5
146,3.9512437185814275,34,1992,0,1,1,0,0,0,0,1,0,0,4.896369434205138,14,5.971369434205137,14,5.858479561965267,21,5.74603938276924,12,5.2
138,6.6052979209482015,22,2004,1,1,0,0,1,0,0,0,0,0,5.8260722017436075,2,5.528400721966557,82,5.371391221603244,28,5.9531351783589805,26,4.5
158,4.07753744390572,34,1992,0,1,0,0,0,0,0,0,0,0,5.333946020043966,11,5.682987856447571,1,5.217024067247869,26,4.8659609110663204,19,3.4
127,4.955827057601261,36,1990,0,0,0,0,1,1,0,0,0,0,5.728492578940183,8,5.973896947356663,1,5.973896947356663,1,6.20940553507694,2,6.6
155,2.6390573296152584,33,1993,0,0,1,0,0,0,0,0,0,0,5.2951592456068495,8,5.393776172923092,4,5.3932974169941,3,5.6177388684102745,2,4.1
141,7.226209010100671,13,2013,0,1,0,1,1,0,0,0,0,0,5.92234760149452,4,5.356708208998889,59,5.746624220083936,1,5.544554151307706,6,4.1
146,4.02535169073515,31,1995,1,1,0,0,0,0,0,0,0,0,5.842738868410275,2,5.921342085059831,89,5.983224754883523,25,5.716374340071022,3,5.0
132,2.3978952727983707,22,2004,1,1,0,0,0,0,0,0,0,0,5.792078765538481,1,5.792078765538481,1,5.792078765538481,1,5.792078765538481,1,4.6
161,3.7612001156935624,62,1964,1,0,0,0,0,0,1,1,0,0,6.421369434205137,14,6.47834521208835,91,6.34709554736411,20,5.4861738007472605,18,7.0
138,2.9444389791664403,45,1981,1,0,0,0,0,0,0,0,0,0,5.700415045836235,21,5.472347601494521,4,5.500459515032975,18,5.5700868612400996,23,5.2
136,3.1354942159291497,61,1965,0,0,1,0,0,1,0,0,1,0,6.117381467829072,8,6.0565146568369315,15,5.83440553507694,2,6.205191863924958,31,6.8
100,7.203405521083095,9,2017,0,1,0,0,0,0,0,0,0,1,6.067738868410274,2,6.082987856447573,1,6.082987856447573,1,6.054191094728219,5,7.8
138,4.454347296253507,22,2004,1,0,1,1,0,0,0,0,0,0,5.647143570840253,3,5.5760722017436075,2,5.477912801609484,3,5.3152047443516635,4,4.0
115,3.4011973816621555,68,1958,0,1,0,0,0,0,0,0,1,0,6.062528186224868,3,6.229837873202802,34,6.100857761394886,5,6.159405535076941,2,6.4
128,7.277247726631484,9,2017,0,0,0,1,0,0,0,0,0,0,5.864806038265754,1,5.219562361627795,52,5.581565067663014,11,5.477912801609484,3,5.4
107,6.677083461247136,7,2019,1,0,0,0,1,0,0,0,0,0,6.017738868410274,2,6.1284424019021175,1,7.047450176569067,83,6.927791280160949,120,8.3
120,2.1972245773362196,53,1973,1,0,0,0,0,0,0,0,0,0,6.100989724686406,3,6.00116967462939,1,6.139451263147945,3,6.00116967462939,1,6.9
89,2.0794415416798357,12,2014,0,0,0,0,0,0,0,0,0,0,5.973896947356663,1,5.973896947356663,1,7.047450176569067,83,6.927791280160949,120,6.6
109,5.857933154483459,13,2013,0,0,1,0,0,0,0,0,1,0,6.001072201743607,2,5.8829878564475715,1,5.8829878564475715,1,5.8829878564475715,1,5.6
166,7.530479995245536,35,1991,1,1,0,0,0,1,0,0,0,0,6.10116967462939,1,6.182602372175832,18,6.324514656836932,15,5.990643321046164,10,8.0
126,2.302585092994046,9,2017,0,0,0,1,0,0,0,0,0,0,5.694191094728219,5,5.792738868410274,2,5.7427388684102745,2,5.794191094728219,5,4.9
137,5.783825182329737,23,2003,1,0,0,1,0,0,0,0,0,0,5.937533310993026,1,5.658061887208807,4,5.694554151307706,6,5.939451263147945,3,6.2
120,5.6131281063880705,7,2019,1,1,0,0,1,0,0,0,0,0,5.934405535076941,2,5.912521554171958,7,6.095414022153857,9,5.672347601494521,4,4.3
83,3.091042453358316,22,2004,1,0,0,0,0,0,0,0,0,0,5.992078765538481,1,6.034405535076941,2,5.992078765538481,1,5.992078765538481,1,6.8
141,7.143617602704121,7,2019,1,1,0,0,0,0,0,0,0,0,5.910260583720299,1,5.356708208998889,59,5.217024067247869,26,5.8866333157802355,4,5.9
150,3.871201010907891,20,2006,0,0,1,0,0,0,0,0,0,0,6.488268679421918,23,5.593762214030777,20,5.39015086425912,9,5.565784695424972,51,5.5
159,4.859812404361672,36,1990,1,1,0,0,0,0,0,0,0,0,5.847524428061552,5,6.135342018301013,13,5.843474236839166,34,5.777912801609484,3,6.0
164,4.276666119016055,39,1987,1,1,0,0,1,0,0,0,0,0,6.210643321046165,10,5.976072201743608,2,6.159405535076941,2,6.12406664776333,3,7.0
125,3.6375861597263857,35,1991,1,0,0,0,0,0,0,0,0,0,5.995414022153857,9,5.322277075653853,22,5.654191094728219,5,5.795201703100598,29,5.5
150,4.663439094112067,35,1991,1,1,0,0,1,0,0,0,0,0,5.527662618815857,23,6.023907835909508,24,5.532731365321274,24,5.586948473678333,12,4.9
126,3.2188758248682006,16,2010,1,0,0,0,0,0,0,0,0,0,6.0466242200839355,1,5.9510722017436075,2,6.0466242200839355,1,6.0466242200839355,1,7.4
121,2.9444389791664403,45,1981,1,0,0,0,0,0,0,0,0,0,5.964806038265754,1,6.236633315780234,4,5.964806038265754,1,5.964806038265754,1,6.5
125,2.4849066497880004,32,1994,0,0,0,0,0,0,0,1,0,0,5.982987856447571,1,6.154835878532561,3,5.982987856447571,1,5.5700868612400996,23,6.7
137,3.332204510175204,55,1971,0,0,1,1,0,0,0,0,0,0,6.214898400996348,11,6.6843833277482565,34,6.1657768009097085,13,5.9815650676630145,11,6.2
167,5.3981627015177525,31,1995,1,1,1,0,0,0,0,0,0,0,5.388036100871804,14,5.6258041513077055,6,5.8068666587394615,21,6.018403907113134,7,4.1
168,6.300785794663244,28,1998,1,0,1,0,0,0,0,0,0,0,5.684048134495738,8,5.153308758995962,9,5.528442401902118,1,5.528442401902118,1,1.7
160,5.3981627015177525,34,1992,1,1,0,1,0,0,0,0,0,0,5.839451263147946,3,5.839451263147946,3,5.8788202791705775,13,5.869098232680173,9,5.2
150,4.219507705176107,45,1981,0,0,1,0,0,0,0,0,0,0,6.009405535076941,2,5.80709554736411,20,5.563835074785437,9,6.067738868410274,2,7.7
87,2.5649493574615367,89,1937,1,0,1,0,0,0,1,0,0,0,6.014191094728219,5,6.47834521208835,91,5.910260583720299,1,5.910260583720299,1,5.9
149,5.017279836814924,51,1975,1,0,1,0,0,0,0,1,0,0,6.321888086461547,18,6.491721282179798,73,6.594801845025647,26,6.190643321046164,10,6.6
157,4.23410650459726,64,1962,1,0,1,0,0,0,0,0,0,0,6.709675746405605,12,6.208682032378714,3,6.594801845025647,26,6.042738868410274,2,7.6
156,5.442417710521793,37,1989,1,0,1,0,0,0,0,0,0,0,6.216466653732805,9,5.3923579264167305,93,5.955253755513655,21,6.061173800747261,18,5.9
192,5.3612921657094255,56,1970,1,1,0,0,0,0,0,1,0,0,5.5958507819487275,11,6.603274868014205,55,6.622579622803425,26,6.084549116340087,28,6.9
156,5.0369526024136295,35,1991,0,1,1,0,0,0,0,0,0,0,5.190643321046164,10,5.188992142407252,7,5.484405535076941,2,5.450919030065949,4,2.1
164,9.89917828094803,11,2015,1,1,0,0,0,0,0,1,0,0,5.847524428061552,5,5.346112564277431,51,5.695414022153858,9,5.907524428061553,5,4.4
183,6.81783057145415,44,1982,1,0,1,0,0,0,0,1,0,0,6.432256127417015,9,6.6843833277482565,34,6.378254311886048,17,6.332403019132877,12,7.2
102,4.02535169073515,52,1974,1,0,1,0,0,0,0,0,0,0,5.826992969522278,9,6.603274868014205,55,6.313861254619549,27,5.895643321046164,10,6.5
137,3.258096538021482,43,1983,1,0,1,0,0,0,0,0,0,0,5.714898400996347,11,5.4725802696012575,88,5.837304297111666,52,5.782602372175831,18,6.1
148,4.189654742026425,32,1994,1,0,0,0,0,0,1,0,0,0,5.614191094728219,5,5.939515471802202,46,5.920857761394886,5,5.8910888771868235,11,6.1
156,6.054439346269371,30,1996,1,1,0,0,0,0,0,1,0,0,5.89207876553848,1,6.6843833277482565,34,6.244152075653853,22,5.586948473678333,12,5.7
114,1.9459101490553132,29,1997,0,0,0,0,0,0,0,0,0,0,5.643776172923092,4,5.817738868410274,2,5.63870792480587,11,5.522937023384626,8,3.5
162,8.21932609390609,22,2004,1,1,0,0,1,0,0,0,0,0,5.873896947356664,1,5.346112564277431,51,5.375536100871805,14,5.458571916890699,9,5.5
138,7.601901959875166,16,2010,0,1,0,0,0,1,0,0,0,0,5.784405535076941,2,5.400612686710633,11,5.7557151291748445,1,5.7557151291748445,1,4.2
175,2.4849066497880004,15,2011,0,1,0,0,0,0,0,0,0,1,5.90116967462939,1,5.90116967462939,1,7.047450176569067,83,6.927791280160949,120,5.8
136,4.6913478822291435,29,1997,0,1,0,0,0,1,0,0,1,0,5.773896947356662,1,4.91827862617752,29,5.375536100871805,14,5.5577555438534905,11,4.4
121,3.332204510175204,83,1943,1,0,0,0,0,0,0,0,0,0,6.312521554171958,7,6.073896947356662,1,6.073896947356662,1,6.077912801609484,3,7.7
130,4.1588830833596715,29,1997,0,0,0,0,0,0,0,0,1,0,6.372937023384627,8,6.137978611715534,43,5.934405535076941,2,6.0796245484696465,9,5.8
157,5.0369526024136295,21,2005,1,0,1,0,0,0,1,0,0,0,5.631758955455638,3,5.792078765538481,1,6.053698024760193,7,5.784405535076941,2,4.6
120,3.9512437185814275,48,1978,1,0,1,1,0,0,0,0,0,0,6.488268679421918,23,5.4725802696012575,88,5.942802554650895,16,6.308514656836931,15,6.7
164,7.559038255443384,53,1973,1,1,0,0,0,0,0,1,0,0,6.390643321046165,10,5.921342085059831,89,6.313861254619549,27,6.050919030065949,4,7.4
166,5.517452896464707,64,1962,1,0,0,1,0,0,0,1,0,0,6.2954140221538575,9,6.6843833277482565,34,6.009405535076941,2,6.154835878532561,3,7.0
138,4.248495242049359,32,1994,0,0,0,1,0,0,0,0,0,0,6.115204744351664,4,5.937533310993026,1,6.453319600615392,24,5.784887706364383,9,6.2
133,4.6443908991413725,45,1981,0,1,0,0,1,1,0,0,0,0,6.3910888771868235,11,5.9815650676630145,11,5.987524428061552,5,5.82406664776333,3,6.6
110,4.356708826689592,10,2016,1,0,0,0,0,0,0,0,0,0,5.955715129174845,1,6.272514656836932,15,6.143776172923092,4,5.685605109301791,3,6.4
97,3.332204510175204,8,2018,1,0,0,0,0,0,0,0,0,0,5.973896947356663,1,6.101072201743608,2,5.973896947356663,1,6.177227436524899,7,6.6
133,9.504426892100957,10,2016,1,0,0,0,1,1,0,0,0,0,6.709255061779273,13,6.212033323881665,16,6.192738868410274,2,5.9927388684102745,2,7.4
140,7.114769448366463,23,2003,1,1,1,0,0,0,0,0,0,0,5.80116967462939,1,5.514191094728219,5,5.700989724686408,3,5.230168612995488,7,4.7
161,5.75890177387728,43,1983,1,1,0,0,0,0,0,1,0,0,5.892738868410274,2,6.128944742530841,101,6.313861254619549,27,5.700857761394886,5,6.0
149,2.772588722239781,43,1983,1,1,0,0,0,0,1,0,0,0,5.977912801609484,3,5.946624220083936,1,6.009405535076941,2,5.648385496561882,13,6.3
153,6.7226297948554485,40,1986,1,0,1,1,0,0,0,0,0,0,6.382054151307706,6,6.514947961485934,31,6.2820541513077055,6,6.121888086461546,18,7.8
142,6.761572768804055,56,1970,1,0,1,0,0,0,0,0,0,0,6.100804151307706,6,6.47834521208835,91,6.364745229318689,18,6.162528186224869,3,7.4
144,6.20050917404269,42,1984,1,0,0,1,0,0,0,0,0,0,5.593762214030777,20,5.8264024600341955,17,5.750919030065949,4,5.962528186224868,3,6.4
136,3.5553480614894135,48,1978,0,1,0,1,0,0,0,0,0,1,6.137533310993026,1,6.137533310993026,1,6.137533310993026,1,6.137533310993026,1,8.4
139,5.5254529391317835,37,1989,0,0,0,0,0,0,0,0,0,0,5.593762214030777,20,5.8264024600341955,17,5.846624220083935,1,5.692738868410274,2,5.2
137,6.637258031284457,12,2014,1,0,1,0,0,0,0,0,0,0,5.946624220083936,1,5.693297416994099,3,5.976072201743608,2,5.851072201743608,2,6.3
71,5.6240175061873385,8,2018,1,0,0,0,0,0,0,0,0,0,6.110260583720299,1,7.100201037826927,54,7.047450176569067,83,6.927791280160949,120,8.1
120,3.7376696182833684,61,1965,0,0,1,0,0,0,1,0,0,0,5.947143570840253,3,5.921342085059831,89,6.307340221411149,19,6.269725631573973,16,6.5
100,3.1354942159291497,9,2017,0,0,0,0,0,0,0,0,0,0,6.059405535076941,2,7.100201037826927,54,7.047450176569067,83,6.927791280160949,120,6.5
135,2.772588722239781,54,1972,0,0,0,1,0,0,0,0,0,0,5.910260583720299,1,6.409201953556568,24,6.354935346088585,23,6.009405535076941,2,5.9
148,5.817111159963204,24,2002,1,0,1,1,0,0,0,0,0,0,5.728442401902117,1,4.990967175706513,55,5.909255061779273,13,5.6301686129954875,7,3.9
140,8.014335737299424,16,2010,0,0,1,1,0,0,0,0,0,0,5.7427388684102745,2,5.90627035671796,8,5.640643321046165,10,5.8677388684102745,2,4.6
149,9.922750818716974,15,2011,1,0,1,1,0,0,0,0,0,0,6.236633315780234,4,6.078492578940182,8,5.739451263147946,3,6.0080618872088065,4,7.6
137,9.565213693968287,11,2015,1,0,1,1,0,0,0,0,0,0,6.236633315780234,4,6.078492578940182,8,6.028442401902117,1,5.932054151307705,6,7.2
137,2.4849066497880004,53,1973,1,0,0,0,0,0,0,0,0,0,5.816374340071023,3,6.60055940960536,13,5.859405535076941,2,6.190643321046164,10,6.1
136,3.2188758248682006,33,1993,1,0,0,0,0,0,0,1,0,0,5.5958507819487275,11,5.764806038265753,1,5.764806038265753,1,5.764806038265753,1,4.3
144,4.07753744390572,39,1987,1,0,0,0,0,0,1,0,0,0,6.016374340071023,3,4.990967175706513,55,5.750714801162405,8,5.469725631573973,16,6.4
116,1.791759469228055,7,2019,1,0,0,0,0,0,0,0,0,0,5.70116967462939,1,5.70116967462939,1,5.325804151307706,6,5.70116967462939,1,3.6
132,8.019283792916793,20,2006,1,0,1,1,0,0,0,0,0,0,6.100989724686406,3,5.871345083583723,7,5.700857761394886,5,6.283109789466075,7,6.7
77,2.70805020110221,23,2003,1,0,1,0,0,0,0,0,0,0,5.871888086461546,18,5.83440553507694,2,5.653698024760194,7,5.928442401902117,1,6.1
162,8.470311205516108,28,1998,1,1,0,1,0,0,0,0,0,0,5.544554151307706,6,5.346112564277431,51,6.129702767538471,14,5.458571916890699,9,6.7
165,5.918893854273146,27,1999,1,0,1,0,0,1,0,0,0,0,5.667738868410274,2,5.219562361627795,52,5.2269929695222785,9,5.401072201743607,2,3.3
123,5.225746673713202,21,2005,1,0,0,1,0,0,0,1,0,0,5.800989724686406,3,5.939515471802202,46,5.565084306497744,24,5.677912801609484,3,6.1
156,8.00603417874901,28,1998,1,0,1,1,0,0,0,0,0,0,5.578820279170578,13,5.396410830261542,70,6.129702767538471,14,5.982987856447571,1,6.7
123,6.694562058521095,25,2001,1,0,1,0,0,1,0,0,0,0,5.693297416994099,3,5.153308758995962,9,6.12406664776333,3,5.95940553507694,2,5.7
133,4.0943445622221,12,2014,1,0,0,0,0,0,0,0,0,0,5.910260583720299,1,5.684405535076941,2,5.910260583720299,1,5.910260583720299,1,5.9
157,3.8066624897703196,25,2001,1,0,1,0,0,1,0,0,0,0,6.015204744351664,4,6.491721282179798,73,5.964806038265754,1,5.964806038265754,1,6.5
146,8.669742589876522,69,1957,1,0,1,0,0,0,0,1,0,0,6.536050965936664,7,6.343776172923092,4,6.622579622803425,26,6.228492578940183,8,8.4
137,4.574710978503383,24,2002,1,0,1,0,0,0,0,0,0,0,5.747143570840253,3,5.6738969473566625,1,5.271345083583722,7,5.6738969473566625,1,3.3
106,3.4339872044851463,23,2003,0,0,0,0,0,0,0,0,0,0,5.412902075653853,22,5.643469829567775,11,5.855715129174845,1,5.855715129174845,1,5.3
161,4.356708826689592,45,1981,0,0,1,0,0,0,1,0,0,0,5.714898400996347,11,5.4725802696012575,88,5.983224754883523,25,6.061173800747261,18,7.4
147,2.70805020110221,35,1991,1,0,1,0,0,0,0,0,0,0,6.101072201743608,2,5.946624220083936,1,5.6831097894660765,7,5.946624220083936,1,6.3
135,4.174387269895637,57,1969,0,0,1,0,0,0,0,0,0,0,6.214898400996348,11,6.183869434205136,14,6.208601383769235,38,6.3628786032973625,57,6.9
154,3.9512437185814275,34,1992,0,0,1,0,0,0,0,0,0,0,5.619152075653853,22,5.8677388684102745,2,5.576869498317517,37,5.970220493917177,3,6.3
135,5.170483995038151,41,1985,0,0,1,0,0,0,1,0,0,0,6.015204744351664,4,5.3923579264167305,93,5.743469829567776,11,5.900378424144803,24,6.3
148,4.74493212836325,36,1990,1,1,0,1,0,0,0,0,0,0,5.619152075653853,22,5.3923579264167305,93,5.955253755513655,21,5.869098232680173,9,3.8
161,3.4011973816621555,36,1990,1,0,0,0,0,0,0,0,0,0,5.619152075653853,22,5.921342085059831,89,5.7380361008718035,14,5.795201703100598,29,6.1
148,4.574710978503383,38,1988,1,0,0,0,0,0,1,0,0,0,5.619152075653853,22,5.3923579264167305,93,6.093297416994099,3,5.869098232680173,9,6.5
153,4.68213122712422,57,1969,1,0,1,0,0,0,0,1,0,0,6.390643321046165,10,6.404907235692317,13,6.594801845025647,26,5.869098232680173,9,6.8
147,3.044522437723423,57,1969,1,0,0,1,0,0,1,0,0,0,6.951462009788914,33,6.47834521208835,91,6.205643321046165,10,6.228492578940183,8,6.2
136,2.1972245773362196,35,1991,0,0,1,0,0,0,0,0,0,0,5.836050965936664,7,5.773896947356662,1,5.854835878532561,3,5.865204744351664,4,4.4
130,3.9318256327243257,40,1986,1,1,0,0,0,0,0,0,0,0,5.934191094728219,5,5.754191094728219,5,5.576869498317517,37,5.9317589554556385,3,6.2
187,3.9512437185814275,39,1987,1,0,1,0,0,0,1,0,0,0,6.1309941922140565,13,5.939515471802202,46,5.743469829567776,11,5.851072201743608,2,5.6
134,3.6888794541139363,36,1990,1,1,1,0,0,0,0,0,0,0,5.605374591472538,11,5.3923579264167305,93,5.565084306497744,24,5.865204744351664,4,5.6
146,3.6375861597263857,39,1987,1,0,0,1,0,0,0,1,0,0,5.427857564587422,12,6.249591938691465,81,6.175643321046165,10,6.121888086461546,18,7.4
150,4.430816798843313,55,1971,1,0,1,0,0,0,0,0,0,0,5.968316657890118,18,6.346888086461546,18,6.356032089663826,17,6.367143200774937,17,6.1
133,3.6375861597263857,40,1986,1,0,1,0,0,0,0,0,0,0,5.588992142407252,7,5.644648673347989,53,5.743469829567776,11,5.420643321046164,10,3.6
129,5.176149732573829,60,1966,0,0,1,1,0,0,0,0,0,0,6.169554151307706,6,6.409201953556568,24,6.594801845025647,26,6.269725631573973,16,7.1
130,6.71901315438526,20,2006,0,1,0,1,1,0,0,0,0,0,5.939451263147945,3,5.6738969473566625,1,5.415643321046164,10,5.408061887208807,4,3.3
136,4.2626798770413155,41,1985,1,1,0,1,0,0,0,0,0,0,6.216466653732805,9,5.3923579264167305,93,5.743469829567776,11,5.992078765538481,1,6.8
100,4.007333185232471,42,1984,0,0,0,0,0,0,0,0,0,0,5.828442401902118,1,6.514947961485934,31,5.828442401902118,1,5.828442401902118,1,5.0
96,3.4011973816621555,9,2017,1,0,0,0,0,1,0,0,0,0,5.9193514928112085,1,5.9193514928112085,1,5.9193514928112085,1,6.927791280160949,120,6.0
130,2.772588722239781,51,1975,1,0,1,0,0,1,0,0,0,0,5.833946020043966,11,5.790996893509845,33,6.1657768009097085,13,5.785605109301792,3,5.7
110,3.4339872044851463,42,1984,1,1,0,0,0,0,0,0,0,0,5.747143570840253,3,5.322277075653853,22,6.031758955455637,3,5.869098232680173,9,6.1
125,8.906935339059165,9,2017,0,0,1,1,0,0,0,0,0,0,5.900804151307705,6,6.693069126700863,17,6.019351492811208,1,5.248045601101226,9,7.1
145,2.9444389791664403,14,2012,0,0,1,0,0,0,0,0,0,0,5.737533310993026,1,5.737533310993026,1,5.737533310993026,1,5.5320541513077055,6,4.0
135,3.258096538021482,38,1988,1,0,0,0,1,0,0,0,1,0,5.333946020043966,11,5.907524428061553,5,5.8008577613948855,5,5.5700868612400996,23,6.0
96,1.791759469228055,25,2001,0,0,0,0,0,0,0,0,0,0,5.412902075653853,22,5.792738868410274,2,5.846624220083935,1,5.586633315780235,4,5.2
113,2.0794415416798357,25,2001,0,0,0,0,1,0,0,0,0,0,5.655715129174845,1,5.626072201743607,2,5.727524428061553,5,5.655715129174845,1,3.1
141,5.313205979041787,40,1986,0,0,0,0,0,1,0,0,1,0,6.0080618872088065,4,6.471632800332116,53,5.8460393827692405,12,6.084549116340087,28,7.0
139,4.143134726391533,43,1983,1,1,0,0,1,0,0,0,0,0,5.407883941515678,17,5.921342085059831,89,6.184777075653853,22,5.648385496561882,13,6.0
162,9.258940041812245,38,1988,1,0,1,0,0,0,0,1,0,0,6.286633315780235,4,6.578877771926745,32,5.843474236839166,34,5.809405535076941,2,7.5
180,7.697575346802343,23,2003,1,1,1,0,0,0,0,0,0,0,5.376803162901108,11,5.396410830261542,70,5.316563957322251,27,5.387524428061552,5,4.7
133,4.700480365792417,28,1998,1,0,0,0,0,0,1,0,0,0,5.595643321046164,10,6.759304267203161,29,5.6937761729230925,4,6.121888086461546,18,5.1
146,11.032515881090573,13,2013,1,0,0,1,0,0,0,0,0,1,6.165204744351663,4,5.936948473678331,12,6.071345083583723,7,6.119351492811208,1,8.2
112,2.3978952727983707,15,2011,1,0,0,0,0,0,0,1,0,0,5.864806038265754,1,5.83419109472822,5,5.864806038265754,1,6.927791280160949,120,5.4
97,6.688354713946762,17,2009,1,1,0,1,0,0,0,0,0,0,5.843776172923092,4,5.90116967462939,1,5.859405535076941,2,5.90116967462939,1,5.8
157,6.714170529909472,46,1980,1,1,0,0,1,0,0,0,0,0,5.684048134495738,8,5.89396343293301,21,5.858479561965267,21,6.2266463661271,13,7.0
146,8.622093601241607,13,2013,0,1,1,1,0,0,0,0,0,0,5.140643321046165,10,5.813762214030776,20,5.64603938276924,12,5.671345083583723,7,5.2
156,10.57234204052703,15,2011,0,1,0,0,0,0,0,0,0,1,5.790643321046164,10,6.437236226541811,36,5.734191094728219,5,5.8043410161893565,16,4.7
147,8.750207862525711,9,2017,1,1,0,0,0,0,0,0,0,0,5.8375333109930265,1,6.006270356717961,8,6.001072201743607,2,6.1741910947282195,5,5.1
109,2.0794415416798357,47,1979,1,0,0,0,0,0,1,0,0,0,5.864806038265754,1,5.864806038265754,1,5.864806038265754,1,6.077912801609484,3,5.4
135,5.932245187448011,9,2017,1,1,0,0,0,0,0,0,0,0,6.195850781948728,11,6.0772274365248995,7,6.062528186224868,3,6.110260583720299,1,8.1
128,2.3978952727983707,68,1958,1,0,0,0,0,0,1,0,0,0,5.964806038265754,1,6.47834521208835,91,6.095159245606849,8,6.207054151307705,6,6.5
85,3.332204510175204,7,2019,1,0,0,0,0,0,0,0,0,0,6.400804151307705,6,6.111825912273516,8,6.151072201743607,2,6.518403907113134,7,7.4
140,3.6635616461296463,51,1975,1,0,0,0,0,0,1,0,0,0,6.1741910947282195,5,5.939515471802202,46,5.988304151307705,6,6.205191863924958,31,6.2
153,6.999422467507961,37,1989,1,1,0,0,1,0,0,0,0,0,6.055715129174845,1,6.578877771926745,32,6.250804151307706,6,6.163304151307706,6,7.5
113,4.356708826689592,19,2007,1,1,0,0,1,0,0,0,0,0,6.122937023384627,8,5.3923579264167305,93,5.52406664776333,3,5.70116967462939,1,3.6
109,2.0794415416798357,50,1976,0,1,0,0,0,0,0,0,0,0,6.136050965936664,7,6.108869434205137,14,5.946624220083936,1,5.946624220083936,1,6.3
138,4.204692619390966,54,1972,1,0,0,0,0,0,1,0,0,0,6.310788497273217,19,5.700612686710633,11,5.837304297111666,52,6.084549116340087,28,6.3
140,10.320387038269956,13,2013,1,0,1,0,0,0,0,0,0,0,6.0941910947282185,5,6.031758955455638,3,5.695414022153858,9,6.100804151307706,6,7.6
129,5.187385805840755,31,1995,1,0,0,1,0,0,0,0,0,0,5.819351492811208,1,5.819351492811208,1,5.500989724686407,3,5.92406664776333,3,4.9
133,4.454347296253507,54,1972,1,0,1,0,0,0,0,0,0,0,5.92406664776333,3,6.128944742530841,101,5.819266660024954,27,6.029490458637378,4,5.7
127,6.928537818164665,34,1992,0,0,0,0,0,0,0,0,0,0,5.670066660951704,33,6.019351492811208,1,6.009405535076941,2,6.008690733914536,26,7.1
149,9.665864679957084,6,2020,1,0,0,0,1,0,0,0,1,0,6.037533310993027,1,6.212033323881665,16,6.406639201230782,7,6.062528186224868,3,7.3
135,4.31748811353631,59,1967,0,0,0,0,0,1,0,0,1,0,6.459735793367529,17,6.972277075653853,22,6.416514656836931,15,6.3007568482896055,7,7.6
100,5.808142489980444,5,2021,1,0,0,0,0,1,0,0,0,0,5.851072201743608,2,5.851072201743608,2,5.842738868410275,2,5.792738868410274,2,5.2
104,6.280395838960195,17,2009,1,0,0,1,0,0,0,0,0,0,5.707524428061553,5,5.985605109301791,3,5.946624220083936,1,6.113304151307705,6,6.3
110,2.302585092994046,39,1987,0,0,0,0,0,0,0,0,1,0,5.450919030065949,4,5.767738868410274,2,5.859405535076941,2,5.764806038265753,1,4.3
130,8.353732642263202,16,2010,1,1,0,0,0,0,0,0,0,1,6.229490458637378,4,5.427417939266281,16,5.763036100871804,14,5.400536100871804,14,5.4
139,4.927253685157205,59,1967,0,0,0,0,0,1,0,0,1,0,6.062528186224868,3,6.491721282179798,73,6.048045601101225,9,6.055643321046165,10,6.2
132,3.044522437723423,45,1981,0,0,0,0,1,1,0,0,1,0,5.700415045836235,21,5.80709554736411,20,5.988304151307705,6,5.884405535076941,2,5.2
151,8.034631032923107,24,2002,1,0,0,0,0,0,0,1,0,0,5.080321660523082,30,5.450919030065949,4,5.081565067663014,11,5.964806038265754,1,6.5
139,8.16876982367527,14,2012,0,0,1,0,0,1,0,0,0,0,5.080321660523082,30,5.543224754883523,25,5.081565067663014,11,5.686633315780235,4,4.0
128,7.487173694213739,10,2016,0,0,1,0,0,0,0,0,1,0,5.080321660523082,30,5.543224754883523,25,5.885605109301792,3,5.70940553507694,2,4.4
151,8.130647968160584,17,2009,0,0,1,0,0,0,0,0,1,0,6.032403019132877,12,5.936948473678331,12,5.717738868410275,2,5.787524428061553,5,5.6
138,10.187086299550273,8,2018,1,1,0,0,0,1,0,0,0,0,6.044554151307706,6,5.936633315780235,4,6.192738868410274,2,6.177227436524899,7,7.8
167,10.714106609236245,18,2008,1,0,0,1,0,0,0,0,0,0,6.02406664776333,3,6.437236226541811,36,6.10627035671796,8,6.126072201743607,2,7.2
116,5.627621113690637,13,2013,0,0,1,1,0,0,0,0,0,0,5.95940553507694,2,5.764806038265753,1,5.764806038265753,1,5.500559409605361,13,4.3
149,9.511703431483827,18,2008,1,1,0,0,1,0,0,0,0,0,5.825459515032975,18,5.825459515032975,18,5.926221497449138,21,5.835342018301013,13,6.7
150,9.653422343655654,13,2013,0,1,0,0,1,1,0,0,0,0,5.825459515032975,18,5.825459515032975,18,5.926221497449138,21,5.769554151307705,6,5.4
160,10.656270630991948,8,2018,0,1,0,0,1,1,0,0,0,0,5.244554151307706,6,5.644648673347989,53,5.44664870849705,16,5.250714801162405,8,1.9
118,2.5649493574615367,43,1983,0,0,0,0,0,0,1,0,0,0,5.810260583720299,1,5.644648673347989,53,5.810260583720299,1,5.810260583720299,1,4.8
122,2.8903717578961645,8,2018,1,0,0,0,0,0,0,0,0,0,6.037533310993027,1,6.037533310993027,1,6.037533310993027,1,6.037533310993027,1,7.3
120,2.0794415416798357,72,1954,0,0,0,0,0,0,0,0,0,0,6.0920787655384805,1,6.293776172923093,4,6.285605109301792,3,6.350584837314695,12,7.9
135,11.998162474856553,5,2021,0,1,0,0,1,1,0,0,0,0,5.140643321046165,10,5.346112564277431,51,5.476072201743608,2,5.627524428061553,5,1.8
110,5.720311776607412,17,2009,1,0,1,0,0,0,0,1,0,0,5.416374340071022,3,4.64193331887784,7,5.593297416994099,3,5.637533310993026,1,2.9
143,10.632050138317028,9,2017,1,1,0,0,1,0,0,0,0,0,5.9437761729230925,4,5.992078765538481,1,5.992078765538481,1,5.992078765538481,1,6.8
149,3.1354942159291497,36,1990,1,0,0,0,0,0,0,0,0,0,5.534405535076941,2,5.70116967462939,1,6.10055940960536,13,5.522937023384626,8,3.6
122,4.007333185232471,18,2008,1,0,0,1,1,0,0,0,0,0,5.5471435708402534,3,5.759405535076941,2,5.682987856447571,1,5.682987856447571,1,3.4
100,6.480044561926653,23,2003,0,0,0,1,1,0,0,0,0,0,6.372937023384627,8,6.151072201743607,2,6.00116967462939,1,6.00116967462939,1,6.9
151,4.465908118654584,31,1995,1,1,0,0,0,0,0,0,0,0,5.747143570840253,3,4.91827862617752,29,5.325804151307706,6,5.5577555438534905,11,4.3
93,7.820037989458753,15,2011,1,0,0,0,0,0,0,0,1,0,5.831758955455637,3,5.819351492811208,1,6.071345083583723,7,5.819351492811208,1,4.9
119,7.916078096302786,12,2014,0,0,0,0,0,0,0,0,0,0,5.300919030065949,4,5.236633315780234,4,5.7193514928112075,1,5.883109789466076,7,3.8
123,8.433811582477187,11,2015,0,0,0,0,0,1,0,0,1,0,5.87234760149452,4,6.416514656836931,15,6.064806038265754,1,5.979490458637378,4,7.6
70,2.5649493574615367,9,2017,1,0,0,0,0,0,0,0,0,0,5.8829878564475715,1,5.8829878564475715,1,6.100756848289605,7,5.585605109301792,3,5.6
120,2.5649493574615367,57,1969,0,0,1,0,0,0,0,0,0,0,6.154835878532561,3,6.147815671819017,7,5.992078765538481,1,6.446369434205137,14,6.8
139,3.367295829986474,73,1953,1,0,0,0,0,0,0,0,0,0,6.270124626996664,13,6.603274868014205,55,6.228492578940183,8,6.418766655496513,12,7.0
133,3.044522437723423,48,1978,0,1,0,0,0,0,0,0,0,0,5.826992969522278,9,6.249591938691465,81,5.837304297111666,52,6.292202767538471,14,5.8
151,5.521460917862246,25,2001,1,0,0,0,0,0,0,0,0,0,6.335342018301013,13,5.864806038265754,1,5.864806038265754,1,5.854835878532561,3,5.4
122,9.670041108226021,8,2018,1,1,0,0,1,0,0,0,0,0,6.114191094728219,5,5.396410830261542,70,5.808061887208806,4,6.092738868410275,2,7.4
120,4.927253685157205,10,2016,1,0,0,0,1,0,0,0,0,0,6.10116967462939,1,6.10116967462939,1,6.10116967462939,1,6.10116967462939,1,8.0
162,3.2188758248682006,71,1955,1,0,1,1,0,0,0,0,0,0,6.388304151307706,6,5.9437761729230925,4,6.142738868410274,2,6.281958015589752,17,7.2
120,1.9459101490553132,7,2019,0,0,0,0,1,1,0,0,0,0,6.055715129174845,1,6.055715129174845,1,6.055715129174845,1,6.055715129174845,1,7.5
106,8.203304026795282,11,2015,1,0,0,1,0,0,0,0,0,0,6.519660305758252,11,6.0920787655384805,1,6.0920787655384805,1,6.08440553507694,2,7.9
117,8.335911094196945,22,2004,1,0,1,0,0,0,0,0,0,0,6.338304151307705,6,5.396410830261542,70,5.763036100871804,14,6.3536980247601935,7,7.6
136,2.833213344056216,70,1956,1,0,1,0,0,0,0,0,0,1,6.312521554171958,7,6.370643321046164,10,6.416514656836931,15,6.40627035671796,8,6.2
157,2.995732273553991,44,1982,1,1,0,0,0,0,0,0,0,0,5.928442401902117,1,5.790996893509845,33,5.942802554650895,16,5.911468511692314,26,6.1
171,2.70805020110221,67,1959,0,0,0,0,0,0,0,0,0,1,6.288992142407252,7,5.928442401902117,1,6.358187170035511,16,6.3628786032973625,57,6.1
168,6.62273632394984,31,1995,1,1,1,0,0,0,0,0,0,0,5.542202767538471,14,5.6258041513077055,6,5.955253755513655,21,5.507524428061553,5,5.3
117,3.1354942159291497,8,2018,0,0,1,0,0,0,0,0,0,0,5.764806038265753,1,5.764806038265753,1,5.764806038265753,1,5.764806038265753,1,4.3
145,3.912023005428146,58,1968,1,0,0,0,0,0,1,1,0,0,6.026072201743607,2,6.471632800332116,53,6.090643321046164,10,6.00116967462939,1,6.9
161,7.884199933676039,32,1994,1,1,0,1,0,0,0,0,0,0,5.361036596488693,41,4.990967175706513,55,5.185672541791862,24,5.5700868612400996,23,6.3
127,5.356586274672012,23,2003,1,0,0,1,0,0,0,0,0,0,5.579490458637379,4,5.49015086425912,9,5.6831097894660765,7,5.7102605837202995,1,3.7
146,2.0794415416798357,74,1952,0,0,0,0,0,0,0,0,0,0,5.9193514928112085,1,6.072347601494521,4,5.950919030065949,4,6.288304151307706,6,6.0
165,8.881280595070423,30,1996,1,1,0,1,0,0,0,0,0,0,5.436050965936664,7,6.578877771926745,32,5.185672541791862,24,5.5577555438534905,11,6.2
158,5.924255797414532,29,1997,1,0,1,0,0,0,0,0,0,0,5.333946020043966,11,5.7102605837202995,1,5.966027075653853,22,5.359777075653853,22,3.7
148,4.3694478524670215,26,2000,0,0,1,1,0,0,0,1,0,0,5.614191094728219,5,5.747143570840253,3,5.340428880697443,20,5.792738868410274,2,3.4
141,8.303752415563412,12,2014,0,0,0,0,1,1,0,0,0,0,5.950919030065949,4,5.543224754883523,25,5.928442401902117,1,5.570321660523082,30,6.1
144,3.6375861597263857,57,1969,0,0,1,0,0,0,0,0,0,0,5.711203495838068,9,6.249591938691465,81,6.378254311886048,17,5.976072201743608,2,6.3
150,5.84354441703136,27,1999,0,0,1,1,0,0,0,0,0,0,5.400857761394886,5,4.990967175706513,55,5.371391221603244,28,5.5320541513077055,6,4.6
140,5.552959584921617,13,2013,1,1,0,0,0,1,0,0,0,0,5.637533310993026,1,5.593762214030777,20,5.608682032378715,3,5.637533310993026,1,2.9
123,6.07993319509559,13,2013,1,0,1,0,0,0,0,0,0,0,5.582987856447572,1,5.936948473678331,12,5.577912801609484,3,5.017381467829072,8,2.3
146,5.627621113690637,30,1996,1,0,0,0,0,0,1,0,0,0,5.870643321046164,10,6.137978611715534,43,5.532731365321274,24,5.586948473678333,12,4.5
178,5.10594547390058,62,1964,1,0,0,1,0,0,0,1,0,0,6.1741910947282195,5,6.6843833277482565,34,6.565643321046164,10,6.3628786032973625,57,7.0
117,7.4377951216719325,8,2018,1,0,0,1,0,0,1,0,0,0,5.836633315780235,4,5.90116967462939,1,6.244152075653853,22,5.984405535076941,2,5.8
163,9.725436862592819,16,2010,1,0,0,0,1,1,0,0,0,0,6.335342018301013,13,6.296369434205137,14,5.338956400804742,16,6.169098232680173,9,7.1
110,6.508769136971682,52,1974,1,0,1,0,0,0,0,0,0,0,6.488268679421918,23,6.037533310993027,1,6.247524428061553,5,6.116374340071022,3,7.3
125,1.9459101490553132,34,1992,0,1,0,0,0,0,0,0,0,0,5.567738868410274,2,5.3923579264167305,93,5.500989724686407,3,5.470220493917177,3,3.3
120,2.3978952727983707,75,1951,1,1,0,0,0,0,0,0,0,0,6.4101364962344425,11,6.060857761394886,5,6.236050965936664,7,6.175804151307705,6,6.4
138,2.3978952727983707,90,1936,0,0,0,0,0,0,0,0,0,1,5.655715129174845,1,5.526072201743607,2,5.655715129174845,1,5.655715129174845,1,3.1
152,8.902727664035522,34,1992,0,0,1,1,0,0,0,1,0,0,6.0475244280615525,5,6.437236226541811,36,5.843474236839166,34,6.169098232680173,9,6.8
163,7.538494999413465,26,2000,1,1,0,1,0,0,0,0,0,0,5.516374340071023,3,5.788992142407252,7,5.338956400804742,16,5.61709554736411,20,5.1
133,3.7376696182833684,64,1962,1,0,0,0,0,0,1,0,0,0,6.421369434205137,14,6.47834521208835,91,6.622579622803425,26,6.100857761394886,5,6.5
90,3.1354942159291497,54,1972,1,1,0,0,0,0,1,0,0,0,5.8152047443516635,4,6.47834521208835,91,6.438036100871805,14,6.050919030065949,4,6.6
162,6.411818267709897,22,2004,0,0,0,0,0,1,0,0,0,0,5.871888086461546,18,5.356708208998889,59,5.316563957322251,27,5.705374591472538,11,3.7
125,8.310660905907225,16,2010,0,1,0,0,1,0,0,0,0,0,5.670066660951704,33,5.400612686710633,11,5.819266660024954,27,6.001072201743607,2,7.6
135,7.880804344674901,16,2010,0,1,0,0,1,0,0,0,0,0,5.670066660951704,33,5.570966659438921,24,5.529184115282062,11,5.8677388684102745,2,6.5
120,2.772588722239781,14,2012,0,0,0,0,0,1,0,0,0,0,5.655715129174845,1,5.655715129174845,1,5.293297416994099,3,5.655715129174845,1,3.1
135,3.044522437723423,32,1994,0,1,0,0,0,0,0,0,0,0,5.637533310993026,1,5.637533310993026,1,5.637533310993026,1,5.637533310993026,1,2.9
128,5.093750200806762,7,2019,0,0,0,0,0,0,0,0,0,0,5.80116967462939,1,5.80116967462939,1,5.95958037770137,7,5.970220493917177,3,4.7
127,3.091042453358316,45,1981,1,1,0,0,0,0,0,0,0,0,5.968316657890118,18,5.4725802696012575,88,6.1284925789401825,8,6.100584837314695,12,5.8
90,1.791759469228055,49,1977,1,0,0,0,0,0,0,0,0,0,6.115204744351664,4,6.064806038265754,1,6.167738868410274,2,6.472041258139204,11,7.6
164,5.6937321388027,30,1996,0,1,0,0,0,1,0,0,0,0,5.684405535076941,2,4.91827862617752,29,5.185672541791862,24,5.648045601101225,9,4.7
126,2.70805020110221,42,1984,0,1,0,1,1,0,0,0,0,0,5.787524428061553,5,5.695643321046164,10,5.63870792480587,11,5.795201703100598,29,5.3
111,2.5649493574615367,9,2017,1,0,0,0,0,0,0,0,0,0,5.964806038265754,1,5.964806038265754,1,5.237519285311752,9,5.877912801609484,3,6.5
171,6.760414691083428,59,1967,1,0,0,1,0,0,1,0,0,0,6.120857761394886,5,6.759304267203161,29,6.622579622803425,26,6.190643321046164,10,7.4
169,6.16541785423142,46,1980,1,1,0,1,0,0,0,0,0,0,6.629184115282062,11,5.921342085059831,89,6.342024067247869,26,6.2266463661271,13,6.3
130,2.9444389791664403,49,1977,0,0,0,1,0,0,0,0,0,0,5.982987856447571,1,5.700612686710633,11,5.837304297111666,52,5.720514656836932,15,6.7
171,8.803273982501045,19,2007,0,1,0,1,0,0,0,0,0,1,5.670066660951704,33,6.128944742530841,101,5.726072201743608,2,5.807524428061553,5,1.7
122,8.220133957151859,31,1995,1,1,0,0,1,0,0,0,0,0,5.934191094728219,5,6.437236226541811,36,5.843474236839166,34,5.926072201743608,2,5.4
90,6.437751649736401,34,1992,0,0,0,0,0,0,0,0,0,0,6.740857761394887,5,7.100201037826927,54,7.047450176569067,83,6.927791280160949,120,8.9
122,4.532599493153256,7,2019,1,0,0,0,0,0,0,0,0,0,5.859405535076941,2,5.859405535076941,2,5.900804151307705,6,6.192738868410274,2,6.6
174,7.786136437783072,37,1989,1,1,0,1,0,0,0,0,0,0,6.089745229318689,18,6.023907835909508,24,5.217024067247869,26,5.769554151307705,6,6.8
144,3.044522437723423,83,1943,1,0,0,0,0,0,1,0,0,0,6.326992969522278,9,6.072347601494521,4,6.028442401902117,1,6.028442401902117,1,7.2
112,4.127134385045092,9,2017,0,0,1,0,0,0,0,0,0,0,5.7102605837202995,1,5.516374340071023,3,5.659405535076941,2,5.7102605837202995,1,3.7
104,7.149131598557407,6,2020,1,0,0,0,0,0,0,0,0,0,6.320857761394886,5,6.10116967462939,1,5.606639201230782,7,6.10116967462939,1,8.0
140,2.6390573296152584,42,1984,1,0,0,0,0,0,0,0,0,0,5.388992142407253,7,5.911825912273516,8,6.288268679421918,23,5.989603690051293,8,5.8
157,4.07753744390572,41,1985,1,0,0,0,0,0,0,0,0,0,5.967738868410275,2,6.471632800332116,53,5.837304297111666,52,6.205191863924958,31,6.0
178,6.870053411798126,41,1985,1,0,1,0,0,0,0,1,0,0,6.432256127417015,9,5.884405535076941,2,5.750714801162405,8,5.982987856447571,1,6.7
180,5.560681631015528,18,2008,1,0,1,1,0,0,0,0,0,0,5.394191094728219,5,5.550919030065949,4,5.343776172923092,4,5.565784695424972,51,3.9
120,4.997212273764115,16,2010,1,1,0,0,0,0,0,0,0,1,5.534405535076941,2,5.682987856447571,1,5.408682032378715,3,5.682987856447571,1,3.4
142,3.6635616461296463,9,2017,1,0,0,0,0,1,0,0,0,0,6.055715129174845,1,6.055715129174845,1,6.055715129174845,1,6.055715129174845,1,7.5
148,8.16961956172385,13,2013,1,1,1,0,0,0,0,0,0,0,5.140643321046165,10,5.89207876553848,1,5.89207876553848,1,5.700857761394886,5,5.7
170,5.308267697401205,38,1988,1,1,1,0,0,0,0,0,0,0,5.809405535076941,2,5.219562361627795,52,5.532731365321274,24,5.453698024760193,7,4.5
98,6.124683390894205,16,2010,0,0,0,0,0,0,1,0,0,1,5.910260583720299,1,6.32036761202638,25,5.843474236839166,34,5.700584837314694,12,5.9
123,4.0943445622221,35,1991,0,1,0,1,1,0,0,0,0,0,5.692738868410274,2,5.393776172923092,4,5.429490458637377,4,5.720514656836932,15,4.7
154,6.9650803456014065,21,2005,1,0,0,1,0,0,1,0,0,0,5.982987856447571,1,6.275804151307705,6,5.982987856447571,1,5.851072201743608,2,6.7
141,2.5649493574615367,41,1985,0,1,0,0,0,0,0,0,0,0,5.750919030065949,4,5.911825912273516,8,5.819266660024954,27,6.285110246958587,16,5.4
78,3.367295829986474,25,2001,0,0,0,0,0,0,0,0,0,0,6.12406664776333,3,7.100201037826927,54,7.047450176569067,83,6.927791280160949,120,5.9
150,9.858228646130513,13,2013,1,0,1,0,0,0,0,1,0,0,6.4848877063643835,9,5.767381467829072,8,6.025536100871804,14,6.300919030065949,4,6.4
115,8.181720455128108,7,2019,1,0,0,1,0,0,0,0,0,0,6.064806038265754,1,6.064806038265754,1,6.064806038265754,1,6.064806038265754,1,7.6
122,2.3978952727983707,82,1944,1,0,0,0,0,0,0,0,0,0,6.016374340071023,3,5.992078765538481,1,5.992078765538481,1,6.343776172923092,4,6.8
139,4.276666119016055,11,2015,0,0,1,0,0,0,0,0,0,0,5.278820279170577,13,5.986633315780234,4,6.00116967462939,1,6.00116967462939,1,6.9
125,4.356708826689592,30,1996,1,1,0,1,0,0,0,0,0,0,6.093297416994099,3,5.928442401902117,1,5.928442401902117,1,6.065204744351663,4,6.1
98,4.787491742782046,11,2015,0,1,0,0,0,0,0,0,0,0,5.70116967462939,1,5.70116967462939,1,6.0471435708402534,3,5.70116967462939,1,3.6
93,4.406719247264253,9,2017,0,0,0,0,0,1,0,0,0,0,6.037533310993027,1,6.037533310993027,1,6.037533310993027,1,5.565784695424972,51,7.3
150,5.236441962829949,33,1993,1,0,1,0,0,0,0,0,0,0,5.586633315780235,4,5.4725802696012575,88,5.759580377701369,7,5.6177388684102745,2,4.8
180,6.255750041753367,43,1983,0,0,0,1,0,0,0,0,0,0,6.951462009788914,33,6.561428974822752,13,6.1284925789401825,8,5.90091903006595,4,7.1
167,11.647867112717373,20,2006,1,0,0,1,1,0,0,0,0,0,6.1258041513077055,6,6.578877771926745,32,5.995159245606849,8,6.092738868410275,2,8.1
133,4.61512051684126,44,1982,1,1,0,0,0,0,0,0,0,0,5.825804151307706,6,6.032731365321274,24,5.937533310993026,1,5.937533310993026,1,6.2
142,9.145375093123823,31,1995,1,0,0,1,0,0,0,1,0,0,5.670066660951704,33,5.965462730642546,7,6.236050965936664,7,5.668316657890117,18,7.5
162,5.375278407684165,7,2019,0,0,0,1,0,0,0,0,0,0,5.2951592456068495,8,4.990967175706513,55,5.582987856447572,1,5.582987856447572,1,2.3
129,5.176149732573829,13,2013,1,1,0,1,0,0,0,0,0,0,5.793776172923093,4,5.593762214030777,20,6.036050965936664,7,5.909405535076941,2,5.0
170,8.269756947532983,9,2017,1,1,0,0,0,0,0,0,0,0,6.505643321046165,10,5.936948473678331,12,5.5941910947282185,5,5.875643321046164,10,5.6
144,6.056784013228625,13,2013,1,1,0,0,0,0,0,0,0,0,6.1977658056647,29,5.600857761394886,5,5.8375333109930265,1,5.811203495838067,9,5.1
135,3.7612001156935624,51,1975,1,0,0,0,0,0,1,0,0,0,5.968316657890118,18,5.982987856447571,1,5.983224754883523,25,5.982987856447571,1,6.7
148,3.2188758248682006,67,1959,0,1,0,0,0,0,0,0,0,1,6.085605109301792,3,6.148045601101225,9,5.90116967462939,1,6.40627035671796,8,5.8
80,2.302585092994046,7,2019,1,0,0,0,0,0,0,0,0,0,6.028442401902117,1,6.028442401902117,1,6.028442401902117,1,6.028442401902117,1,7.2
137,7.814803429489359,16,2010,1,0,0,0,0,1,0,0,1,0,5.670066660951704,33,6.128944742530841,101,5.135643321046165,10,6.154191094728219,5,6.9
152,6.424869023905388,11,2015,1,1,0,1,0,0,0,0,0,0,5.937533310993026,1,5.90627035671796,8,5.577912801609484,3,5.937533310993026,1,6.2
132,2.0794415416798357,11,2015,1,1,0,0,0,1,0,0,0,0,6.0471435708402534,3,6.073896947356662,1,5.542202767538471,14,6.073896947356662,1,7.7
123,2.0794415416798357,40,1986,1,0,0,1,0,0,0,0,0,0,5.9927388684102745,2,5.89207876553848,1,5.89207876553848,1,5.89207876553848,1,5.7
124,5.648974238161206,19,2007,1,0,0,0,1,0,0,0,1,0,5.793297416994099,3,5.792738868410274,2,5.665204744351663,4,5.8260722017436075,2,4.2
180,1.9459101490553132,13,2013,0,0,0,0,0,1,0,0,1,0,5.764806038265753,1,5.764806038265753,1,5.785605109301792,3,5.359777075653853,22,4.3
80,2.6390573296152584,11,2015,0,0,0,0,0,0,0,0,0,0,6.146624220083936,1,7.100201037826927,54,7.047450176569067,83,6.927791280160949,120,8.5
128,7.894690850425624,15,2011,0,1,0,1,1,0,0,0,0,0,5.361036596488693,41,5.396410830261542,70,5.231796183454951,25,5.57419109472822,5,2.9
122,3.1780538303479458,8,2018,1,1,0,0,0,0,0,0,0,0,5.89207876553848,1,5.89207876553848,1,5.6831097894660765,7,5.942738868410274,2,5.7
118,3.4339872044851463,82,1944,0,0,1,0,0,0,0,1,0,0,5.978492578940183,8,6.028442401902117,1,6.051072201743608,2,6.028442401902117,1,7.2
116,1.9459101490553132,22,2004,0,0,0,0,0,0,0,0,0,0,5.412902075653853,22,5.643469829567775,11,5.692078765538481,1,5.586633315780235,4,3.5
153,4.727387818712341,31,1995,0,1,0,0,1,1,0,0,0,0,5.527662618815857,23,5.178820279170577,13,5.576869498317517,37,5.801072201743608,2,5.9
145,9.737314897481545,15,2011,0,1,1,1,0,0,0,0,0,0,5.578820279170578,13,5.346112564277431,51,5.608061887208806,4,5.570321660523082,30,4.8
110,5.488937726156687,10,2016,1,0,0,0,0,0,0,0,0,0,5.992078765538481,1,5.992078765538481,1,5.992078765538481,1,5.992078765538481,1,6.8
120,5.8289456176102075,17,2009,1,1,0,0,0,1,0,0,0,0,5.750584837314696,12,4.91827862617752,29,5.786633315780235,4,6.163304151307706,6,6.4
120,3.1780538303479458,13,2013,0,0,0,0,0,0,0,0,0,0,6.028442401902117,1,7.100201037826927,54,7.047450176569067,83,6.927791280160949,120,7.2
125,5.123963979403259,46,1980,0,0,1,0,1,1,0,0,0,0,6.043776172923093,4,6.491721282179798,73,5.94664870849705,16,5.788613718262449,24,6.3
131,5.393627546352362,19,2007,1,0,0,0,1,1,0,0,0,0,5.572347601494521,4,5.579490458637379,4,5.500989724686407,3,5.628442401902117,1,2.8
148,5.726847747587197,19,2007,1,0,1,0,0,1,0,0,0,0,5.080321660523082,30,5.305643321046165,10,5.143776172923092,4,5.329490458637379,4,3.3
124,4.143134726391533,9,2017,0,0,0,0,0,0,0,0,0,0,6.192078765538482,1,6.192078765538482,1,6.192078765538482,1,6.192078765538482,1,9.0
101,3.367295829986474,8,2018,0,0,0,0,0,1,0,0,0,0,5.728442401902117,1,5.728442401902117,1,5.728442401902117,1,5.728442401902117,1,3.9
89,3.332204510175204,6,2020,0,0,0,0,0,1,0,0,0,0,5.901072201743607,2,5.734405535076941,2,5.685605109301791,3,5.942738868410274,2,5.5
125,3.828641396489095,20,2006,1,0,0,0,0,0,0,0,0,0,5.910260583720299,1,5.593762214030777,20,5.585605109301792,3,5.724286260054311,7,5.9
160,8.950792138768174,25,2001,0,0,1,0,0,0,0,1,0,0,6.051072201743608,2,6.275804151307705,6,5.926221497449138,21,5.859405535076941,2,7.6
131,2.1972245773362196,21,2005,0,0,0,0,0,1,0,0,0,0,5.664806038265754,1,5.664806038265754,1,5.664806038265754,1,5.559405535076941,2,3.2
105,6.939253946041508,19,2007,1,0,0,0,0,0,0,0,0,0,6.20940553507694,2,6.430168612995487,7,6.250804151307706,6,6.200989724686408,3,8.0
88,3.4011973816621555,7,2019,0,0,0,1,0,0,0,0,0,0,6.073896947356662,1,6.073896947356662,1,6.073896947356662,1,6.073896947356662,1,7.7
138,2.4849066497880004,64,1962,1,1,0,0,1,0,0,0,0,0,5.9510722017436075,2,5.89396343293301,21,5.842738868410275,2,5.846624220083935,1,5.2
80,2.9444389791664403,7,2019,1,0,0,0,0,0,0,0,0,0,5.782987856447572,1,5.782987856447572,1,5.782987856447572,1,5.782987856447572,1,4.5
139,3.912023005428146,52,1974,1,0,0,0,0,0,1,0,0,0,5.833946020043966,11,5.963304151307705,6,6.208601383769235,38,6.0471435708402534,3,7.0
158,5.3230099791384085,55,1971,1,0,1,0,0,0,0,1,0,0,6.243776172923092,4,6.229184115282061,11,6.24603938276924,12,6.486326972424918,11,6.8
82,2.3978952727983707,24,2002,0,1,0,0,0,0,0,0,0,0,5.819351492811208,1,5.200714801162405,8,6.208601383769235,38,5.5700868612400996,23,4.9
110,6.542471960506805,19,2007,0,1,0,0,0,0,0,0,0,1,6.709255061779273,13,6.028442401902117,1,6.028442401902117,1,6.927791280160949,120,7.2
159,4.709530201312334,30,1996,0,0,0,0,1,1,0,0,0,0,5.700857761394886,5,6.47834521208835,91,6.27436139057491,9,5.4861738007472605,18,4.6
80,3.332204510175204,38,1988,1,0,0,0,0,0,0,0,0,0,6.447524428061553,5,6.017738868410274,2,6.208061887208806,4,6.010260583720299,1,7.0
159,6.541029999189903,8,2018,1,0,0,0,0,0,0,0,0,0,6.137533310993026,1,6.137533310993026,1,6.137533310993026,1,6.137533310993026,1,8.4
145,3.5553480614894135,21,2005,1,0,0,0,0,0,0,0,0,0,5.715204744351664,4,5.717738868410275,2,5.757054151307706,6,5.6937761729230925,4,5.1
105,2.772588722239781,25,2001,0,1,0,0,0,0,0,0,0,0,5.412902075653853,22,5.643469829567775,11,5.972347601494521,4,6.146624220083936,1,8.5
132,7.425953657077541,12,2014,0,1,0,1,1,0,0,0,0,0,5.782987856447572,1,5.936948473678331,12,5.293297416994099,3,5.600804151307706,6,4.5
106,6.405228458030842,9,2017,1,0,0,0,0,0,1,0,0,0,6.00116967462939,1,6.243776172923092,4,6.00116967462939,1,6.00116967462939,1,6.9
135,6.79794041297493,16,2010,1,0,0,0,1,0,0,0,1,0,5.62406664776333,3,5.219562361627795,52,5.850536100871803,14,5.614191094728219,5,6.4
158,4.330733340286331,38,1988,1,0,0,0,0,0,0,0,0,0,5.654835878532561,3,5.790996893509845,33,6.244872614659345,46,6.400402075653853,22,6.7
78,6.269096283706261,47,1979,0,0,0,0,0,0,1,0,0,0,6.064806038265754,1,6.109405535076941,2,6.064806038265754,1,6.064806038265754,1,7.6
86,6.003887067106539,13,2013,1,0,0,0,0,1,0,0,0,0,5.692078765538481,1,5.692078765538481,1,5.692078765538481,1,5.958061887208806,4,3.5
158,2.6390573296152584,61,1965,1,0,0,0,0,0,1,0,0,0,5.964806038265754,1,5.971369434205137,14,6.043776172923093,4,5.871345083583723,7,6.5
164,6.826545223556594,24,2002,1,1,0,0,0,0,0,0,0,0,5.542202767538471,14,5.644648673347989,53,5.185672541791862,24,5.448045601101226,9,4.6
155,6.327936783729195,19,2007,1,1,0,0,1,0,0,0,0,0,6.042738868410274,2,5.790996893509845,33,6.079490458637379,4,5.8260722017436075,2,6.6
123,3.044522437723423,7,2019,0,0,0,0,0,1,0,0,0,0,6.010260583720299,1,5.876072201743607,2,6.151072201743607,2,6.010260583720299,1,7.0
129,3.258096538021482,12,2014,1,0,1,0,0,0,0,0,0,0,5.992078765538481,1,5.992078765538481,1,5.992078765538481,1,5.992078765538481,1,6.8
117,2.4849066497880004,54,1972,1,0,0,0,0,0,0,0,0,0,6.291088877186824,11,6.346888086461546,18,6.453319600615392,24,6.084549116340087,28,6.7
122,2.302585092994046,14,2012,1,0,0,0,1,0,1,0,0,0,5.792078765538481,1,5.976072201743608,2,5.792078765538481,1,5.501072201743607,2,4.6
80,3.8066624897703196,12,2014,0,0,0,0,1,0,0,0,0,0,5.700857761394886,5,6.491721282179798,73,5.667738868410274,2,5.679490458637377,4,6.4
95,2.5649493574615367,5,2021,1,0,0,0,0,0,0,0,0,0,6.372937023384627,8,6.250919030065949,4,5.700857761394886,5,6.283109789466075,7,8.7
134,7.088408778675395,24,2002,0,0,0,0,0,1,0,0,0,0,5.693297416994099,3,6.32036761202638,25,5.529184115282062,11,5.8260722017436075,2,5.6
135,6.639875833826536,17,2009,1,0,0,0,0,1,0,0,0,0,6.0466242200839355,1,6.314898400996348,11,5.909255061779273,13,6.383109789466076,7,7.4
95,7.415175109613295,17,2009,0,0,0,1,1,0,0,0,0,1,6.034405535076941,2,6.362517448615395,11,5.809405535076941,2,6.100857761394886,5,6.8
93,7.21081845347222,18,2008,0,0,0,1,0,0,0,0,0,1,5.7427388684102745,2,5.644496071203626,24,5.778254311886048,17,5.436948473678331,12,5.2
107,3.9318256327243257,7,2019,1,0,0,0,0,0,0,0,0,0,6.082987856447573,1,6.212033323881665,16,6.294191094728219,5,6.082987856447573,1,7.8
123,6.555356891810665,12,2014,0,1,0,0,0,0,0,0,0,1,5.8829878564475715,1,5.8829878564475715,1,5.8829878564475715,1,5.759405535076941,2,5.6
168,3.828641396489095,31,1995,1,0,0,0,1,0,0,1,0,0,5.4317589554556385,3,5.659405535076941,2,5.7557151291748445,1,5.82406664776333,3,4.2
143,7.604396348796338,10,2016,1,0,0,0,0,0,0,0,0,0,5.828442401902118,1,6.083109789466075,7,5.932256127417015,9,6.044554151307706,6,5.0
145,9.960765403687601,18,2008,1,0,0,0,0,0,0,0,0,0,6.087524428061553,5,5.563439497071233,17,6.408061887208807,4,6.073896947356662,1,7.7
150,9.870137572854574,17,2009,1,0,0,1,0,0,0,0,0,0,6.354835878532561,3,6.296369434205137,14,5.759580377701369,7,6.059405535076941,2,7.5
102,7.210079628170788,27,1999,1,0,0,1,0,0,0,0,0,0,6.519660305758252,11,6.0466242200839355,1,6.0466242200839355,1,5.8677388684102745,2,7.4
159,10.617319324288905,15,2011,1,0,1,0,0,0,0,0,0,0,6.322937023384627,8,6.296369434205137,14,6.127524428061552,5,5.8910888771868235,11,7.7
151,6.386879319362645,45,1981,0,1,1,0,0,0,0,0,0,0,6.243776172923092,4,5.356708208998889,59,5.983224754883523,25,5.99419109472822,5,6.9
125,5.762051382780177,20,2006,1,1,1,0,0,0,0,0,0,0,5.750714801162405,8,5.529490458637378,4,5.626072201743607,2,5.525804151307705,6,3.9
119,8.942199454731238,10,2016,1,1,0,0,1,0,0,0,0,0,6.394191094728218,5,6.131652075653853,22,6.009405535076941,2,6.200989724686408,3,6.8
115,6.184148890937483,21,2005,0,0,1,0,0,1,0,0,1,0,5.801072201743608,2,6.693069126700863,17,5.846624220083935,1,5.846624220083935,1,5.2
180,4.836281906951478,16,2010,1,0,0,0,0,0,0,0,1,0,5.7557151291748445,1,5.7557151291748445,1,5.325804151307706,6,5.900989724686407,3,4.2
139,5.902633333401366,38,1988,0,0,0,1,0,0,0,0,0,0,5.667381467829071,8,6.137978611715534,43,5.94664870849705,16,5.865204744351664,4,6.9
141,8.54110501146255,7,2019,1,1,0,0,0,1,0,0,0,0,6.12406664776333,3,6.131652075653853,22,5.217024067247869,26,5.9927388684102745,2,6.6
116,1.791759469228055,9,2017,1,0,0,0,0,0,0,0,0,0,5.7557151291748445,1,5.7557151291748445,1,5.7557151291748445,1,6.927791280160949,120,4.2
119,3.367295829986474,35,1991,0,0,0,0,0,0,0,0,0,0,5.447143570840253,3,5.667738868410274,2,5.717738868410275,2,5.608682032378715,3,3.9
134,8.767640577257792,5,2021,0,0,0,1,0,0,0,0,0,0,5.942738868410274,2,6.495850781948728,11,5.8260722017436075,2,5.764806038265753,1,4.3
135,2.0794415416798357,45,1981,1,1,1,0,0,0,0,0,0,0,5.484405535076941,2,5.610260583720299,1,5.610260583720299,1,5.610260583720299,1,2.6
90,3.4657359027997265,11,2015,0,0,0,0,0,1,0,0,0,0,5.692078765538481,1,5.692078765538481,1,5.692078765538481,1,5.692078765538481,1,3.5
190,6.762729506931879,33,1993,1,1,0,0,0,0,0,1,0,0,5.388036100871804,14,5.644648673347989,53,5.992239632997927,27,5.565784695424972,51,4.9
125,3.091042453358316,56,1970,1,0,0,1,0,0,1,0,0,0,5.909405535076941,2,6.249591938691465,81,6.378254311886048,17,6.193297416994099,3,6.1
120,6.135564891081739,52,1974,1,0,1,0,0,1,0,0,0,0,6.310788497273217,19,6.491721282179798,73,6.354935346088585,23,6.285110246958587,16,6.8
153,3.4339872044851463,84,1942,1,0,0,0,0,0,0,0,0,0,6.483168105257534,13,5.946624220083936,1,5.926072201743608,2,6.051072201743608,2,6.3
159,6.606650186198215,52,1974,1,1,0,0,0,0,0,1,0,0,6.100804151307706,6,6.0565146568369315,15,6.594801845025647,26,6.2266463661271,13,6.9
130,3.4339872044851463,36,1990,1,1,0,0,1,0,0,0,0,0,5.7427388684102745,2,6.1294904586373775,4,5.648045601101225,9,5.608682032378715,3,5.8
100,5.267858159063328,10,2016,1,0,0,0,0,0,0,0,0,0,5.750584837314696,12,6.1294904586373775,4,6.009405535076941,2,5.992078765538481,1,6.8
143,4.7535901911063645,34,1992,1,1,0,0,0,0,0,0,0,0,5.836050965936664,7,6.014191094728219,5,5.9193514928112085,1,5.793776172923093,4,6.0
140,9.956933528241754,14,2012,0,1,0,1,1,0,0,0,0,0,5.140643321046165,10,5.528400721966557,82,5.64603938276924,12,5.854191094728219,5,5.7
146,8.88751459738882,11,2015,1,1,0,0,0,0,0,0,1,0,5.6738969473566625,1,5.563439497071233,17,5.2508041513077055,6,5.684405535076941,2,3.3
120,5.529429087511423,18,2008,1,0,1,0,0,1,0,0,0,0,5.873896947356664,1,5.930643321046165,10,5.970220493917177,3,5.6831097894660765,7,5.5
128,6.194405391104672,33,1993,1,0,0,0,0,0,0,0,0,0,6.072347601494521,4,6.023907835909508,24,5.565084306497744,24,5.744496071203626,24,7.2
143,7.05444965813294,22,2004,0,1,0,0,0,0,0,0,0,0,5.840857761394886,5,5.356708208998889,59,5.081565067663014,11,5.8910888771868235,11,2.7
126,4.276666119016055,37,1989,0,1,0,0,1,1,0,0,0,0,5.735110246958588,16,6.135342018301013,13,5.850804151307706,6,5.964806038265754,1,6.5
117,5.375278407684165,29,1997,1,0,0,0,0,0,0,0,0,0,6.073896947356662,1,6.430168612995487,7,6.0760722017436075,2,6.200612686710633,11,7.7
106,6.391917113392602,9,2017,1,0,0,0,0,0,0,0,1,0,5.955715129174845,1,6.32036761202638,25,6.034405535076941,2,5.955715129174845,1,6.4
137,7.164720378771857,22,2004,1,1,0,1,0,0,0,0,0,0,5.810260583720299,1,5.427417939266281,16,5.770220493917176,3,5.017381467829072,8,4.8
107,2.0794415416798357,11,2015,0,0,0,0,0,0,1,0,0,0,5.89207876553848,1,5.89207876553848,1,5.89207876553848,1,5.89207876553848,1,5.7
152,2.1972245773362196,6,2020,0,1,0,0,1,1,0,0,0,0,6.055715129174845,1,6.055715129174845,1,6.055715129174845,1,6.055715129174845,1,7.5
136,2.6390573296152584,64,1962,1,0,0,0,0,0,1,1,0,0,6.272347601494521,4,6.409201953556568,24,6.358187170035511,16,6.148514656836932,15,6.5
114,7.80016307039296,9,2017,0,0,1,1,0,0,0,0,0,0,5.973896947356663,1,5.973896947356663,1,6.250919030065949,4,5.973896947356663,1,6.6
102,3.1780538303479458,17,2009,1,1,0,0,1,0,0,0,0,0,5.737533310993026,1,5.737533310993026,1,5.737533310993026,1,5.777912801609484,3,4.0
149,3.258096538021482,35,1991,1,1,0,0,0,1,0,0,0,0,5.2951592456068495,8,6.491721282179798,73,5.818403907113134,7,5.54664870849705,16,5.4
110,6.731018100482083,14,2012,0,0,0,0,1,1,0,0,0,0,5.7102605837202995,1,5.543224754883523,25,5.651072201743607,2,5.248045601101226,9,3.7
139,3.1780538303479458,44,1982,1,0,0,0,0,0,0,0,0,0,6.039451263147945,3,6.108869434205137,14,6.356032089663826,17,5.946624220083936,1,6.3
148,10.097655331613764,10,2016,1,0,0,0,1,1,0,0,0,0,5.859405535076941,2,6.32036761202638,25,5.711656055020984,34,6.200989724686408,3,7.1
131,2.1972245773362196,60,1966,0,1,0,0,0,0,0,0,0,1,5.937533310993026,1,5.939451263147945,3,5.9927388684102745,2,5.937533310993026,1,6.2
144,3.1780538303479458,59,1967,1,1,0,0,0,0,0,0,0,1,6.016374340071023,3,6.0451592456068495,8,6.236050965936664,7,6.292202767538471,14,6.2
106,1.791759469228055,62,1964,1,1,0,0,0,0,0,0,0,1,6.136050965936664,7,6.108869434205137,14,5.85091903006595,4,5.9932974169941,3,6.4
140,4.59511985013459,32,1994,1,1,0,0,0,0,0,0,0,0,5.847524428061552,5,6.135342018301013,13,5.992239632997927,27,5.734191094728219,5,5.7
136,5.855071922202427,7,2019,1,0,0,0,0,0,0,0,0,0,6.0760722017436075,2,5.593762214030777,20,5.58440553507694,2,6.172937023384628,8,5.4
186,6.824373670043086,41,1985,1,0,1,0,0,0,0,0,0,0,6.090643321046164,10,5.939515471802202,46,5.9932974169941,3,5.990643321046164,10,7.1
150,6.163314804034641,41,1985,1,0,0,0,0,0,0,0,0,0,6.1309941922140565,13,6.023907835909508,24,5.532731365321274,24,5.54664870849705,16,7.2
181,8.74321260347591,35,1991,1,0,1,0,0,0,0,1,0,0,5.335643321046165,10,5.356708208998889,59,5.955253755513655,21,5.77680316290111,11,7.2
121,3.7612001156935624,48,1978,1,0,0,0,1,0,1,0,0,0,5.427857564587422,12,6.285643321046164,10,6.175643321046165,10,6.14603938276924,12,6.4
134,7.20414929203594,30,1996,1,0,0,1,0,0,0,0,0,0,5.361036596488693,41,4.990967175706513,55,5.185672541791862,24,5.884514656836932,15,6.0
153,4.90527477843843,32,1994,1,0,0,0,0,0,0,0,0,0,5.819351492811208,1,5.939515471802202,46,5.843474236839166,34,6.018403907113134,7,4.9
109,9.362116806941977,10,2016,1,1,0,0,0,0,0,0,0,0,6.317738868410274,2,6.275804151307705,6,6.272347601494521,4,6.267738868410274,2,7.6
138,2.6390573296152584,47,1979,1,0,0,0,0,0,1,0,0,0,6.459735793367529,17,5.901072201743607,2,5.946624220083936,1,6.0080618872088065,4,6.3
146,8.345455428161928,7,2019,1,0,0,0,0,0,0,0,0,0,6.073896947356662,1,6.206639201230781,7,6.389603690051294,8,6.073896947356662,1,7.7
109,5.159055299214529,9,2017,1,0,0,0,0,0,1,0,0,0,6.119351492811208,1,6.234405535076941,2,6.119351492811208,1,6.119351492811208,1,8.2
110,2.5649493574615367,18,2008,1,0,0,0,0,0,0,0,0,0,5.90116967462939,1,5.90116967462939,1,5.90116967462939,1,5.90116967462939,1,5.8
101,4.969813299576001,10,2016,0,0,1,0,0,0,0,0,0,0,4.923312110041968,12,5.655715129174845,1,5.655715129174845,1,5.686633315780235,4,3.1
137,7.485491608030754,42,1984,1,0,0,0,0,0,0,0,0,0,5.785976865733128,39,6.119351492811208,1,5.640643321046165,10,6.119351492811208,1,8.2
120,7.027314514039777,13,2013,1,0,0,1,0,0,0,0,0,0,6.019351492811208,1,5.817738868410274,2,6.019351492811208,1,6.019351492811208,1,7.1
83,3.1780538303479458,11,2015,1,0,0,0,0,0,0,0,0,0,6.2508041513077055,6,5.8829878564475715,1,5.95940553507694,2,6.044554151307706,6,5.6
144,5.288267030694535,57,1969,1,1,0,0,0,0,0,0,0,1,6.270124626996664,13,6.169554151307706,6,5.964806038265754,1,5.964806038265754,1,6.5
171,4.574710978503383,28,1998,1,0,1,0,0,0,0,0,0,0,6.1977658056647,29,5.747143570840253,3,5.843474236839166,34,5.850804151307706,6,5.9
139,6.634633357861686,10,2016,0,0,0,1,0,0,0,0,0,0,5.89207876553848,1,6.32036761202638,25,5.927524428061553,5,5.89207876553848,1,5.7
117,5.579729825986222,44,1982,1,0,0,0,0,0,0,0,0,0,5.579490458637379,4,5.894191094728219,5,6.241933318877841,7,5.720857761394885,5,7.1
156,4.30406509320417,58,1968,1,0,1,0,0,0,0,0,0,0,6.169554151307706,6,6.183869434205136,14,6.171345083583723,7,6.232054151307706,6,7.2
175,5.214935757608986,35,1991,1,1,0,0,1,0,0,0,0,0,5.785976865733128,39,5.907524428061553,5,5.751072201743607,2,5.937533310993026,1,6.2
138,8.815073088844464,24,2002,1,0,1,0,0,0,1,0,0,0,5.794554151307706,6,5.400612686710633,11,5.966027075653853,22,6.069554151307706,6,6.8
130,4.330733340286331,34,1992,1,0,0,0,0,0,0,0,0,0,5.785976865733128,39,5.480857761394886,5,5.8788202791705775,13,5.4675244280615525,5,5.1
150,2.302585092994046,11,2015,1,0,0,0,0,0,0,0,0,0,5.614191094728219,5,5.982987856447571,1,5.982987856447571,1,5.982987856447571,1,6.7
123,7.071573364211532,20,2006,1,0,1,0,0,0,0,0,0,0,5.427857564587422,12,5.346112564277431,51,5.585605109301792,3,5.628442401902117,1,2.8
142,8.915432254432663,19,2007,1,0,1,0,0,0,0,1,0,0,6.4848877063643835,9,6.296369434205137,14,5.695414022153858,9,5.77680316290111,11,5.2
180,2.772588722239781,37,1989,0,0,0,0,0,0,0,0,0,0,5.743776172923091,4,5.570966659438921,24,5.94664870849705,16,5.900378424144803,24,5.1
135,6.81783057145415,23,2003,1,0,0,0,0,0,0,0,1,0,6.090643321046164,10,6.131652075653853,22,5.90116967462939,1,5.526992969522278,9,5.8
135,2.4849066497880004,60,1966,1,0,1,0,0,0,0,0,1,0,6.267381467829072,8,5.85958037770137,7,6.364745229318689,18,5.817738868410274,2,5.1
132,3.784189633918261,51,1975,0,1,0,0,1,1,0,0,0,0,5.836050965936664,7,5.963304151307705,6,6.208601383769235,38,5.9675244280615525,5,5.7
140,2.995732273553991,28,1998,1,0,0,0,0,0,0,0,0,0,5.810260583720299,1,5.178820279170577,13,5.751072201743607,2,5.677912801609484,3,4.8
132,5.375278407684165,6,2020,0,0,1,0,0,0,0,0,0,0,5.773896947356662,1,5.873312110041968,12,5.773896947356662,1,5.773896947356662,1,4.4
108,4.23410650459726,11,2015,1,0,0,1,0,0,0,0,0,0,5.692078765538481,1,5.6366333157802355,4,5.692078765538481,1,5.692078765538481,1,3.5
132,4.394449154672439,46,1980,0,0,0,0,0,1,0,0,1,0,5.593762214030777,20,5.8264024600341955,17,6.007524428061553,5,6.067738868410274,2,6.5
144,2.1972245773362196,32,1994,1,1,0,0,0,0,0,0,0,0,5.711203495838068,9,5.80709554736411,20,5.563835074785437,9,6.1056433210461645,10,3.4
162,8.381144346952961,31,1995,0,1,0,0,1,1,0,0,0,0,5.595643321046164,10,5.528400721966557,82,5.827524428061553,5,5.495643321046164,10,6.0
135,3.7612001156935624,50,1976,0,0,0,1,0,0,0,0,0,0,6.041933318877841,7,6.255643321046165,10,6.175643321046165,10,6.100584837314695,12,6.8
114,2.0794415416798357,23,2003,0,1,0,0,0,0,0,0,0,0,5.637533310993026,1,5.200714801162405,8,6.208601383769235,38,5.637533310993026,1,2.9
109,4.343805421853684,47,1979,1,0,0,0,0,0,1,0,0,1,6.447524428061553,5,6.055715129174845,1,6.055715129174845,1,6.1177388684102745,2,7.5
143,5.54907608489522,56,1970,0,1,0,1,0,1,0,0,0,0,6.310788497273217,19,6.491721282179798,73,6.354935346088585,23,5.980514656836932,15,6.7
160,4.0943445622221,57,1969,1,1,0,1,0,0,0,0,0,0,6.1741910947282195,5,6.6843833277482565,34,6.565643321046164,10,6.311203495838067,9,7.3
135,3.6888794541139363,37,1989,1,1,0,0,0,0,0,0,0,0,5.527662618815857,23,5.782987856447572,1,6.208601383769235,38,5.400536100871804,14,4.5
138,8.950532836290382,9,2017,0,0,0,0,0,0,0,0,0,0,6.155715129174845,1,6.155715129174845,1,6.155715129174845,1,6.155715129174845,1,8.6
109,3.258096538021482,20,2006,1,0,0,0,0,0,0,0,0,0,5.90116967462939,1,5.90116967462939,1,6.093776172923092,4,5.90116967462939,1,5.8
134,7.754481547470383,35,1991,1,1,1,0,0,0,0,0,0,0,5.785976865733128,39,5.356708208998889,59,5.8788202791705775,13,6.018403907113134,7,6.5
133,11.124110962931043,6,2020,1,1,0,0,0,0,0,0,0,0,5.785976865733128,39,5.936633315780235,4,5.692738868410274,2,5.500514656836932,15,1.1
130,7.204892510204673,14,2012,1,0,1,1,0,0,0,0,0,0,6.019351492811208,1,6.08440553507694,2,5.884405535076941,2,6.019351492811208,1,7.1
137,4.204692619390966,68,1958,1,0,0,0,0,0,0,0,0,0,6.568514656836932,15,6.183869434205136,14,6.24603938276924,12,6.028442401902117,1,7.2
90,4.0943445622221,14,2012,0,0,0,0,0,0,0,0,0,1,5.992078765538481,1,5.992078765538481,1,7.047450176569067,83,6.927791280160949,120,6.8
155,4.897839799950911,58,1968,0,0,0,1,0,1,0,0,0,0,6.421369434205137,14,6.255643321046165,10,6.0760722017436075,2,5.9927388684102745,2,6.6
141,8.008032846969307,43,1983,1,0,1,0,0,0,0,0,0,0,6.137533310993026,1,6.514947961485934,31,5.992239632997927,27,5.359777075653853,22,8.4
137,5.8998973535824915,56,1970,1,0,1,0,0,0,0,0,0,0,6.456270356717961,8,6.491721282179798,73,6.724115867164841,32,6.3007568482896055,7,7.2
129,2.3978952727983707,75,1951,1,0,0,0,0,0,0,0,0,0,6.134191094728219,5,5.986633315780234,4,6.054835878532561,3,5.928442401902117,1,6.1
120,3.332204510175204,38,1988,1,0,0,0,0,0,0,0,0,0,6.255643321046165,10,5.3923579264167305,93,5.819266660024954,27,5.784887706364383,9,6.4
135,2.8903717578961645,68,1958,1,0,0,0,0,0,1,0,0,0,6.4101364962344425,11,6.559064359342182,19,5.8829878564475715,1,6.175804151307705,6,5.6
139,5.0238805208462765,30,1996,0,1,0,0,0,0,0,0,0,1,5.735110246958588,16,5.9675244280615525,5,5.375536100871805,14,5.9193514928112085,1,6.0
150,6.871091294610546,13,2013,0,1,0,0,0,0,0,0,0,1,5.973896947356663,1,5.8866333157802355,4,6.250919030065949,4,5.5700868612400996,23,6.6
118,8.301273485191347,15,2011,1,1,0,0,1,0,0,0,0,0,6.195850781948728,11,5.593762214030777,20,5.900584837314695,12,5.627524428061553,5,7.2
140,6.61338421837956,8,2018,1,1,0,0,1,0,0,0,0,0,6.195850781948728,11,5.356708208998889,59,5.796514656836931,15,5.9932974169941,3,4.4
142,8.257904193465674,13,2013,1,1,0,0,1,0,0,0,0,0,6.195850781948728,11,5.593762214030777,20,5.900584837314695,12,6.0796245484696465,9,6.8
133,2.772588722239781,45,1981,0,1,0,0,0,0,0,0,0,0,5.968316657890118,18,5.3923579264167305,93,5.542202767538471,14,6.047815671819016,7,4.7
119,5.575949103146316,15,2011,1,1,0,1,0,0,0,0,0,0,5.810260583720299,1,5.888514656836931,15,5.8260722017436075,2,5.810260583720299,1,4.8
152,7.351158226430694,64,1962,1,0,0,0,0,0,0,1,0,0,6.1284424019021175,1,6.559064359342182,19,6.463304151307705,6,6.400643321046165,10,8.3
133,5.2574953720277815,33,1993,1,0,1,0,0,0,0,0,0,0,6.1258041513077055,6,5.939515471802202,46,5.231796183454951,25,5.586948473678333,12,5.7
115,1.791759469228055,25,2001,1,0,0,0,0,0,0,0,0,0,6.137533310993026,1,6.137533310993026,1,6.137533310993026,1,6.927791280160949,120,8.4
135,8.122668023346407,5,2021,1,0,0,0,0,0,0,0,0,0,6.039451263147945,3,5.7557151291748445,1,5.7557151291748445,1,5.7557151291748445,1,4.2
145,7.055312843339752,33,1993,1,1,1,0,0,0,0,0,0,0,5.2951592456068495,8,5.528400721966557,82,5.747143570840253,3,5.95940553507694,2,6.1
150,2.9444389791664403,24,2002,1,1,0,0,0,0,0,0,0,0,5.982987856447571,1,5.982987856447571,1,5.982987856447571,1,5.982987856447571,1,6.7
147,4.127134385045092,57,1969,0,0,1,1,0,0,0,0,1,0,6.405130291860149,12,6.404907235692317,13,6.500584837314696,12,6.15775554385349,11,7.1
132,2.302585092994046,40,1986,1,0,0,0,0,0,0,0,0,0,5.746624220083936,1,5.746624220083936,1,5.746624220083936,1,5.871345083583723,7,4.1
138,5.4116460518550396,44,1982,0,1,1,1,0,0,0,0,0,0,6.090643321046164,10,6.514947961485934,31,6.067738868410274,2,5.973896947356663,1,6.6
165,6.045005314036012,28,1998,1,1,0,0,0,0,0,0,0,0,5.278820279170577,13,5.219562361627795,52,5.371391221603244,28,5.565784695424972,51,5.4
129,4.143134726391533,51,1975,0,1,0,0,0,1,0,0,0,0,5.8152047443516635,4,6.249591938691465,81,5.988304151307705,6,6.269725631573973,16,5.8
77,3.6109179126442243,19,2007,1,0,0,0,0,0,1,0,0,0,5.90116967462939,1,5.90116967462939,1,5.90116967462939,1,5.817738868410274,2,5.8
113,9.082734247371036,38,1988,1,0,0,0,1,0,0,0,0,0,6.20940553507694,2,6.10116967462939,1,6.10116967462939,1,6.10116967462939,1,8.0
158,8.851090687664982,21,2005,1,0,1,1,0,0,0,0,0,0,5.932054151307705,6,5.644496071203626,24,5.645643321046164,10,5.500559409605361,13,6.2
120,2.302585092994046,9,2017,1,0,0,0,0,0,0,0,0,0,5.955715129174845,1,5.955715129174845,1,5.955715129174845,1,5.955715129174845,1,6.4
111,6.124683390894205,37,1989,1,0,0,0,1,0,0,0,0,0,6.225804151307706,6,6.2010722017436075,2,5.947143570840253,3,6.026072201743607,2,7.6
109,3.6888794541139363,9,2017,0,0,1,0,0,0,0,0,0,0,5.70116967462939,1,5.70116967462939,1,6.313861254619549,27,5.70116967462939,1,3.6
149,3.295836866004329,29,1997,1,0,0,0,0,0,0,0,0,0,5.427857564587422,12,5.776072201743607,2,5.8829878564475715,1,5.850804151307706,6,5.6
128,1.9459101490553132,46,1980,1,0,0,0,0,0,0,0,0,0,6.037533310993027,1,6.037533310993027,1,6.037533310993027,1,6.037533310993027,1,7.3
165,3.5553480614894135,76,1950,1,0,0,0,0,0,0,0,0,0,6.388304151307706,6,6.47834521208835,91,6.228492578940183,8,6.175804151307705,6,6.9
139,4.709530201312334,54,1972,1,1,1,0,0,0,0,0,0,0,6.069725631573973,16,6.404907235692317,13,6.208601383769235,38,6.1937761729230925,4,6.6
162,2.70805020110221,56,1970,1,0,0,0,0,0,0,0,0,0,5.942738868410274,2,5.937533310993026,1,6.114191094728219,5,6.3628786032973625,57,6.2
126,3.4657359027997265,28,1998,1,0,0,0,0,0,0,0,0,0,6.8068666587394615,21,6.159405535076941,2,6.080857761394886,5,6.055715129174845,1,7.5
148,6.1463292576688975,27,1999,1,1,0,0,0,0,0,0,0,0,5.836050965936664,7,6.014191094728219,5,6.019351492811208,1,5.884405535076941,2,7.1
145,2.302585092994046,67,1959,0,0,0,0,0,1,0,0,0,1,6.0652047443516635,4,6.060857761394886,5,6.131758955455638,3,6.40627035671796,8,6.7
136,7.5126175446745105,23,2003,0,0,0,0,1,1,0,0,1,0,6.12406664776333,3,5.679490458637377,4,6.00116967462939,1,6.00116967462939,1,6.9
129,5.393627546352362,9,2017,1,0,0,0,0,0,0,0,0,0,5.864806038265754,1,5.864806038265754,1,5.864806038265754,1,5.864806038265754,1,5.4
128,2.0794415416798357,47,1979,1,0,0,0,0,0,0,0,0,0,5.982987856447571,1,5.982987856447571,1,6.082054151307705,6,5.817738868410274,2,6.7
155,2.3978952727983707,43,1983,1,1,0,0,0,0,0,0,0,1,6.363439497071233,17,6.042738868410274,2,6.159405535076941,2,6.082987856447573,1,7.8
183,3.912023005428146,65,1961,1,1,0,0,0,0,0,0,0,1,6.363439497071233,17,6.172347601494521,4,6.131758955455638,3,6.147524428061553,5,7.4
161,4.990432586778736,44,1982,0,1,0,1,0,0,0,0,0,1,6.405130291860149,12,5.921342085059831,89,5.704030943604403,18,6.186948473678331,12,5.8
125,7.113142108707088,12,2014,0,0,0,0,0,1,0,0,1,0,5.876072201743607,2,5.912521554171958,7,5.676072201743608,2,5.937533310993026,1,6.2
105,2.772588722239781,68,1958,1,0,0,0,0,0,0,0,0,1,6.363439497071233,17,6.194191094728219,5,6.10055940960536,13,5.822347601494521,4,6.1
138,3.044522437723423,62,1964,0,1,0,0,0,0,0,0,0,1,5.984048134495739,8,6.108869434205137,14,6.0320541513077055,6,6.3007568482896055,7,6.0
144,4.941642422609304,40,1986,1,1,0,0,1,0,0,0,0,0,5.552514656836931,15,5.219562361627795,52,5.94664870849705,16,5.565784695424972,51,5.5
152,4.477336814478207,29,1997,1,1,1,0,0,0,0,0,0,0,5.379624548469647,9,5.356708208998889,59,5.876072201743607,2,5.758187170035511,16,4.8
160,7.10085190894405,35,1991,1,0,1,0,0,0,0,0,0,0,5.427857564587422,12,5.346112564277431,51,5.9927388684102745,2,5.864806038265754,1,5.4
120,7.98514393119862,10,2016,1,0,1,0,0,0,0,0,0,0,5.417738868410274,2,5.939515471802202,46,5.664806038265754,1,5.85091903006595,4,3.2
170,5.030437921392435,17,2009,1,1,1,0,0,0,0,0,0,0,5.335643321046165,10,5.644496071203626,24,5.6937761729230925,4,5.55958037770137,7,4.8
154,9.292473201514705,10,2016,1,0,1,0,0,0,0,1,0,0,5.739451263147946,3,5.739451263147946,3,6.167738868410274,2,6.0466242200839355,1,7.4
151,6.38856140554563,21,2005,0,1,0,0,0,0,0,0,0,0,6.00116967462939,1,5.808682032378714,3,5.700989724686408,3,5.964221200951059,12,6.9
125,8.778017809698136,5,2021,1,0,0,1,1,0,0,0,0,0,6.463304151307705,6,5.634405535076941,2,5.35958037770137,7,5.82406664776333,3,6.3
152,6.709304340258298,20,2006,0,0,0,1,0,1,0,0,0,0,5.578820279170578,13,4.990967175706513,55,5.371391221603244,28,5.526992969522278,9,5.4
150,4.574710978503383,74,1952,1,0,1,0,0,0,0,0,1,0,6.15091903006595,4,6.370643321046164,10,6.487515931344491,13,6.037533310993027,1,7.3
156,6.259581464064923,32,1994,1,0,1,0,0,0,0,0,0,0,5.784405535076941,2,5.615204744351664,4,5.654191094728219,5,5.601072201743608,2,4.2
90,3.1354942159291497,37,1989,0,0,0,0,0,0,0,0,0,0,6.400804151307705,6,6.110260583720299,1,6.110260583720299,1,6.927791280160949,120,8.1
144,5.017279836814924,34,1992,1,0,1,0,0,0,0,0,0,0,6.0451592456068495,8,5.884887706364384,9,5.217024067247869,26,5.967738868410275,2,5.6
127,8.56331312702979,27,1999,1,1,0,0,1,0,0,0,0,0,5.900804151307705,6,5.965204744351664,4,5.711656055020984,34,5.700584837314694,12,6.8
139,3.4339872044851463,76,1950,1,0,0,0,0,0,0,0,0,0,6.116374340071022,3,6.47834521208835,91,6.228492578940183,8,6.1056433210461645,10,6.7
156,5.288267030694535,33,1993,1,0,1,0,0,0,0,0,0,0,5.335643321046165,10,5.396410830261542,70,5.467381467829071,8,4.8659609110663204,19,3.2
134,3.9318256327243257,62,1964,1,0,0,0,0,0,1,0,0,0,6.951462009788914,33,6.559064359342182,19,6.463304151307705,6,6.269725631573973,16,7.0
122,2.6390573296152584,83,1943,1,0,0,1,0,0,0,0,0,0,6.300643321046165,10,6.00116967462939,1,5.962528186224868,3,6.00116967462939,1,6.9
150,4.897839799950911,54,1972,1,0,0,1,0,0,1,0,0,0,6.179490458637377,4,6.346888086461546,18,6.342024067247869,26,5.788613718262449,24,6.2
148,4.454347296253507,41,1985,1,0,0,0,0,0,0,0,0,0,6.0451592456068495,8,5.4725802696012575,88,5.756652075653853,22,6.061173800747261,18,7.0
155,10.803648902480399,8,2018,1,0,0,1,0,0,0,0,0,0,6.627524428061552,5,6.296369434205137,14,6.1570541513077055,6,5.758187170035511,16,7.7
120,6.413458957167357,17,2009,1,0,0,1,1,0,0,0,0,0,5.792738868410274,2,6.416514656836931,15,6.092738868410275,2,5.565784695424972,51,6.2
155,4.919980925828125,17,2009,0,1,0,1,0,0,0,0,0,0,5.8260722017436075,2,5.8866333157802355,4,5.686633315780235,4,5.828442401902118,1,5.0
113,2.9444389791664403,50,1976,1,0,1,0,0,0,0,0,0,0,6.1309941922140565,13,5.4725802696012575,88,5.988304151307705,6,5.955715129174845,1,6.4
125,3.7612001156935624,45,1981,0,0,0,0,0,0,0,0,1,0,5.593762214030777,20,5.8264024600341955,17,6.009405535076941,2,5.8007568482896055,7,6.6
165,4.219507705176107,30,1996,1,0,0,0,0,0,0,0,0,0,6.605374591472538,11,6.32036761202638,25,6.037533310993027,1,6.092738868410275,2,7.3
139,3.828641396489095,86,1940,0,0,0,0,0,0,0,0,0,0,6.142738868410274,2,6.142738868410274,2,6.184405535076941,2,6.0920787655384805,1,7.9
129,2.3978952727983707,44,1982,0,0,0,0,0,0,0,0,0,0,5.964806038265754,1,5.964806038265754,1,6.101072201743608,2,5.9675244280615525,5,6.5
131,5.438079308923196,89,1937,0,0,0,0,0,0,0,0,0,0,6.142738868410274,2,6.142738868410274,2,5.982987856447571,1,5.982987856447571,1,6.7
112,5.5134287461649825,10,2016,1,0,0,1,1,0,0,0,0,0,5.517738868410274,2,5.767738868410274,2,5.293297416994099,3,5.248045601101226,9,2.8
161,3.713572066704308,33,1993,1,0,0,0,0,0,1,0,0,0,5.714898400996347,11,5.4725802696012575,88,6.1718880864615455,18,6.018403907113134,7,5.8
146,3.6375861597263857,37,1989,1,0,0,0,0,0,1,0,0,0,5.982987856447571,1,6.0565146568369315,15,6.4729370233846275,8,6.486326972424918,11,6.7
150,6.302618975744905,24,2002,1,0,1,0,0,0,0,0,0,0,6.019351492811208,1,6.019351492811208,1,5.9608577613948865,5,5.747143570840253,3,7.1
155,4.143134726391533,51,1975,1,0,0,0,0,0,0,0,0,0,6.031758955455638,3,6.0565146568369315,15,6.244872614659345,46,6.292202767538471,14,6.8
162,4.955827057601261,34,1992,1,0,1,0,0,0,0,0,0,0,5.335643321046165,10,5.333601383769235,38,5.565084306497744,24,4.8659609110663204,19,3.3
168,4.394449154672439,58,1968,0,0,1,0,0,0,0,0,0,0,6.150804151307705,6,6.618278626177521,29,6.244872614659345,46,6.0008041513077055,6,7.2
158,6.948897222313312,30,1996,1,1,0,0,1,0,0,0,0,0,5.006270356717961,8,5.528400721966557,82,5.316563957322251,27,4.8659609110663204,19,5.2
100,4.110873864173311,57,1969,1,0,0,0,0,0,0,0,0,0,6.488268679421918,23,6.028442401902117,1,6.101072201743608,2,6.2141910947282195,5,7.2
137,4.189654742026425,8,2018,0,0,0,0,0,0,0,0,0,0,5.992078765538481,1,5.992078765538481,1,5.992078765538481,1,5.992078765538481,1,6.8
130,3.2188758248682006,65,1961,1,1,1,0,0,0,0,0,0,0,5.901072201743607,2,5.782987856447572,1,5.939451263147945,3,5.759405535076941,2,4.5
159,4.770684624465665,60,1966,1,0,0,1,0,0,0,0,0,0,6.037533310993027,1,6.0760722017436075,2,6.126072201743607,2,6.037533310993027,1,7.3
156,4.852030263919617,58,1968,1,0,1,0,0,0,0,0,0,0,5.955715129174845,1,6.285643321046164,10,5.955715129174845,1,5.9932974169941,3,6.4
131,8.411388132519262,10,2016,1,0,0,0,0,0,0,0,0,0,5.829490458637379,4,5.930643321046165,10,5.763036100871804,14,5.925804151307705,6,7.3
164,7.767263996757308,10,2016,0,1,0,1,1,0,0,0,0,0,5.80116967462939,1,5.859405535076941,2,5.736633315780234,4,5.80116967462939,1,4.7
175,6.573680166960646,33,1993,1,0,0,0,0,0,0,0,0,0,6.323312110041968,12,6.314898400996348,11,6.051072201743608,2,6.062528186224868,3,7.9
139,8.235890725928495,5,2021,1,0,1,1,0,0,0,0,0,0,5.746624220083936,1,5.908682032378715,3,5.35958037770137,7,5.6937761729230925,4,4.1
116,5.247024072160486,30,1996,1,0,0,0,0,0,0,0,0,0,6.8068666587394615,21,5.973896947356663,1,5.973896947356663,1,6.02406664776333,3,6.6
157,3.6375861597263857,41,1985,1,0,0,0,0,0,0,0,0,0,5.714898400996347,11,5.322277075653853,22,5.846624220083935,1,5.869098232680173,9,5.2
174,10.104589972973457,27,1999,1,1,0,0,0,0,0,0,0,0,6.008682032378715,3,6.578877771926745,32,6.387511820029784,21,5.648045601101225,9,8.1
145,5.075173815233827,47,1979,0,0,1,0,0,0,0,1,0,0,6.0451592456068495,8,5.939515471802202,46,5.756652075653853,22,6.446369434205137,14,6.8
135,3.5263605246161616,76,1950,1,0,0,0,0,0,1,0,0,0,5.980857761394886,5,6.618278626177521,29,6.054835878532561,3,6.15775554385349,11,6.9
106,3.5263605246161616,9,2017,1,0,0,0,0,0,0,0,0,0,5.7427388684102745,2,5.937533310993026,1,5.984405535076941,2,5.937533310993026,1,6.2
118,3.044522437723423,66,1960,1,0,0,0,0,0,0,0,0,0,6.341933318877841,7,6.603274868014205,55,6.35091903006595,4,5.793297416994099,3,7.5
117,4.762173934797756,20,2006,1,1,0,0,0,0,0,0,0,0,5.579490458637379,4,5.600989724686406,3,5.8068666587394615,21,5.500514656836932,15,3.9
126,3.6888794541139363,21,2005,1,0,0,0,0,0,0,0,0,0,6.265204744351664,4,6.010260583720299,1,6.010260583720299,1,6.08440553507694,2,7.0
124,9.682778535337379,21,2005,1,1,0,0,1,0,0,0,0,0,5.670066660951704,33,6.128944742530841,101,6.1428025546508955,16,5.680857761394886,5,7.6
130,7.552762084214147,9,2017,1,1,0,0,1,0,0,0,0,0,5.670066660951704,33,6.32036761202638,25,6.342024067247869,26,5.85091903006595,4,4.9
125,8.895081531754167,18,2008,1,1,0,0,1,0,0,0,0,0,5.670066660951704,33,6.128944742530841,101,6.1428025546508955,16,6.039603690051294,8,6.7
135,2.3978952727983707,47,1979,1,0,0,0,0,0,1,0,0,0,5.62406664776333,3,5.790996893509845,33,5.876072201743607,2,5.720514656836932,15,4.8
148,2.5649493574615367,40,1986,1,0,0,0,0,0,0,0,0,0,6.214898400996348,11,5.665204744351663,4,5.892738868410274,2,5.288304151307706,6,5.3
164,2.4849066497880004,42,1984,1,0,0,0,0,0,1,0,0,0,5.939451263147945,3,5.901072201743607,2,6.0471435708402534,3,5.869098232680173,9,5.4
114,4.23410650459726,46,1980,1,0,0,0,0,0,0,0,0,0,6.479624548469647,9,5.982987856447571,1,5.982987856447571,1,5.982987856447571,1,6.7
135,6.834108738813838,7,2019,1,1,0,0,0,0,0,0,0,0,6.109405535076941,2,5.439451263147945,3,5.946624220083936,1,5.946624220083936,1,6.3
137,5.351858133476067,18,2008,1,1,0,0,0,0,0,0,0,0,5.828442401902118,1,5.808682032378714,3,5.700857761394886,5,5.793776172923093,4,5.0
115,4.204692619390966,15,2011,1,0,0,1,0,0,1,0,0,0,5.855715129174845,1,6.394874495348429,7,5.859405535076941,2,5.855715129174845,1,5.3
153,6.300785794663244,23,2003,1,0,0,0,1,0,0,0,0,0,6.052733322648839,13,5.658061887208807,4,6.095414022153857,9,5.992078765538481,1,6.8
160,8.0519780789023,44,1982,1,1,0,1,0,0,0,0,0,0,5.407883941515678,17,6.128944742530841,101,6.244872614659345,46,6.10091903006595,4,7.2
170,9.5410100922274,28,1998,1,1,0,0,1,0,0,0,0,0,5.670066660951704,33,5.724066647763331,3,5.911203495838068,9,6.13870792480587,11,8.2
142,6.846943139585379,13,2013,1,1,0,0,1,0,0,0,0,0,5.670066660951704,33,5.910260583720299,1,5.910260583720299,1,5.910260583720299,1,5.9
152,8.510168576479273,13,2013,1,0,0,0,0,0,0,0,0,0,6.335342018301013,13,6.128944742530841,101,5.778254311886048,17,5.807524428061553,5,5.9
131,4.6443908991413725,44,1982,0,0,0,0,0,0,0,0,0,0,6.8068666587394615,21,6.232256127417014,9,6.184777075653853,22,6.008690733914536,26,7.2
175,6.53813982376767,57,1969,1,0,0,0,0,0,0,0,0,0,6.951462009788914,33,6.47834521208835,91,6.208601383769235,38,6.063835074785437,9,8.2
172,6.907755278982137,48,1978,1,0,1,0,0,0,0,0,0,0,6.432256127417015,9,6.249591938691465,81,6.313861254619549,27,6.162528186224869,3,7.1
141,4.51085950651685,26,2000,0,0,0,0,1,1,0,0,0,0,5.846624220083935,1,5.801072201743608,2,6.001072201743607,2,5.846624220083935,1,5.2
140,8.74878098951311,8,2018,1,1,0,0,1,0,0,0,0,0,5.329490458637379,4,6.131652075653853,22,5.911203495838068,9,5.89207876553848,1,5.7
158,3.8501476017100584,35,1991,0,0,0,0,0,1,0,0,1,0,5.5958507819487275,11,6.603274868014205,55,5.737533310993026,1,5.767738868410274,2,4.0
110,4.2626798770413155,22,2004,1,0,0,0,0,1,0,0,0,0,6.028442401902117,1,6.043776172923093,4,6.036633315780235,4,6.009405535076941,2,7.2
132,3.2188758248682006,31,1995,0,0,1,0,0,0,0,0,0,0,5.759405535076941,2,5.484405535076941,2,5.642782443206489,9,5.677912801609484,3,3.8
131,6.598509028614515,53,1973,1,0,0,0,0,0,1,0,0,0,6.139451263147945,3,6.128944742530841,101,6.471382787771719,21,6.251072201743607,2,7.2
153,6.8308742346461795,35,1991,1,1,1,0,0,0,0,0,0,0,5.407883941515678,17,6.023907835909508,24,5.711656055020984,34,5.934405535076941,2,5.8
97,1.9459101490553132,25,2001,0,1,0,0,0,0,0,0,0,0,5.509405535076941,2,5.178820279170577,13,5.458061887208807,4,5.357054151307706,6,3.8
139,2.6390573296152584,27,1999,0,1,0,0,0,0,0,0,0,0,5.527662618815857,23,5.80116967462939,1,5.576869498317517,37,5.359777075653853,22,4.7
144,3.258096538021482,30,1996,1,0,0,0,0,0,0,0,0,0,5.826992969522278,9,6.491721282179798,73,5.500459515032975,18,5.934405535076941,2,6.0
135,4.07753744390572,40,1986,1,0,0,0,0,0,0,0,0,0,6.043776172923093,4,5.219562361627795,52,5.94664870849705,16,6.205191863924958,31,6.2
123,4.04305126783455,44,1982,1,0,1,0,0,0,1,0,0,0,6.1258041513077055,6,6.471632800332116,53,6.622579622803425,26,6.1056433210461645,10,6.1
155,3.7376696182833684,56,1970,0,1,1,0,0,1,0,0,0,0,6.405130291860149,12,6.186326972424918,11,5.837304297111666,52,6.140857761394886,5,6.5
136,4.02535169073515,60,1966,0,0,1,0,0,0,0,1,0,0,6.466201509566438,34,6.0565146568369315,15,6.724115867164841,32,6.190643321046164,10,6.3
153,4.174387269895637,47,1979,1,0,1,0,0,0,0,1,0,0,6.08440553507694,2,5.638304151307706,6,6.109405535076941,2,6.100989724686406,3,7.6
130,4.553876891600541,19,2007,1,0,0,0,0,0,0,0,0,0,6.0945541513077055,6,5.946624220083936,1,5.95940553507694,2,5.679624548469646,9,6.3
115,2.70805020110221,14,2012,0,0,1,0,0,0,0,0,0,0,5.859405535076941,2,5.873896947356664,1,5.873896947356664,1,5.873896947356664,1,5.5
111,6.340359303727752,6,2020,0,1,1,0,0,0,0,1,0,0,6.064806038265754,1,6.064806038265754,1,6.064806038265754,1,6.064806038265754,1,7.6
111,3.6109179126442243,75,1951,1,0,0,0,0,0,1,0,0,0,6.093297416994099,3,6.603274868014205,55,6.328492578940182,8,6.140857761394886,5,6.2
104,3.258096538021482,6,2020,0,0,0,0,0,1,0,0,0,0,5.501072201743607,2,5.60116967462939,1,5.60116967462939,1,5.60116967462939,1,2.5
120,6.008813185442595,7,2019,0,0,0,0,1,0,0,0,0,0,5.670220493917176,3,5.855715129174845,1,5.855715129174845,1,5.855715129174845,1,5.3
85,6.75343791859778,20,2006,1,0,0,0,0,0,0,0,0,1,5.9193514928112085,1,5.9193514928112085,1,5.9193514928112085,1,5.9193514928112085,1,6.0
105,5.056245805348308,11,2015,0,0,1,1,0,0,0,0,0,0,5.634405535076941,2,5.921342085059831,89,5.95958037770137,7,5.9848877063643835,9,3.8
130,4.02535169073515,14,2012,1,0,0,0,0,0,0,0,0,0,6.055715129174845,1,6.055715129174845,1,6.055715129174845,1,6.055715129174845,1,7.5
150,9.995337206166006,9,2017,1,0,0,0,0,0,0,0,0,0,6.082987856447573,1,6.082987856447573,1,6.101072201743608,2,6.082987856447573,1,7.8
124,9.476236852356042,7,2019,1,0,0,0,1,0,0,0,1,0,6.134405535076941,2,5.873312110041968,12,5.586633315780235,4,6.110260583720299,1,8.1
104,7.0192966537150445,8,2018,1,0,1,0,0,0,0,0,0,0,6.034405535076941,2,5.992078765538481,1,6.08440553507694,2,5.992078765538481,1,6.8
116,9.91719319959224,9,2017,0,0,1,1,0,0,0,0,0,0,6.285605109301792,3,6.57970276753847,14,5.893776172923092,4,6.1741910947282195,5,7.5
140,4.6443908991413725,71,1955,1,0,0,0,0,0,0,0,0,0,6.322937023384627,8,6.285643321046164,10,6.290150864259121,9,6.0080618872088065,4,6.8
162,7.478169694159785,54,1972,1,0,0,1,0,0,0,0,0,1,6.090643321046164,10,5.921342085059831,89,6.453319600615392,24,6.186948473678331,12,6.8
142,4.787491742782046,16,2010,1,1,0,1,0,0,0,0,0,0,5.773896947356662,1,5.773896947356662,1,5.773896947356662,1,5.559405535076941,2,4.4
114,3.8066624897703196,32,1994,0,1,0,0,0,1,0,0,0,0,6.051072201743608,2,5.992078765538481,1,5.992078765538481,1,5.992078765538481,1,6.8
125,7.641564441260972,21,2005,1,1,0,0,1,0,0,0,0,0,5.729490458637378,4,5.430994192214055,13,6.259405535076941,2,5.526992969522278,9,7.7
150,2.772588722239781,30,1996,0,1,0,0,0,0,0,0,0,0,6.00116967462939,1,6.00116967462939,1,6.00116967462939,1,5.892738868410274,2,6.9
114,8.761393485256058,6,2020,1,0,0,1,0,0,0,0,0,0,6.314221200951058,12,5.992078765538481,1,6.240857761394887,5,5.854191094728219,5,6.8
126,5.5093883366279774,7,2019,0,0,0,0,0,1,0,0,0,0,5.600857761394886,5,5.611203495838068,9,5.271345083583722,7,5.662528186224869,3,5.3
127,2.4849066497880004,9,2017,1,0,0,0,0,0,0,0,0,0,5.846624220083935,1,5.846624220083935,1,5.759580377701369,7,5.846624220083935,1,5.2
152,7.042286171939743,20,2006,1,0,1,1,0,0,0,0,0,0,5.631758955455638,3,5.346112564277431,51,5.375536100871805,14,5.9317589554556385,3,4.1
134,3.367295829986474,54,1972,0,0,0,1,0,0,0,0,0,0,6.0562703567179605,8,5.4725802696012575,88,5.9937622140307765,20,6.084549116340087,28,5.1
90,2.0794415416798357,7,2019,1,0,0,0,0,0,0,0,0,0,6.051072201743608,2,6.00116967462939,1,6.051072201743608,2,6.051072201743608,2,6.9
145,8.264363329731667,12,2014,0,0,1,1,0,0,0,0,0,0,6.100989724686406,3,6.083109789466075,7,6.022937023384626,8,6.072347601494521,4,5.6
137,9.502114062331216,9,2017,1,0,1,0,0,0,0,0,0,0,6.064806038265754,1,6.495850781948728,11,5.885605109301792,3,6.064806038265754,1,7.6
129,6.794586580876499,21,2005,0,0,0,1,0,0,0,0,0,0,5.361036596488693,41,5.153308758995962,9,5.508682032378715,3,5.83440553507694,2,3.5
122,6.6039438246004725,20,2006,0,0,1,1,0,0,0,1,0,0,5.388036100871804,14,5.873312110041968,12,5.778492578940183,8,5.362528186224869,3,4.1
140,5.198497031265826,8,2018,0,0,0,1,0,0,0,0,0,0,5.819351492811208,1,5.660857761394886,5,5.9927388684102745,2,5.819351492811208,1,4.9
94,5.2574953720277815,5,2021,1,0,0,0,0,0,0,1,0,0,5.9193514928112085,1,5.9193514928112085,1,5.9193514928112085,1,5.958061887208806,4,6.0
181,7.862112211662748,46,1980,0,1,0,0,1,0,0,0,0,1,6.090643321046164,10,6.229837873202802,34,6.594801845025647,26,6.367143200774937,17,7.1
144,8.566173813637858,11,2015,1,0,1,1,0,0,0,0,0,0,6.165204744351663,4,5.813762214030776,20,5.783109789466075,7,6.163304151307706,6,3.5
145,6.739336627357174,16,2010,0,0,1,0,0,0,0,0,0,1,5.080321660523082,30,5.864806038265754,1,5.864806038265754,1,5.864806038265754,1,5.4
140,7.215239978730097,21,2005,1,0,0,0,0,1,0,0,0,0,5.836633315780235,4,5.356708208998889,59,5.763036100871804,14,5.329490458637379,4,5.1
154,3.4965075614664802,77,1949,1,0,1,0,0,0,1,0,0,0,6.022347601494521,4,6.759304267203161,29,6.118766655496514,12,6.067738868410274,2,6.6
150,4.04305126783455,21,2005,1,1,0,0,0,0,0,0,0,0,5.7427388684102745,2,5.888304151307706,6,5.937533310993026,1,5.937533310993026,1,6.2
98,4.919980925828125,15,2011,1,1,0,0,1,0,0,0,0,0,5.909405535076941,2,5.62406664776333,3,5.862528186224869,3,5.8829878564475715,1,5.6
99,3.044522437723423,11,2015,1,0,0,0,0,0,0,0,0,0,6.151072201743607,2,6.0466242200839355,1,6.0466242200839355,1,6.0466242200839355,1,7.4
143,7.5740450053721995,15,2011,1,1,0,0,1,0,0,0,0,0,6.195850781948728,11,6.182602372175832,18,6.019351492811208,1,6.100989724686406,3,7.1
164,4.31748811353631,78,1948,1,0,1,0,0,0,0,0,0,0,6.388304151307706,6,6.759304267203161,29,6.247524428061553,5,6.12406664776333,3,7.2
150,5.84354441703136,61,1965,1,0,0,0,0,0,0,0,0,0,6.0920787655384805,1,6.293776172923093,4,6.4729370233846275,8,6.0920787655384805,1,7.9
173,3.332204510175204,24,2002,1,0,0,0,0,0,0,0,0,0,5.992078765538481,1,5.708061887208807,4,5.992078765538481,1,5.909405535076941,2,6.8
175,7.57353126274595,38,1988,0,1,0,0,0,0,0,0,0,1,6.0320541513077055,6,6.128944742530841,101,5.7380361008718035,14,6.243776172923092,4,6.3
123,2.302585092994046,73,1953,0,1,0,0,0,0,0,0,0,0,6.322937023384627,8,5.792078765538481,1,6.100857761394886,5,5.952993639091586,11,4.6
129,9.658864969544794,14,2012,1,0,0,0,0,0,0,0,0,0,6.122937023384627,8,6.495850781948728,11,6.119351492811208,1,6.100804151307706,6,8.2
121,3.4339872044851463,80,1946,1,0,1,0,0,0,0,0,0,0,6.300643321046165,10,6.138304151307706,6,5.979490458637378,4,6.400643321046165,10,6.9
73,3.258096538021482,20,2006,0,0,0,1,0,0,0,0,0,0,6.0466242200839355,1,5.428492578940183,8,6.0466242200839355,1,6.0466242200839355,1,7.4
89,6.950814768442584,16,2010,1,0,0,1,0,0,0,0,0,0,5.662528186224869,3,5.828442401902118,1,5.776072201743607,2,5.828442401902118,1,5.0
138,3.091042453358316,77,1949,0,0,1,0,0,0,0,0,0,0,6.019351492811208,1,6.1937761729230925,4,6.27436139057491,9,6.008682032378715,3,7.1
121,2.995732273553991,52,1974,1,1,0,0,1,0,0,0,0,0,5.8866333157802355,4,5.570966659438921,24,6.724115867164841,32,5.522937023384626,8,5.4
121,9.005405040310642,15,2011,1,1,0,0,1,0,0,0,0,0,6.222347601494521,4,6.243776172923092,4,5.9510722017436075,2,5.807524428061553,5,7.2
79,1.9459101490553132,20,2006,0,0,0,0,0,0,0,0,0,0,5.764806038265753,1,5.736633315780234,4,5.509405535076941,2,5.764806038265753,1,4.3
128,3.9512437185814275,36,1990,0,0,0,0,0,0,0,0,0,0,5.810260583720299,1,5.810260583720299,1,5.810260583720299,1,5.810260583720299,1,4.8
140,3.6888794541139363,15,2011,1,0,0,1,1,0,0,0,0,0,5.819351492811208,1,5.819351492811208,1,5.819351492811208,1,5.819351492811208,1,4.9
129,6.405228458030842,19,2007,1,0,1,0,0,0,0,1,0,0,5.063835074785437,9,5.189745229318689,18,5.582987856447572,1,5.359405535076941,2,2.3
126,6.270988431858299,6,2020,1,0,0,0,0,0,0,0,0,0,5.634405535076941,2,5.850804151307706,6,5.586633315780235,4,5.664806038265754,1,3.2
120,6.530877627725885,61,1965,1,0,1,0,0,0,0,0,0,0,5.992078765538481,1,6.249591938691465,81,5.992078765538481,1,5.992078765538481,1,6.8
170,8.448914350662942,24,2002,1,1,0,0,0,0,0,0,0,0,5.939451263147945,3,5.188992142407252,7,6.324514656836932,15,5.387524428061552,5,6.0
166,7.580699752224563,44,1982,1,1,0,0,1,0,0,0,0,0,6.090643321046164,10,6.759304267203161,29,6.342024067247869,26,6.486326972424918,11,7.7
155,5.176149732573829,33,1993,1,1,1,0,0,0,0,0,0,0,4.896369434205138,14,5.396410830261542,70,5.185672541791862,24,5.507524428061553,5,2.6
76,1.9459101490553132,79,1947,1,0,0,0,0,0,0,0,0,0,6.380514656836932,15,5.982987856447571,1,6.051072201743608,2,6.12406664776333,3,6.7
127,9.042749779782222,6,2020,1,0,0,0,0,0,0,0,0,0,6.008682032378715,3,6.3062703567179605,8,5.928442401902117,1,5.928442401902117,1,6.1
137,6.272877006546167,48,1978,0,1,0,0,1,0,0,0,0,1,5.946624220083936,1,5.921342085059831,89,6.313861254619549,27,5.946624220083936,1,6.3
160,4.127134385045092,28,1998,1,1,0,0,0,0,0,0,0,0,5.692078765538481,1,6.023907835909508,24,5.377912801609484,3,5.458571916890699,9,3.5
149,2.3978952727983707,65,1961,1,0,1,0,0,0,0,1,0,0,6.4101364962344425,11,6.000919030065949,4,5.964806038265754,1,6.093297416994099,3,6.5
147,3.1780538303479458,72,1954,1,0,1,0,0,0,0,0,0,0,6.093297416994099,3,6.1937761729230925,4,6.189603690051293,8,6.254191094728219,5,6.6
155,8.867850063029406,11,2015,1,0,0,0,0,0,0,0,0,0,6.240857761394887,5,6.128944742530841,101,5.992078765538481,1,5.776072201743607,2,6.8
145,3.4011973816621555,52,1974,1,0,0,0,0,0,1,0,0,0,6.100804151307706,6,6.100804151307706,6,6.453319600615392,24,6.063835074785437,9,6.8
146,3.7612001156935624,36,1990,1,1,0,1,0,0,0,0,0,0,5.785605109301792,3,5.3923579264167305,93,5.7380361008718035,14,5.763036100871804,14,5.2
120,9.190647738630446,14,2012,1,0,0,0,1,0,0,0,1,0,6.463304151307705,6,5.543224754883523,25,6.043776172923093,4,5.800989724686407,3,7.2
130,3.295836866004329,50,1976,1,0,0,0,0,0,0,0,0,0,5.581264093112434,16,6.47834521208835,91,6.594801845025647,26,6.206270356717961,8,6.5
140,1.791759469228055,60,1966,1,1,0,0,0,0,0,0,0,0,5.984048134495739,8,6.0451592456068495,8,5.915204744351663,4,5.8829878564475715,1,5.6
137,3.258096538021482,50,1976,1,1,0,0,1,0,0,0,0,0,5.724066647763331,3,5.89396343293301,21,5.858479561965267,21,5.847143570840253,3,5.5
142,4.624972813284271,35,1991,0,1,1,0,0,0,0,1,0,0,5.9193514928112085,1,6.095643321046164,10,5.9193514928112085,1,5.763036100871804,14,6.0
128,2.4849066497880004,42,1984,0,1,0,0,0,0,0,0,0,0,5.968316657890118,18,5.80709554736411,20,6.184777075653853,22,5.463835074785436,9,4.3
140,4.51085950651685,29,1997,0,1,0,0,0,0,0,0,0,0,5.759405535076941,2,5.3923579264167305,93,5.873896947356664,1,5.668316657890117,18,5.5
180,7.907283609426348,42,1984,1,0,1,1,0,0,0,0,0,0,6.069725631573973,16,6.128944742530841,101,6.10055940960536,13,5.9713450835837225,7,7.4
128,4.624972813284271,69,1957,1,0,1,0,0,0,0,1,0,0,6.0562703567179605,8,6.618278626177521,29,6.307340221411149,19,6.140857761394886,5,6.6
120,4.356708826689592,56,1970,1,0,1,0,0,0,0,0,0,0,6.456270356717961,8,6.47834521208835,91,6.208601383769235,38,6.186948473678331,12,7.1
115,3.2188758248682006,50,1976,1,0,0,0,0,0,0,0,0,0,5.95940553507694,2,5.89396343293301,21,6.244872614659345,46,6.206270356717961,8,5.8
108,5.6131281063880705,11,2015,1,0,0,1,0,0,0,0,1,0,5.662528186224869,3,5.529490458637378,4,5.819351492811208,1,5.565784695424972,51,4.9
135,3.332204510175204,42,1984,0,1,0,0,0,0,0,0,0,0,6.042738868410274,2,5.971369434205137,14,6.244872614659345,46,6.084549116340087,28,6.8
155,6.1070228877422545,24,2002,1,0,1,1,0,0,0,0,0,0,5.792078765538481,1,5.427417939266281,16,5.6856433210461645,10,5.9531351783589805,26,4.6
126,2.995732273553991,45,1981,1,0,0,0,0,0,1,0,0,0,6.2954140221538575,9,5.4725802696012575,88,5.677912801609484,3,5.826992969522278,9,5.5
122,5.529429087511423,7,2019,0,0,0,1,0,0,0,0,0,0,5.694191094728219,5,5.667738868410274,2,5.793297416994099,3,5.308682032378714,3,4.9
164,5.043425116919247,55,1971,0,0,1,0,0,0,0,1,1,0,6.113304151307705,6,6.249591938691465,81,5.9937622140307765,20,6.365462730642546,7,7.0
136,3.6109179126442243,57,1969,0,0,0,0,0,1,0,0,1,0,5.851072201743608,2,5.838304151307705,6,6.354935346088585,23,6.0471435708402534,3,6.7
134,3.713572066704308,40,1986,1,0,0,0,0,1,0,0,1,0,5.658061887208807,4,6.137978611715534,43,6.288118693193251,31,5.659405535076941,2,6.4
136,5.030437921392435,22,2004,1,0,1,0,0,0,0,0,0,0,5.736633315780234,4,4.900514656836932,15,5.52406664776333,3,5.329490458637379,4,3.5
144,4.430816798843313,30,1996,1,1,0,0,0,0,0,0,0,0,5.540857761394887,5,4.91827862617752,29,5.751072201743607,2,5.565784695424972,51,4.6
168,3.4965075614664802,57,1969,0,0,0,0,0,1,0,0,1,0,6.288992142407252,7,6.306652075653853,22,6.622579622803425,26,6.269725631573973,16,6.1
157,3.713572066704308,40,1986,0,1,0,0,1,0,0,0,0,1,6.212514656836931,15,6.491721282179798,73,6.00116967462939,1,5.955643321046165,10,6.9
127,6.102558594613569,44,1982,0,0,0,1,0,0,0,0,0,0,6.488268679421918,23,6.47834521208835,91,6.2010722017436075,2,6.305643321046165,10,7.2
125,3.4339872044851463,10,2016,1,0,0,1,0,0,0,0,0,0,5.928442401902117,1,5.928442401902117,1,5.928442401902117,1,5.928442401902117,1,6.1
149,8.293049139768444,18,2008,1,0,0,0,1,1,0,0,0,0,5.817738868410274,2,5.871345083583723,7,5.7580618872088065,4,5.525804151307705,6,7.3
144,2.772588722239781,76,1950,1,0,0,0,0,0,0,0,0,0,6.312521554171958,7,6.1937761729230925,4,6.0466242200839355,1,6.0466242200839355,1,7.4
113,3.9889840465642745,40,1986,1,0,0,0,0,0,0,0,0,0,6.488268679421918,23,5.3923579264167305,93,5.854835878532561,3,5.989603690051293,8,7.2
115,3.5553480614894135,15,2011,0,0,0,1,0,0,0,0,0,0,5.728442401902117,1,5.509405535076941,2,5.728442401902117,1,5.728442401902117,1,3.9
120,2.6390573296152584,62,1964,1,0,0,0,0,0,0,0,0,0,6.270124626996664,13,5.964806038265754,1,5.962528186224868,3,6.079490458637379,4,6.5
133,1.791759469228055,79,1947,0,0,1,0,0,0,0,0,0,0,5.980857761394886,5,5.8677388684102745,2,5.7557151291748445,1,5.639451263147945,3,4.2
112,2.302585092994046,70,1956,0,1,0,1,0,0,0,0,0,1,5.864806038265754,1,5.864806038265754,1,6.118766655496514,12,5.95940553507694,2,5.4
110,3.044522437723423,9,2017,0,0,0,0,0,0,0,0,0,0,5.601072201743608,2,5.737533310993026,1,5.693297416994099,3,5.737533310993026,1,4.0
125,4.04305126783455,27,1999,0,1,0,0,0,0,0,0,0,0,5.032514656836931,15,5.322277075653853,22,5.576869498317517,37,5.357054151307706,6,5.1
145,4.406719247264253,36,1990,0,1,0,0,0,1,0,0,0,0,5.577912801609484,3,5.4725802696012575,88,5.837304297111666,52,5.61709554736411,20,4.5
135,3.367295829986474,26,2000,0,1,0,0,0,0,0,0,1,0,5.684405535076941,2,5.70116967462939,1,5.70116967462939,1,5.950919030065949,4,3.6
139,4.718498871295094,58,1968,0,0,0,0,0,1,0,0,1,0,5.833946020043966,11,6.404907235692317,13,6.208601383769235,38,6.311203495838067,9,6.6
118,8.764053269347762,6,2020,1,0,1,0,0,0,0,0,0,0,6.15958037770137,7,5.7193514928112075,1,5.7193514928112075,1,5.7193514928112075,1,3.8
160,6.068425588244111,26,2000,1,0,0,0,1,1,0,0,0,0,6.210643321046165,10,4.990967175706513,55,5.8068666587394615,21,4.8659609110663204,19,4.6
139,3.7376696182833684,63,1963,0,1,0,0,0,0,0,0,0,1,6.061825912273516,8,5.887524428061552,5,5.979490458637378,4,5.9815650676630145,11,5.7
162,4.02535169073515,35,1991,0,1,0,0,0,0,0,0,0,1,5.909405535076941,2,5.909405535076941,2,5.576869498317517,37,6.400402075653853,22,5.6
110,3.7376696182833684,73,1953,1,0,0,0,0,0,0,0,0,0,6.388304151307706,6,6.759304267203161,29,6.228492578940183,8,6.2772274365249,7,7.0
162,6.967909201801884,21,2005,1,0,0,0,0,0,0,0,0,0,6.008682032378715,3,5.396410830261542,70,5.5941910947282185,5,5.705374591472538,11,4.9
125,2.302585092994046,47,1979,1,0,0,0,0,0,1,0,0,0,6.041933318877841,7,5.842738868410275,2,5.8829878564475715,1,5.288304151307706,6,5.6
129,7.187657164114956,6,2020,0,0,1,1,0,0,0,0,0,0,6.090643321046164,10,5.911825912273516,8,6.071345083583723,7,5.6937761729230925,4,4.6
139,8.842604480678025,14,2012,1,0,0,0,0,0,0,0,0,0,6.110260583720299,1,6.110260583720299,1,6.110260583720299,1,6.110260583720299,1,8.1
140,5.438079308923196,49,1977,1,0,0,0,0,0,0,0,0,0,6.009405535076941,2,6.08440553507694,2,6.500584837314696,12,5.836633315780235,4,7.0
150,5.187385805840755,25,2001,1,0,0,0,0,0,0,0,1,0,5.748045601101226,9,5.615204744351664,4,5.751072201743607,2,5.4861738007472605,18,4.8
111,6.931471805599453,14,2012,0,0,1,0,0,0,0,0,0,0,5.7557151291748445,1,5.7557151291748445,1,5.7557151291748445,1,5.7010722017436075,2,4.2
161,8.131530710604252,37,1989,1,1,0,0,1,0,0,0,0,0,5.670066660951704,33,6.095643321046164,10,6.034405535076941,2,5.687524428061552,5,8.1
160,5.802118375377063,20,2006,1,1,0,0,1,0,0,0,0,0,5.670066660951704,33,5.728442401902117,1,5.277912801609484,3,5.728442401902117,1,3.9
125,3.912023005428146,41,1985,0,1,0,0,0,0,0,0,0,1,5.407883941515678,17,5.333601383769235,38,5.94664870849705,16,6.061173800747261,18,4.6
153,3.4011973816621555,38,1988,1,1,0,0,1,0,0,0,0,0,5.593776172923092,4,5.570966659438921,24,5.383762214030777,20,5.420643321046164,10,4.7
153,9.201299627324033,10,2016,1,1,0,0,0,0,0,0,0,1,5.934405535076941,2,5.396410830261542,70,5.937533310993026,1,5.937533310993026,1,6.2
100,2.70805020110221,22,2004,1,0,0,1,0,0,0,0,0,0,5.7557151291748445,1,5.783109789466075,7,5.7557151291748445,1,5.7557151291748445,1,4.2
105,2.995732273553991,14,2012,1,0,1,0,0,0,0,0,0,0,5.751072201743607,2,5.747143570840253,3,5.937533310993026,1,5.565784695424972,51,6.2
135,3.8918202981106265,65,1961,1,0,0,0,0,0,1,0,0,0,6.388304151307706,6,6.037533310993027,1,6.037533310993027,1,6.037533310993027,1,7.3
165,6.838405200847344,34,1992,1,1,0,1,0,0,0,0,0,0,5.361036596488693,41,4.990967175706513,55,5.806639201230782,7,5.359777075653853,22,6.5
162,10.868796993889818,51,1975,0,1,0,1,0,0,0,0,0,1,6.090643321046164,10,6.471632800332116,53,6.208601383769235,38,6.367143200774937,17,8.2
138,7.983781068977451,27,1999,1,1,0,0,1,0,0,0,0,0,5.838304151307705,6,6.32036761202638,25,5.371391221603244,28,6.073896947356662,1,7.7
100,3.4657359027997265,20,2006,1,0,0,0,0,0,0,0,0,0,5.992078765538481,1,5.934405535076941,2,6.143776172923092,4,5.777912801609484,3,6.8
147,2.1972245773362196,38,1988,1,0,0,0,0,0,0,0,0,0,5.750919030065949,4,5.784405535076941,2,5.750714801162405,8,5.9695541513077055,6,5.0
122,9.170351363759819,19,2007,0,1,0,0,1,0,0,0,0,0,5.420857761394886,5,6.128944742530841,101,5.231796183454951,25,5.8910888771868235,11,7.1
155,8.770283819098399,13,2013,0,1,0,0,1,0,0,0,0,0,5.743469829567776,11,5.644648673347989,53,5.732403019132877,12,5.933946020043966,11,5.9
170,5.823045895483019,54,1972,1,0,0,0,0,0,0,0,0,0,6.100804151307706,6,6.0565146568369315,15,6.6445146568369315,15,6.292202767538471,14,7.2
112,8.161375023197486,16,2010,1,0,0,0,1,0,0,0,0,0,6.127524428061552,5,6.127524428061552,5,6.028442401902117,1,5.986633315780234,4,7.2
125,4.983606621708336,10,2016,1,0,0,0,0,0,0,0,0,0,5.973896947356663,1,5.973896947356663,1,5.973896947356663,1,5.973896947356663,1,6.6
132,5.594711379601839,10,2016,1,0,0,0,0,0,0,0,0,0,5.89207876553848,1,5.89207876553848,1,5.796514656836931,15,5.700584837314694,12,5.7
146,5.53338948872752,13,2013,1,1,0,0,1,0,0,0,0,0,5.582987856447572,1,5.534191094728219,5,4.709255061779273,13,5.582987856447572,1,2.3
101,4.2626798770413155,10,2016,1,0,0,0,0,0,0,0,1,1,5.955715129174845,1,5.593762214030777,20,5.955715129174845,1,5.955715129174845,1,6.4
142,6.785587645007929,17,2009,1,0,0,1,0,0,0,0,0,0,5.747143570840253,3,5.644648673347989,53,5.231796183454951,25,5.835342018301013,13,3.4
95,6.09807428216624,13,2013,1,0,0,0,0,0,0,0,0,0,6.193297416994099,3,5.964806038265754,1,5.964806038265754,1,5.964806038265754,1,6.5
108,4.74493212836325,19,2007,1,1,0,0,0,0,0,0,0,0,5.70116967462939,1,5.70116967462939,1,5.83440553507694,2,5.70116967462939,1,3.6
139,2.9444389791664403,45,1981,1,0,0,0,0,0,1,0,0,0,5.8092550617792735,13,6.023907835909508,24,5.876072201743607,2,5.865204744351664,4,7.3
109,5.598421958998375,13,2013,0,0,0,0,0,1,0,0,0,0,5.946624220083936,1,5.946624220083936,1,5.946624220083936,1,6.017738868410274,2,6.3
168,7.868254265520613,71,1955,1,0,0,1,1,0,0,0,0,0,6.432256127417015,9,6.972277075653853,22,6.772514656836932,15,6.154191094728219,5,8.0
139,1.9459101490553132,64,1962,1,0,0,0,0,0,0,0,0,1,6.055715129174845,1,6.172347601494521,4,6.055715129174845,1,5.976072201743608,2,7.5
136,1.9459101490553132,55,1971,1,0,0,0,0,0,0,0,0,1,6.363439497071233,17,6.450714801162405,8,5.939451263147945,3,5.95940553507694,2,7.0
93,4.532599493153256,9,2017,1,0,0,0,0,0,0,0,0,0,6.284405535076941,2,6.028442401902117,1,6.028442401902117,1,6.028442401902117,1,7.2
152,4.912654885736052,33,1993,0,0,1,1,0,0,0,0,0,0,5.77419109472822,5,5.939515471802202,46,5.379754014514597,19,5.895643321046164,10,4.8
143,2.995732273553991,41,1985,1,0,0,0,0,0,0,1,0,0,6.119351492811208,1,6.217738868410275,2,6.119351492811208,1,6.119351492811208,1,8.2
146,4.23410650459726,66,1960,1,1,0,0,1,0,0,0,0,0,5.808061887208806,4,6.618278626177521,29,6.100857761394886,5,6.269725631573973,16,7.0
145,4.941642422609304,44,1982,1,0,0,1,0,0,1,0,0,0,5.588992142407252,7,6.471632800332116,53,5.9937622140307765,20,6.308514656836931,15,6.4
160,3.4011973816621555,58,1968,1,0,0,0,0,0,1,0,0,0,5.973896947356663,1,6.409201953556568,24,6.042738868410274,2,6.148514656836932,15,6.6
126,2.0794415416798357,13,2013,1,0,0,0,0,0,0,0,0,0,5.607524428061553,5,5.608061887208806,4,5.885605109301792,3,5.828442401902118,1,5.0
138,2.833213344056216,43,1983,1,0,0,1,0,0,0,0,0,0,6.0451592456068495,8,5.695643321046164,10,5.700677180048594,9,6.305643321046165,10,6.3
119,9.115480090952223,9,2017,0,0,1,1,0,0,0,0,0,0,6.00116967462939,1,6.57970276753847,14,6.389603690051294,8,6.00116967462939,1,6.9
117,9.012986392348266,6,2020,0,0,1,1,0,0,0,0,0,0,5.90116967462939,1,6.57970276753847,14,5.90116967462939,1,6.193297416994099,3,5.8
141,9.041685005946043,13,2013,1,0,1,1,0,0,0,0,0,0,6.093776172923092,4,6.339603690051295,8,6.018403907113134,7,5.61709554736411,20,6.0
114,5.926926025970411,9,2017,1,0,0,0,1,1,0,0,0,0,6.0920787655384805,1,6.0920787655384805,1,6.0920787655384805,1,6.0920787655384805,1,7.9
116,3.1780538303479458,15,2011,1,0,0,0,0,0,1,0,0,0,5.934405535076941,2,6.082987856447573,1,7.047450176569067,83,6.927791280160949,120,7.8
90,6.520621127558696,6,2020,1,0,0,0,0,0,0,0,0,0,5.767738868410274,2,5.967738868410275,2,6.293776172923093,4,6.026072201743607,2,6.4
144,5.003946305945459,22,2004,1,0,0,0,0,0,1,1,0,0,5.8375333109930265,1,5.888514656836931,15,5.271345083583722,7,5.747143570840253,3,5.1
99,4.23410650459726,12,2014,1,0,0,0,0,0,0,0,0,0,6.028442401902117,1,6.028442401902117,1,6.028442401902117,1,6.028442401902117,1,7.2
142,2.302585092994046,7,2019,1,0,0,0,0,0,0,0,0,0,5.973896947356663,1,5.973896947356663,1,5.973896947356663,1,5.973896947356663,1,6.6
85,2.995732273553991,6,2020,0,0,0,0,0,0,0,1,0,0,6.019351492811208,1,7.100201037826927,54,7.047450176569067,83,6.927791280160949,120,7.1
76,4.718498871295094,15,2011,1,0,0,1,0,0,0,0,0,0,6.070220493917176,3,5.937533310993026,1,5.937533310993026,1,5.937533310993026,1,6.2
123,4.356708826689592,36,1990,0,0,0,0,0,0,0,0,0,0,6.479624548469647,9,6.055715129174845,1,6.055715129174845,1,6.055715129174845,1,7.5
96,6.51025834052315,13,2013,1,0,0,0,0,0,0,0,0,0,6.037533310993027,1,6.037533310993027,1,6.294191094728219,5,5.909405535076941,2,7.3
110,5.572154032177765,17,2009,1,0,0,0,1,0,0,0,1,0,5.955715129174845,1,5.955715129174845,1,5.955715129174845,1,5.679624548469646,9,6.4
144,2.5649493574615367,27,1999,1,1,0,0,0,0,0,0,0,0,5.032514656836931,15,5.3923579264167305,93,5.728442401902117,1,5.667738868410274,2,3.9
180,3.58351893845611,37,1989,1,1,0,0,0,0,0,0,0,0,5.619152075653853,22,5.665204744351663,4,5.700677180048594,9,5.82406664776333,3,4.5
100,2.6390573296152584,22,2004,0,0,0,0,0,1,0,0,0,0,5.637533310993026,1,5.780643321046165,10,5.637533310993026,1,5.820857761394886,5,2.9
105,2.6390573296152584,11,2015,1,0,0,0,0,0,0,0,0,0,6.170220493917176,3,6.171345083583723,7,6.08440553507694,2,6.08440553507694,2,6.2
136,8.109224953089955,5,2021,0,0,0,0,1,1,0,0,0,0,5.973896947356663,1,5.973896947356663,1,5.911203495838068,9,5.973896947356663,1,6.6
134,6.546785410760524,21,2005,1,0,0,0,0,0,0,0,0,0,5.777912801609484,3,5.765462730642547,7,5.770220493917176,3,5.777912801609484,3,4.0
182,7.86480400332846,45,1981,1,0,1,0,0,0,1,0,0,0,6.641027075653853,22,6.128944742530841,101,6.594801845025647,26,6.1937761729230925,4,7.3
150,5.3471075307174685,27,1999,1,0,1,1,0,0,0,0,0,0,5.609405535076941,2,5.188992142407252,7,5.377912801609484,3,5.788613718262449,24,2.5
157,4.204692619390966,24,2002,1,1,0,0,0,0,0,0,0,0,6.146624220083936,1,6.146624220083936,1,6.240857761394887,5,6.200989724686408,3,8.5
158,9.632006859422356,8,2018,0,1,0,1,1,0,0,0,0,0,5.8092550617792735,13,5.8829878564475715,1,5.976072201743608,2,5.8829878564475715,1,5.6
124,8.08794755464267,9,2017,1,0,0,0,1,1,0,0,0,0,6.122937023384627,8,5.936948473678331,12,5.8375333109930265,1,5.8375333109930265,1,5.1
162,4.736198448394496,39,1987,1,0,0,1,0,0,0,0,0,0,5.571345083583723,7,6.249591938691465,81,5.383762214030777,20,5.612521554171957,7,5.1
135,4.276666119016055,66,1960,0,0,0,0,1,1,0,0,0,0,6.466201509566438,34,6.6843833277482565,34,6.217381467829071,8,5.964806038265754,1,6.5
141,8.973604867142505,11,2015,0,1,0,1,0,0,0,0,0,0,5.140643321046165,10,5.528400721966557,82,5.83440553507694,2,5.594191094728219,5,5.0
135,9.583764265872883,18,2008,0,1,0,1,1,0,0,0,0,0,5.578820279170578,13,5.528400721966557,82,5.811173800747261,18,6.008690733914536,26,5.7
134,7.696667081526462,13,2013,1,1,0,0,0,0,0,0,0,0,5.8092550617792735,13,5.219562361627795,52,5.8829878564475715,1,5.544554151307706,6,5.6
143,9.601638940166769,15,2011,1,1,0,0,1,0,0,0,0,0,5.8092550617792735,13,5.396410830261542,70,5.8932974169941,3,5.544554151307706,6,6.8
141,4.574710978503383,7,2019,1,1,0,0,0,0,0,0,0,0,5.793776172923093,4,5.851072201743608,2,5.873896947356664,1,5.873896947356664,1,5.5
142,8.94585385712759,12,2014,1,1,0,0,1,0,0,0,0,0,5.8092550617792735,13,5.396410830261542,70,5.778254311886048,17,5.89207876553848,1,5.7
161,2.70805020110221,40,1986,0,1,1,0,0,0,0,0,0,1,5.8375333109930265,1,6.148045601101225,9,5.5471435708402534,3,5.359777075653853,22,5.1
88,3.8918202981106265,10,2016,1,0,0,0,0,0,1,0,0,0,6.055715129174845,1,7.100201037826927,54,7.047450176569067,83,6.927791280160949,120,7.5
138,5.961005339623274,21,2005,1,0,1,0,0,1,0,0,0,0,5.572347601494521,4,5.7557151291748445,1,5.7557151291748445,1,5.884405535076941,2,4.2
99,8.60557030203365,8,2018,1,0,1,0,0,0,0,0,0,0,6.073896947356662,1,6.073896947356662,1,6.20940553507694,2,6.277912801609484,3,7.7
151,5.820082930352362,33,1993,1,0,1,0,1,0,0,0,0,0,5.785976865733128,39,6.137978611715534,43,5.8788202791705775,13,6.029490458637378,4,6.2
160,2.1972245773362196,19,2007,0,0,1,0,0,0,0,0,0,0,5.751072201743607,2,5.9815650676630145,11,5.500459515032975,18,5.383109789466076,7,3.4
135,4.574710978503383,18,2008,1,0,0,0,0,0,0,0,0,0,5.90116967462939,1,6.416514656836931,15,5.340428880697443,20,6.283109789466075,7,5.8
125,4.30406509320417,21,2005,1,0,0,0,0,1,0,0,0,0,5.600857761394886,5,5.550919030065949,4,6.0471435708402534,3,5.671345083583723,7,5.1
125,3.2188758248682006,46,1980,1,0,0,0,0,0,1,0,0,0,6.101072201743608,2,5.3923579264167305,93,6.028492578940183,8,6.162528186224869,3,6.5
188,9.82135516299751,19,2007,1,1,0,0,0,1,0,0,0,0,6.200989724686408,3,6.032731365321274,24,5.9275244280615516,5,6.055715129174845,1,7.5
112,4.465908118654584,20,2006,0,1,0,0,0,0,0,0,0,0,5.873896947356664,1,5.873896947356664,1,5.917738868410274,2,5.687524428061552,5,5.5
133,5.351858133476067,10,2016,1,0,0,0,0,0,0,0,0,0,5.394191094728219,5,5.785605109301792,3,5.785605109301792,3,5.407054151307706,6,6.9
138,7.427144133408616,13,2013,1,0,1,0,0,1,0,0,0,0,5.859405535076941,2,5.946624220083936,1,5.976072201743608,2,5.946624220083936,1,6.3
97,4.1588830833596715,14,2012,0,0,0,0,0,0,0,0,0,0,5.934405535076941,2,5.855715129174845,1,5.855715129174845,1,5.855715129174845,1,5.3
90,1.9459101490553132,6,2020,0,0,0,0,0,0,0,0,0,0,6.010260583720299,1,7.100201037826927,54,7.047450176569067,83,6.927791280160949,120,7.0
107,7.051855622955894,5,2021,1,0,0,0,0,0,1,0,0,0,5.973896947356663,1,5.973896947356663,1,6.622579622803425,26,5.973896947356663,1,6.6
118,3.912023005428146,53,1973,1,1,0,0,0,0,0,0,0,0,6.321888086461547,18,5.790996893509845,33,6.1718880864615455,18,5.521729811627541,9,7.1
154,5.6240175061873385,26,2000,1,0,0,0,0,0,0,1,1,0,6.1977658056647,29,5.964806038265754,1,5.909405535076941,2,5.884514656836932,15,6.5
169,5.602118820879701,27,1999,1,1,0,0,0,0,0,0,0,0,5.92234760149452,4,6.135342018301013,13,6.240857761394887,5,5.964806038265754,1,6.5
137,6.523562306149512,13,2013,1,0,0,1,0,0,0,0,0,1,5.972347601494521,4,6.212033323881665,16,6.036633315780235,4,5.8677388684102745,2,5.9
145,4.465908118654584,24,2002,1,0,0,0,0,1,0,0,1,0,5.7427388684102745,2,5.6258041513077055,6,5.371391221603244,28,5.801072201743608,2,4.3
137,8.919453168575453,21,2005,1,0,1,1,0,0,0,0,0,0,6.322937023384627,8,6.362517448615395,11,5.778492578940183,8,5.950919030065949,4,7.4
143,1.9459101490553132,78,1948,1,0,1,0,0,0,0,0,0,0,6.4275244280615516,5,6.167738868410274,2,6.10055940960536,13,6.028442401902117,1,7.2
142,5.575949103146316,41,1985,1,1,1,0,0,0,0,0,0,0,5.928442401902117,1,5.928442401902117,1,5.928442401902117,1,5.83419109472822,5,6.1
104,2.302585092994046,68,1958,0,0,1,0,0,0,0,1,0,0,6.213304151307705,6,6.148045601101225,9,6.328492578940182,8,6.15775554385349,11,5.9
94,7.371489295214277,12,2014,1,0,0,0,0,0,0,0,0,0,6.00116967462939,1,6.00116967462939,1,6.00116967462939,1,5.970220493917177,3,6.9
156,7.922261058353247,28,1998,1,1,0,0,0,0,0,1,0,0,5.825459515032975,18,5.825459515032975,18,5.581565067663014,11,6.006639201230782,7,6.2
135,4.948759890378168,68,1958,0,0,1,1,0,1,0,0,0,0,6.321888086461547,18,6.603274868014205,55,6.622579622803425,26,6.010260583720299,1,7.0
140,3.1354942159291497,47,1979,1,0,0,0,0,0,0,0,0,0,6.043776172923093,4,5.9193514928112085,1,6.086633315780235,4,5.9193514928112085,1,6.0
128,2.302585092994046,70,1956,1,0,1,1,0,0,0,0,0,0,5.978492578940183,8,5.8375333109930265,1,5.8375333109930265,1,5.8375333109930265,1,5.1
94,2.1972245773362196,17,2009,0,0,0,0,0,0,0,0,0,0,5.873896947356664,1,5.70940553507694,2,5.901072201743607,2,5.873896947356664,1,5.5
80,3.367295829986474,62,1964,0,1,0,0,0,0,0,0,0,0,5.628442401902117,1,5.628442401902117,1,5.628442401902117,1,5.628442401902117,1,2.8
141,9.11173476822206,14,2012,0,1,0,1,0,0,0,0,0,0,5.729490458637378,4,5.737533310993026,1,5.338956400804742,16,5.500514656836932,15,4.0
102,5.247024072160486,13,2013,1,0,0,0,0,1,0,0,1,0,5.662528186224869,3,5.692078765538481,1,5.692078765538481,1,5.692078765538481,1,3.5
127,6.8885724595653635,12,2014,1,0,0,1,0,0,0,0,0,0,5.855715129174845,1,5.8677388684102745,2,5.557054151307706,6,5.854835878532561,3,5.3
143,9.166701914946353,7,2019,1,1,0,0,1,0,0,0,0,0,6.3866333157802355,4,6.339603690051295,8,6.389603690051294,8,5.700584837314694,12,8.1
171,3.5553480614894135,68,1958,1,0,1,0,0,0,0,0,0,0,6.10091903006595,4,6.043776172923093,4,6.290150864259121,9,5.871345083583723,7,6.0
163,4.51085950651685,38,1988,0,1,0,0,0,0,1,0,0,0,5.619152075653853,22,5.4725802696012575,88,6.208601383769235,38,5.871345083583723,7,4.8
97,7.835579246669965,8,2018,1,0,0,0,1,0,0,0,0,0,6.0760722017436075,2,6.028442401902117,1,6.028442401902117,1,6.028442401902117,1,7.2
85,4.356708826689592,14,2012,1,0,0,0,0,0,0,1,0,0,5.982987856447571,1,6.059405535076941,2,5.982987856447571,1,6.0760722017436075,2,6.7
138,9.90353755128617,8,2018,0,0,1,1,0,0,0,0,0,0,6.236633315780234,4,6.078492578940182,8,5.925804151307705,6,5.932054151307705,6,7.1
119,2.302585092994046,43,1983,1,0,0,0,0,0,0,0,0,0,6.1856051093017905,3,5.700989724686408,3,6.12406664776333,3,6.927791280160949,120,6.6
153,11.326957267256077,6,2020,1,0,0,0,0,0,0,0,0,0,6.317738868410274,2,6.20116967462939,1,6.053698024760193,7,5.570321660523082,30,9.1
131,8.444407421690585,8,2018,1,0,0,0,0,0,0,0,0,0,5.794554151307706,6,5.901072201743607,2,6.250919030065949,4,5.984405535076941,2,7.4
153,4.110873864173311,38,1988,0,0,0,1,0,0,0,0,0,0,5.8829878564475715,1,5.667738868410274,2,5.8829878564475715,1,6.367143200774937,17,5.6
168,7.944846711001996,27,1999,1,1,0,0,0,0,0,0,0,0,5.984405535076941,2,5.946624220083936,1,6.342024067247869,26,5.82406664776333,3,6.3
154,6.927557906278317,18,2008,1,0,1,1,0,0,0,0,0,0,6.057054151307705,6,6.6328884004548545,36,6.1284925789401825,8,5.679624548469646,9,6.1
114,3.5553480614894135,13,2013,1,0,0,0,0,0,0,0,0,0,5.607524428061553,5,5.608061887208806,4,5.90116967462939,1,5.90116967462939,1,5.8
108,3.4657359027997265,12,2014,1,0,0,0,0,0,0,0,0,0,5.607524428061553,5,5.608061887208806,4,5.692078765538481,1,6.927791280160949,120,3.5
99,4.418840607796598,16,2010,1,0,0,0,0,1,0,0,1,0,5.934405535076941,2,5.8829878564475715,1,5.8829878564475715,1,5.8829878564475715,1,5.6
132,6.717804695023691,15,2011,1,0,0,0,0,0,0,1,0,0,6.019351492811208,1,5.912521554171958,7,5.995159245606849,8,5.8677388684102745,2,7.1
151,5.123963979403259,18,2008,1,1,0,0,0,0,0,0,0,0,5.8260722017436075,2,5.8866333157802355,4,5.876072201743607,2,5.90116967462939,1,5.8
160,5.2832037287379885,43,1983,1,0,1,0,0,0,0,1,0,0,5.427857564587422,12,6.491721282179798,73,5.948045601101225,9,5.784887706364383,9,5.7
136,4.02535169073515,37,1989,1,0,0,0,0,0,1,0,0,0,5.427857564587422,12,5.4725802696012575,88,5.837304297111666,52,5.648385496561882,13,5.3
131,3.784189633918261,20,2006,0,0,0,0,0,1,0,0,0,0,5.37234760149452,4,5.600989724686406,3,5.743469829567776,11,5.5700868612400996,23,4.7
135,2.302585092994046,44,1982,1,0,0,0,0,0,0,0,0,0,5.928442401902117,1,6.169554151307706,6,6.0760722017436075,2,6.162528186224869,3,6.1
134,3.4657359027997265,12,2014,0,1,0,0,0,0,0,0,0,0,5.910260583720299,1,5.695643321046164,10,5.910260583720299,1,5.686633315780235,4,5.9
144,10.865802722721563,13,2013,1,0,0,0,1,1,0,0,0,0,6.4275244280615516,5,5.528400721966557,82,5.640643321046165,10,5.933946020043966,11,8.0
102,6.2422232654551655,19,2007,0,1,0,0,1,1,0,0,0,0,5.080321660523082,30,5.965462730642546,7,5.542738868410274,2,5.329490458637379,4,2.9
103,5.407171771460119,27,1999,1,0,0,0,1,0,0,0,0,0,6.034405535076941,2,5.871345083583723,7,5.964806038265754,1,5.809405535076941,2,6.5
155,2.1972245773362196,58,1968,0,1,1,1,0,0,0,0,0,0,5.819351492811208,1,5.819351492811208,1,5.976072201743608,2,5.952993639091586,11,4.9
166,3.4011973816621555,51,1975,1,0,0,0,0,0,0,0,0,0,6.216466653732805,9,6.285605109301792,3,6.082987856447573,1,6.082987856447573,1,7.8
174,5.318119993844216,22,2004,0,1,0,0,0,0,0,0,0,0,5.939451263147945,3,5.577912801609484,3,5.792078765538481,1,5.792078765538481,1,4.6
163,5.802118375377063,23,2003,0,0,0,0,0,0,0,0,1,0,5.700989724686408,3,5.773896947356662,1,5.458061887208807,4,5.773896947356662,1,4.4
96,8.77863395266279,15,2011,1,0,0,1,0,0,1,0,0,0,6.039451263147945,3,6.082987856447573,1,6.082987856447573,1,6.082987856447573,1,7.8
147,4.653960350157523,37,1989,1,1,0,0,1,0,0,0,0,0,5.836050965936664,7,6.135342018301013,13,5.82406664776333,3,5.946624220083936,1,6.3
120,4.51085950651685,12,2014,1,0,0,0,1,1,0,0,0,0,6.055715129174845,1,6.101072201743608,2,5.680643321046165,10,6.055715129174845,1,7.5
153,6.81783057145415,70,1956,1,0,0,1,0,0,0,0,0,0,6.119351492811208,1,6.119351492811208,1,6.416514656836931,15,6.119351492811208,1,8.2
96,3.2188758248682006,19,2007,1,0,0,0,1,0,0,0,0,0,5.750584837314696,12,5.937533310993026,1,5.937533310993026,1,5.937533310993026,1,6.2
89,3.4011973816621555,14,2012,1,0,0,0,0,0,0,0,0,0,5.750584837314696,12,6.126072201743607,2,5.984405535076941,2,5.8829878564475715,1,5.6
148,4.189654742026425,35,1991,1,1,0,0,0,0,0,0,0,0,5.937533310993026,1,6.135342018301013,13,6.062528186224868,3,5.937533310993026,1,6.2
110,5.860786223465865,17,2009,1,0,0,1,0,0,0,0,0,0,5.90116967462939,1,6.0266463661271,13,6.054835878532561,3,5.90116967462939,1,5.8
100,5.82600010738045,19,2007,1,0,1,0,0,1,0,0,0,0,6.0941910947282185,5,5.593762214030777,20,6.061825912273516,8,5.820857761394886,5,4.9
139,3.091042453358316,65,1961,0,0,0,0,0,0,0,0,0,0,6.380514656836932,15,6.293297416994099,3,6.270220493917176,3,6.108682032378715,3,7.5
128,10.305647203635566,8,2018,0,0,0,1,0,0,0,0,0,0,6.167738868410274,2,6.495850781948728,11,5.932256127417015,9,6.200989724686408,3,7.6
146,8.687948111838727,6,2020,1,0,0,0,0,0,0,0,0,0,5.244554151307706,6,5.521729811627541,9,5.932256127417015,9,5.70116967462939,1,3.6
148,2.833213344056216,31,1995,0,1,0,0,0,0,0,0,0,0,5.836050965936664,7,5.731758955455637,3,5.850804151307706,6,5.447143570840253,3,5.2
96,10.052209236282758,17,2009,0,1,0,0,1,0,0,0,0,0,5.7102605837202995,1,5.7102605837202995,1,5.7102605837202995,1,5.7102605837202995,1,3.7
135,2.772588722239781,88,1938,1,0,0,0,0,0,0,0,0,0,6.257054151307706,6,6.138304151307706,6,5.946624220083936,1,5.946624220083936,1,6.3
128,6.922643891475888,16,2010,1,1,0,0,1,0,0,0,0,0,6.101072201743608,2,6.00116967462939,1,6.134405535076941,2,5.565784695424972,51,6.9
100,3.4657359027997265,12,2014,1,0,0,0,0,0,0,0,0,0,5.964806038265754,1,5.9815650676630145,11,5.964806038265754,1,5.964806038265754,1,6.5
146,9.682778535337379,14,2012,1,0,0,1,0,0,0,0,0,0,6.127524428061552,5,5.877227436524898,7,5.783109789466075,7,5.792738868410274,2,5.3
146,9.769041455983205,7,2019,1,1,0,1,0,0,0,0,0,0,5.52406664776333,3,4.988304151307705,6,5.301072201743607,2,5.409405535076941,2,2.2
121,4.804021044733257,23,2003,1,0,0,1,0,0,0,0,0,0,5.610260583720299,1,5.658061887208807,4,5.610260583720299,1,5.77680316290111,11,2.6
157,7.528331766707247,25,2001,0,0,0,1,0,0,0,1,1,0,6.210643321046165,10,5.325643321046165,10,5.885605109301792,3,5.777912801609484,3,6.7
107,2.302585092994046,72,1954,0,0,1,0,0,0,0,0,0,0,6.380514656836932,15,5.918403907113135,7,5.864806038265754,1,5.970220493917177,3,5.4
180,3.4657359027997265,55,1971,1,1,0,1,0,0,0,0,0,0,6.120857761394886,5,6.471632800332116,53,6.622579622803425,26,5.964806038265754,1,6.5
130,3.7376696182833684,60,1966,1,0,0,0,0,0,0,0,0,0,6.119351492811208,1,6.119351492811208,1,6.119351492811208,1,6.119351492811208,1,8.2
105,2.6390573296152584,21,2005,1,0,0,0,0,0,0,0,0,0,6.028442401902117,1,6.028442401902117,1,6.028442401902117,1,6.028442401902117,1,7.2
139,3.58351893845611,21,2005,1,1,0,0,1,0,0,0,0,0,5.7102605837202995,1,5.7102605837202995,1,5.7102605837202995,1,5.7102605837202995,1,3.7
145,3.8066624897703196,26,2000,1,1,0,0,1,0,0,0,0,0,6.432256127417015,9,5.8677388684102745,2,5.737533310993026,1,5.687524428061552,5,4.0
164,6.960347729101308,47,1979,1,1,0,0,0,0,0,1,0,0,6.310788497273217,19,6.249591938691465,81,6.342024067247869,26,6.121888086461546,18,6.7
145,7.470793774195062,32,1994,1,1,0,1,0,0,0,0,0,0,5.60627035671796,8,5.396410830261542,70,5.711656055020984,34,4.8659609110663204,19,5.7
160,3.4011973816621555,58,1968,1,0,1,0,0,0,0,0,0,0,5.810260583720299,1,5.810260583720299,1,5.704030943604403,18,6.147524428061553,5,4.8
143,3.784189633918261,40,1986,0,0,1,0,0,0,0,0,0,0,5.735110246958588,16,5.4725802696012575,88,5.992239632997927,27,5.784887706364383,9,6.1
130,3.828641396489095,56,1970,1,0,0,1,0,0,0,0,0,0,5.976072201743608,2,6.249591938691465,81,6.724115867164841,32,6.472041258139204,11,6.4
122,8.912203841620542,8,2018,1,0,0,1,0,0,0,0,0,0,6.215204744351664,4,6.1294904586373775,4,5.877912801609484,3,6.200612686710633,11,6.8
161,5.7899601708972535,66,1960,1,0,1,0,0,0,0,0,0,0,6.709675746405605,12,6.285643321046164,10,6.24603938276924,12,6.446369434205137,14,7.3
89,7.8156105320351905,12,2014,0,0,1,1,0,0,0,0,0,0,6.159405535076941,2,6.019351492811208,1,6.019351492811208,1,6.142738868410274,2,7.1
138,5.886104031450156,22,2004,1,1,0,0,1,0,0,0,0,0,5.559405535076941,2,6.031758955455638,3,5.664806038265754,1,5.664806038265754,1,3.2
120,4.007333185232471,26,2000,1,1,0,0,0,0,0,0,0,0,5.032514656836931,15,5.661825912273516,8,5.63870792480587,11,5.795201703100598,29,5.6
170,10.640125164170602,10,2016,1,1,0,0,0,0,0,0,0,0,5.6741910947282195,5,5.346112564277431,51,6.010260583720299,1,6.015204744351664,4,7.0
166,5.476463551931511,18,2008,1,0,0,0,1,1,0,0,0,0,5.939451263147945,3,5.937533310993026,1,6.054835878532561,3,5.962528186224868,3,6.2
128,2.833213344056216,8,2018,1,0,0,1,0,0,0,0,0,0,5.9510722017436075,2,6.019351492811208,1,6.019351492811208,1,6.019351492811208,1,7.1
143,2.4849066497880004,43,1983,0,0,1,0,0,0,0,0,0,0,5.900989724686407,3,5.736633315780234,4,5.859405535076941,2,6.044554151307706,6,6.9
138,3.091042453358316,44,1982,1,0,1,0,0,0,1,0,0,0,5.900989724686407,3,5.3923579264167305,93,5.8460393827692405,12,6.044554151307706,6,6.3
125,2.9444389791664403,20,2006,1,0,1,0,0,0,0,0,0,0,5.864806038265754,1,5.767738868410274,2,5.576869498317517,37,5.864806038265754,1,5.4
131,3.6888794541139363,47,1979,1,0,1,1,0,0,0,0,0,0,6.030168612995488,7,5.910260583720299,1,5.910260583720299,1,5.910260583720299,1,5.9
135,7.8709295967551425,18,2008,0,1,0,1,0,0,0,0,1,0,5.8092550617792735,13,5.396410830261542,70,5.778492578940183,8,5.500559409605361,13,5.3
143,3.4339872044851463,77,1949,1,0,0,0,0,0,0,0,0,0,5.973896947356663,1,6.618278626177521,29,6.054835878532561,3,5.973896947356663,1,6.6
175,4.543294782270004,58,1968,1,1,0,0,1,0,0,0,0,0,6.134191094728219,5,6.759304267203161,29,6.358187170035511,16,6.418766655496513,12,6.8
100,3.4339872044851463,13,2013,1,0,0,1,0,1,0,0,0,0,6.338304151307705,6,5.784048134495738,8,6.053698024760193,7,5.842738868410275,2,5.4
114,4.859812404361672,42,1984,1,0,1,0,0,0,0,0,0,0,6.321888086461547,18,5.219562361627795,52,5.759580377701369,7,5.4861738007472605,18,5.6
127,1.9459101490553132,17,2009,1,0,0,0,0,0,0,0,0,0,5.782987856447572,1,5.782987856447572,1,5.782987856447572,1,5.782987856447572,1,4.5
169,4.997212273764115,22,2004,0,1,0,1,0,0,0,1,0,0,5.400857761394886,5,5.305643321046165,10,4.709255061779273,13,5.359777075653853,22,2.5
110,3.4657359027997265,10,2016,0,0,0,1,0,0,0,0,0,0,5.964806038265754,1,5.967738868410275,2,5.964806038265754,1,5.964806038265754,1,6.5
121,3.044522437723423,50,1976,1,0,0,0,0,0,0,0,0,0,6.405130291860149,12,5.4725802696012575,88,6.288268679421918,23,6.285110246958587,16,6.8
142,4.919980925828125,23,2003,1,1,0,0,1,0,0,0,0,0,5.642738868410274,2,6.171345083583723,7,5.726072201743608,2,5.575804151307706,6,4.3
90,3.5263605246161616,12,2014,0,0,0,0,1,0,0,0,0,0,5.910260583720299,1,5.910260583720299,1,5.910260583720299,1,5.910260583720299,1,5.9
154,10.043292972227004,7,2019,1,0,0,0,0,0,0,0,0,0,6.165204744351663,4,6.114236773135286,19,6.10116967462939,1,6.10116967462939,1,8.0
83,5.198497031265826,13,2013,1,0,1,0,0,0,0,0,1,0,5.5466242200839355,1,5.509405535076941,2,5.5466242200839355,1,5.5466242200839355,1,1.9
133,5.988961416889864,12,2014,1,0,0,1,0,0,1,0,0,0,5.542202767538471,14,5.630428880697443,20,5.665204744351663,4,5.700857761394886,5,4.6
95,4.2626798770413155,32,1994,0,1,0,0,0,1,0,0,0,0,5.190643321046164,10,5.731758955455637,3,5.850804151307706,6,5.873896947356664,1,5.5
123,5.71042701737487,39,1987,0,1,0,0,0,0,0,0,0,1,5.782987856447572,1,5.782987856447572,1,5.831758955455637,3,5.4861738007472605,18,4.5
120,6.56244409369372,18,2008,1,0,1,0,0,0,0,0,0,0,5.784405535076941,2,6.060857761394886,5,5.885605109301792,3,5.942738868410274,2,6.0
136,6.16541785423142,24,2002,1,0,1,0,0,0,0,1,0,0,5.900804151307705,6,5.83440553507694,2,5.955715129174845,1,6.008682032378715,3,6.4
149,3.828641396489095,41,1985,1,0,0,1,0,0,0,1,0,0,6.0451592456068495,8,6.280857761394886,5,5.756652075653853,22,5.992078765538481,1,6.8
155,4.8283137373023015,60,1966,0,1,1,0,0,0,0,1,0,0,6.291088877186824,11,6.183869434205136,14,6.171345083583723,7,6.235342018301012,13,6.7
131,2.3978952727983707,53,1973,0,1,0,0,0,0,0,0,0,0,5.89207876553848,1,6.471632800332116,53,5.89207876553848,1,6.100536100871803,14,5.7
139,8.010359588919783,6,2020,0,0,0,1,0,0,0,0,0,0,5.825804151307706,6,6.32036761202638,25,5.910260583720299,1,5.9848877063643835,9,5.9
132,4.564348191467836,47,1979,0,1,0,0,1,0,0,0,0,1,5.968316657890118,18,6.037533310993027,1,5.576869498317517,37,6.037533310993027,1,7.3
148,5.241747015059643,31,1995,0,1,1,0,0,1,0,0,0,0,5.593776172923092,4,5.746624220083936,1,5.926221497449138,21,5.190643321046164,10,4.1
100,4.23410650459726,12,2014,1,0,0,0,0,1,0,0,0,1,5.946624220083936,1,5.946624220083936,1,5.946624220083936,1,5.809405535076941,2,6.3
134,2.833213344056216,41,1985,1,1,0,0,1,0,0,0,0,0,5.700857761394886,5,6.137978611715534,43,5.854835878532561,3,5.5577555438534905,11,5.4
161,6.828712071641684,34,1992,0,0,0,0,0,0,0,0,0,0,5.888992142407253,7,5.346112564277431,51,5.759580377701369,7,5.782987856447572,1,4.5
140,3.295836866004329,39,1987,1,0,0,0,0,0,0,0,0,0,6.8068666587394615,21,6.6328884004548545,36,5.909255061779273,13,6.000756848289605,7,7.3
189,11.354410274507881,22,2004,1,0,0,0,0,0,0,0,0,0,5.888992142407253,7,6.437236226541811,36,6.119351492811208,1,6.119351492811208,1,8.2
129,5.2832037287379885,49,1977,1,0,0,0,0,0,0,0,0,0,6.488268679421918,23,6.6328884004548545,36,6.082054151307705,6,6.305643321046165,10,6.5
140,5.926926025970411,19,2007,1,0,0,0,0,0,0,0,0,0,5.762528186224869,3,6.32036761202638,25,5.843474236839166,34,5.992078765538481,1,6.8
90,3.6375861597263857,14,2012,0,1,0,0,0,0,0,0,0,1,6.064806038265754,1,6.064806038265754,1,7.047450176569067,83,6.927791280160949,120,7.6
151,4.477336814478207,44,1982,1,1,0,0,0,0,0,0,0,0,5.5958507819487275,11,5.946624220083936,1,6.27436139057491,9,5.795201703100598,29,6.3
160,7.135687347028144,36,1990,1,0,0,0,0,0,0,0,0,0,5.361036596488693,41,6.491721282179798,73,5.383762214030777,20,6.087524428061553,5,6.7
164,4.060443010546419,48,1978,1,0,1,1,0,0,0,0,0,0,5.714898400996347,11,6.471632800332116,53,5.704030943604403,18,6.061173800747261,18,5.5
151,4.6443908991413725,40,1986,1,0,0,0,0,0,0,0,0,0,5.982987856447571,1,6.249591938691465,81,6.724115867164841,32,5.74603938276924,12,6.7
161,4.454347296253507,46,1980,1,0,1,1,0,0,0,0,0,0,6.0466242200839355,1,6.249591938691465,81,6.453319600615392,24,6.100584837314695,12,7.4
170,3.1354942159291497,43,1983,1,0,0,1,0,0,0,0,0,0,5.928442401902117,1,5.826992969522278,9,6.288118693193251,31,6.054835878532561,3,6.1
116,5.501258210544727,9,2017,1,0,1,1,0,0,0,0,0,0,5.420857761394886,5,5.42406664776333,3,5.759405535076941,2,5.727524428061553,5,3.4
130,2.4849066497880004,5,2021,0,1,0,0,0,1,0,0,0,0,5.7557151291748445,1,5.7557151291748445,1,5.7557151291748445,1,5.7557151291748445,1,4.2
104,4.543294782270004,8,2018,1,0,0,0,0,0,0,0,0,0,6.001072201743607,2,6.12234760149452,4,6.101072201743608,2,6.288304151307706,6,8.7
153,8.391629968440892,19,2007,1,0,0,1,0,0,1,0,0,0,5.932054151307705,6,5.644496071203626,24,5.966027075653853,22,5.436948473678331,12,5.6
179,8.53089883847235,27,1999,1,0,1,0,0,0,0,1,0,0,6.089745229318689,18,5.873312110041968,12,5.532731365321274,24,6.039603690051294,8,6.7
101,3.258096538021482,6,2020,1,1,0,0,0,0,0,0,0,0,6.037533310993027,1,6.037533310993027,1,6.037533310993027,1,6.037533310993027,1,7.3
180,4.51085950651685,31,1995,0,0,1,0,1,0,0,0,0,0,5.586633315780235,4,5.921342085059831,89,5.819266660024954,27,5.700857761394886,5,4.8
163,7.930925372483388,22,2004,0,1,0,0,0,1,0,0,0,0,5.825459515032975,18,5.825459515032975,18,5.759405535076941,2,5.447143570840253,3,4.5
133,3.091042453358316,27,1999,0,1,0,0,0,0,0,0,0,0,5.773896947356662,1,5.3923579264167305,93,5.606639201230782,7,5.773896947356662,1,4.4
108,9.368198456591763,13,2013,1,0,0,0,0,1,0,0,0,1,5.620857761394886,5,6.314898400996348,11,5.901072201743607,2,5.842738868410275,2,7.2
154,3.2188758248682006,23,2003,0,1,0,0,0,0,0,0,0,0,5.80116967462939,1,5.178820279170577,13,5.648045601101225,9,5.614191094728219,5,4.7
135,2.1972245773362196,36,1990,1,0,0,0,0,0,0,0,0,0,6.031758955455638,3,5.976072201743608,2,5.818403907113134,7,6.169098232680173,9,5.6
134,4.962844630259907,33,1993,1,1,0,0,0,0,0,0,0,0,5.785976865733128,39,5.3923579264167305,93,5.8788202791705775,13,5.565784695424972,51,4.7
168,5.75890177387728,34,1992,0,1,0,0,0,1,0,0,0,1,5.8092550617792735,13,5.921342085059831,89,6.387511820029784,21,5.507524428061553,5,5.7
117,5.135798437050262,40,1986,1,1,0,0,0,0,0,0,0,0,5.593762214030777,20,5.8264024600341955,17,5.727524428061553,5,5.686633315780235,4,5.4
139,3.295836866004329,33,1993,0,0,0,0,1,0,0,0,1,0,5.8932974169941,3,5.665204744351663,4,5.722347601494521,4,5.6301686129954875,7,5.3
143,8.21716859576607,6,2020,0,1,0,0,0,1,0,0,0,0,6.222347601494521,4,6.055715129174845,1,6.167738868410274,2,6.055715129174845,1,7.5
138,2.1972245773362196,70,1956,1,0,0,0,0,0,0,0,0,0,6.12406664776333,3,6.183869434205136,14,6.416514656836931,15,6.288304151307706,6,6.6
164,5.087596335232384,21,2005,1,0,0,0,0,0,0,1,0,0,5.828442401902118,1,5.792738868410274,2,5.828442401902118,1,5.521729811627541,9,5.0
140,2.5649493574615367,45,1981,0,1,0,0,0,0,0,0,0,1,5.89207876553848,1,5.80709554736411,20,6.184777075653853,22,6.400402075653853,22,5.7
121,3.9318256327243257,7,2019,1,0,0,0,0,0,0,0,0,0,5.928442401902117,1,5.928442401902117,1,5.9675244280615525,5,5.928442401902117,1,6.1
143,5.278114659230517,31,1995,1,1,0,0,1,0,0,0,0,0,5.829490458637379,4,6.137978611715534,43,5.316563957322251,27,5.648045601101225,9,4.6
157,3.6109179126442243,46,1980,1,0,0,0,0,0,0,0,0,0,5.619152075653853,22,6.471632800332116,53,5.704030943604403,18,6.2266463661271,13,5.4
182,2.995732273553991,68,1958,1,0,0,0,0,0,0,0,0,0,6.150804151307705,6,6.306652075653853,22,6.034405535076941,2,5.982987856447571,1,6.7
140,10.602492542580233,14,2012,1,0,0,0,1,0,0,0,1,0,6.131758955455638,3,6.028442401902117,1,6.236050965936664,7,5.8043410161893565,16,7.2
153,7.252762418053187,23,2003,1,1,0,0,0,0,0,0,1,0,5.063835074785437,9,6.023907835909508,24,5.711656055020984,34,5.8043410161893565,16,4.7
157,3.5553480614894135,30,1996,1,0,0,0,1,0,0,0,0,0,5.593762214030777,20,5.8264024600341955,17,5.217024067247869,26,5.763036100871804,14,4.3
175,5.049856007249537,57,1969,0,0,1,0,0,1,0,0,0,0,6.085605109301792,3,6.306652075653853,22,6.724115867164841,32,5.973896947356663,1,6.6
83,4.04305126783455,6,2020,1,0,1,0,1,0,0,0,0,0,5.851072201743608,2,5.864806038265754,1,5.864806038265754,1,5.864806038265754,1,5.4
132,10.383255851836775,11,2015,1,0,0,0,1,0,0,0,1,0,6.044554151307706,6,6.693069126700863,17,6.384048134495738,8,6.518403907113134,7,8.2
165,3.9318256327243257,38,1988,0,1,1,0,0,0,0,0,0,0,5.7427388684102745,2,5.4725802696012575,88,5.729184115282061,11,5.54664870849705,16,4.0
113,5.733341276897746,12,2014,0,0,1,0,1,0,0,0,0,0,5.773896947356662,1,5.734405535076941,2,5.586633315780235,4,5.773896947356662,1,4.4
127,5.713732805509369,28,1998,1,0,0,0,0,0,0,0,0,0,5.785976865733128,39,6.314898400996348,11,5.8788202791705775,13,5.7580618872088065,4,6.8
127,3.6635616461296463,74,1952,1,0,0,0,0,0,0,0,0,0,6.257054151307706,6,6.603274868014205,55,6.307340221411149,19,6.288304151307706,6,7.6
139,10.11147685607866,11,2015,1,0,1,1,0,0,0,0,0,0,6.322937023384627,8,6.006270356717961,8,6.037533310993027,1,6.037533310993027,1,7.3
115,3.6375861597263857,40,1986,1,0,0,0,0,0,0,0,0,0,5.593776172923092,4,4.990967175706513,55,5.839451263147946,3,5.8375333109930265,1,5.1
139,3.4011973816621555,54,1972,1,1,0,0,1,0,0,0,0,0,5.884048134495738,8,6.306652075653853,22,6.354935346088585,23,6.100536100871803,14,5.6
120,1.791759469228055,71,1955,1,0,0,0,0,0,1,0,0,0,6.4101364962344425,11,6.6843833277482565,34,6.290150864259121,9,6.308061887208806,4,8.4
142,7.489970898834801,21,2005,1,1,0,0,0,0,0,0,0,1,5.840857761394886,5,5.396410830261542,70,5.581565067663014,11,5.500514656836932,15,6.0
135,10.014357861367552,6,2020,1,1,0,0,0,0,0,0,0,0,6.064806038265754,1,5.396410830261542,70,5.926221497449138,21,6.200989724686408,3,7.6
155,3.044522437723423,5,2021,0,0,0,0,0,1,0,0,0,0,6.164806038265753,1,6.164806038265753,1,5.900804151307705,6,6.164806038265753,1,8.7
122,3.295836866004329,83,1943,1,0,1,0,0,0,0,1,0,0,6.147143570840253,3,6.138304151307706,6,6.055715129174845,1,6.254191094728219,5,7.5
113,9.532786124364256,15,2011,1,0,1,1,0,0,0,0,0,0,6.0941910947282185,5,6.275804151307705,6,5.738304151307705,6,6.177227436524899,7,6.8
128,10.19779761127813,11,2015,1,0,1,1,0,0,0,0,0,0,6.0941910947282185,5,5.936948473678331,12,6.053698024760193,7,6.177227436524899,7,7.6
133,3.8918202981106265,50,1976,1,0,0,0,0,0,1,0,0,0,6.1309941922140565,13,6.023907835909508,24,6.114191094728219,5,5.911468511692314,26,7.2
144,3.044522437723423,26,2000,1,0,0,0,0,0,0,0,0,0,5.500919030065949,4,5.9193514928112085,1,5.9193514928112085,1,5.883109789466076,7,6.0
108,3.58351893845611,59,1967,1,0,0,0,0,0,1,0,0,0,5.8152047443516635,4,6.148045601101225,9,6.176072201743608,2,5.850804151307706,6,6.3
162,6.028278520230698,31,1995,0,1,0,1,0,0,0,0,0,0,5.190643321046164,10,5.9675244280615525,5,5.371391221603244,28,5.911468511692314,26,6.5
120,3.4657359027997265,7,2019,1,0,0,0,0,0,0,0,0,0,6.037533310993027,1,6.037533310993027,1,5.792738868410274,2,6.037533310993027,1,7.3
110,3.784189633918261,13,2013,1,0,0,0,0,0,0,0,0,0,5.873896947356664,1,5.873896947356664,1,5.873896947356664,1,5.873896947356664,1,5.5
111,3.6375861597263857,47,1979,0,0,1,0,0,0,0,1,0,0,5.174472453083621,13,5.3923579264167305,93,5.8460393827692405,12,5.870220493917175,3,6.9
171,3.871201010907891,42,1984,1,0,0,0,0,0,0,0,0,0,6.179490458637377,4,6.561428974822752,13,6.184777075653853,22,6.14603938276924,12,6.9
144,6.380122536899765,29,1997,1,1,0,0,1,0,0,0,0,0,5.400857761394886,5,5.528400721966557,82,5.653698024760194,7,5.495643321046164,10,4.5
122,4.30406509320417,31,1995,1,0,0,0,0,0,0,0,0,0,6.2427388684102745,2,6.234048134495739,8,6.064806038265754,1,6.064806038265754,1,7.6
136,2.302585092994046,42,1984,1,1,0,0,1,0,0,0,0,0,5.968316657890118,18,5.3923579264167305,93,5.5471435708402534,3,5.244554151307705,6,4.6
156,5.455321115357702,26,2000,0,0,0,0,0,1,0,0,1,0,5.728492578940183,8,6.182602372175832,18,5.8068666587394615,21,5.448045601101226,9,5.0
140,4.219507705176107,31,1995,1,0,0,0,0,0,0,0,0,0,6.028442401902117,1,6.092738868410275,2,6.028442401902117,1,6.028442401902117,1,7.2
104,3.4657359027997265,7,2019,1,0,0,0,0,0,0,0,0,0,6.110260583720299,1,6.110260583720299,1,6.110260583720299,1,6.110260583720299,1,8.1
131,1.9459101490553132,56,1970,0,1,0,0,0,0,0,0,0,0,6.025804151307705,6,5.7193514928112075,1,5.7193514928112075,1,5.952993639091586,11,3.8
128,3.332204510175204,61,1965,0,1,1,0,0,0,0,0,0,1,5.9927388684102745,2,5.939451263147945,3,6.354935346088585,23,5.970220493917177,3,5.6
136,2.302585092994046,60,1966,0,0,0,0,0,0,0,0,0,1,5.7193514928112075,1,5.7193514928112075,1,5.7193514928112075,1,5.822347601494521,4,3.8
99,2.4849066497880004,24,2002,0,1,0,0,0,0,0,1,0,1,5.782987856447572,1,5.200714801162405,8,5.782987856447572,1,5.679490458637377,4,4.5
120,8.524764456912555,18,2008,1,1,1,0,0,0,0,0,0,0,5.577912801609484,3,5.528400721966557,82,5.926221497449138,21,5.8043410161893565,16,3.9
127,2.70805020110221,18,2008,1,0,0,0,0,0,0,0,0,0,6.00116967462939,1,6.00116967462939,1,6.00116967462939,1,6.00116967462939,1,6.9
113,6.133398042996649,20,2006,1,0,0,0,1,1,0,0,0,0,5.790643321046164,10,5.356708208998889,59,4.709255061779273,13,5.648385496561882,13,4.4
121,4.543294782270004,22,2004,1,0,0,1,0,0,0,0,0,0,5.032514656836931,15,5.877912801609483,3,5.385605109301792,3,5.659405535076941,2,2.6
101,5.476463551931511,9,2017,0,0,0,0,0,0,0,0,0,0,6.0466242200839355,1,6.0466242200839355,1,6.0466242200839355,1,6.0466242200839355,1,7.4
160,4.653960350157523,41,1985,1,0,1,1,0,0,0,0,0,0,6.568514656836932,15,6.47834521208835,91,6.244152075653853,22,5.6831097894660765,7,7.1
103,3.044522437723423,46,1980,0,0,0,0,1,1,0,0,0,0,5.846624220083935,1,5.846624220083935,1,5.987524428061552,5,5.9675244280615525,5,5.2
133,5.552959584921617,72,1954,0,0,1,0,0,0,0,1,0,0,6.5142212009510585,12,6.603274868014205,55,6.067738868410274,2,6.00116967462939,1,6.9
118,3.4339872044851463,53,1973,0,0,1,0,0,0,0,0,0,0,6.061825912273516,8,6.47834521208835,91,6.4729370233846275,8,5.946624220083936,1,6.3
116,9.150484204822817,20,2006,1,0,0,1,0,1,0,0,0,0,5.842782443206489,9,6.131652075653853,22,6.324514656836932,15,5.820857761394886,5,7.3
123,3.6375861597263857,49,1977,1,0,0,1,0,0,0,0,0,1,5.955715129174845,1,6.561428974822752,13,5.955715129174845,1,5.782602372175831,18,6.4
136,9.402529747968487,10,2016,1,0,0,0,0,1,0,0,1,0,5.854835878532561,3,6.128944742530841,101,6.240857761394887,5,6.240857761394887,5,7.3
115,4.23410650459726,17,2009,0,1,0,1,0,0,0,0,0,0,4.987524428061552,5,5.5008041513077055,6,5.343776172923092,4,5.3152047443516635,4,4.0
160,3.9889840465642745,58,1968,0,0,0,1,0,0,0,0,0,0,6.179490458637377,4,6.109405535076941,2,6.1366333157802355,4,6.350584837314695,12,6.8
126,2.302585092994046,53,1973,1,1,0,0,1,0,0,0,0,0,5.90116967462939,1,5.826992969522278,9,6.131758955455638,3,6.148514656836932,15,5.8
121,5.209486152841421,61,1965,0,0,1,0,0,0,0,1,0,0,6.154835878532561,3,6.603274868014205,55,6.378254311886048,17,6.232054151307706,6,6.9
140,7.284820912568604,16,2010,1,0,0,0,1,1,0,0,0,0,5.836633315780235,4,6.128944742530841,101,6.053698024760193,7,5.634191094728219,5,4.1
125,2.3978952727983707,61,1965,1,1,0,0,0,0,0,0,0,1,6.136050965936664,7,5.939451263147945,3,5.85091903006595,4,6.154835878532561,3,6.3
158,2.3978952727983707,88,1938,0,0,0,0,0,0,0,0,0,1,5.955715129174845,1,5.955715129174845,1,6.034405535076941,2,5.955715129174845,1,6.4
120,3.332204510175204,10,2016,1,0,0,0,0,0,0,0,0,0,6.055715129174845,1,6.055715129174845,1,6.055715129174845,1,6.055715129174845,1,7.5
135,9.39116080264387,16,2010,0,0,0,1,1,0,0,0,0,0,5.743776172923092,4,5.528400721966557,82,5.811173800747261,18,5.835342018301013,13,2.6
127,2.8903717578961645,61,1965,1,1,0,0,1,0,0,0,0,0,6.061825912273516,8,5.89396343293301,21,5.9510722017436075,2,6.009405535076941,2,6.3
160,4.897839799950911,32,1994,0,0,0,1,0,1,0,0,0,0,5.325536100871804,14,5.3923579264167305,93,5.818403907113134,7,5.554835878532561,3,5.2
151,4.30406509320417,44,1982,0,1,0,0,0,1,0,0,0,0,6.267381467829072,8,5.921342085059831,89,5.819266660024954,27,6.2266463661271,13,6.4
111,5.707110264748875,20,2006,0,1,0,0,1,1,0,0,0,0,5.376803162901108,11,5.219562361627795,52,4.709255061779273,13,5.248045601101226,9,2.6
159,6.616065185132817,60,1966,1,0,1,1,0,0,0,0,0,0,6.267524428061552,5,6.618278626177521,29,6.622579622803425,26,6.217738868410275,2,7.9
172,7.035268599281097,60,1966,0,0,0,1,0,0,0,1,1,0,6.629184115282062,11,6.6843833277482565,34,6.438036100871805,14,6.243776172923092,4,7.7
143,6.26530121273771,23,2003,1,0,0,0,0,0,0,0,0,0,5.777912801609484,3,6.6328884004548545,36,5.379754014514597,19,6.044554151307706,6,5.9
169,4.499809670330265,32,1994,1,1,0,0,0,0,0,0,0,0,6.210643321046165,10,5.946624220083936,1,6.062528186224868,3,6.12406664776333,3,6.3
116,3.332204510175204,41,1985,0,0,0,0,0,1,0,0,0,0,5.593762214030777,20,5.8264024600341955,17,5.819266660024954,27,6.024286260054311,7,6.3
125,5.863631175598097,15,2011,1,1,0,0,1,0,0,0,0,0,5.551072201743608,2,5.921342085059831,89,5.858479561965267,21,5.61709554736411,20,2.5
152,8.065579427282092,21,2005,1,1,0,0,1,0,0,0,0,0,5.790643321046164,10,5.356708208998889,59,5.316563957322251,27,5.105940337943331,9,5.5
153,3.784189633918261,7,2019,1,0,0,0,0,0,0,0,0,0,5.939451263147945,3,5.864806038265754,1,5.864806038265754,1,5.745159245606849,8,5.4
108,5.572154032177765,9,2017,0,0,1,0,0,1,0,0,0,0,5.537533310993026,1,5.416374340071022,3,4.920857761394886,5,5.537533310993026,1,1.8
143,6.329720905522696,26,2000,0,0,1,0,0,0,0,1,0,0,5.646624220083935,1,5.427417939266281,16,5.667738868410274,2,5.679624548469646,9,3.0
155,5.351858133476067,17,2009,1,0,0,0,1,1,0,0,0,0,6.314221200951058,12,5.534191094728219,5,5.9193514928112085,1,5.9193514928112085,1,6.0
148,5.7430031878094825,25,2001,1,0,0,0,0,0,0,0,0,0,5.871888086461546,18,5.396410830261542,70,5.653698024760194,7,5.770220493917176,3,4.9
107,2.302585092994046,11,2015,0,0,0,1,0,0,0,0,0,0,5.737533310993026,1,5.660857761394886,5,5.737533310993026,1,5.737533310993026,1,4.0
106,6.734591659972948,10,2016,1,1,1,0,0,0,0,0,0,0,5.4927388684102745,2,4.64193331887784,7,5.610260583720299,1,6.400402075653853,22,2.6
95,9.23356849809539,16,2010,1,0,0,1,0,0,0,0,0,0,5.825804151307706,6,5.8866333157802355,4,6.028442401902117,1,6.028442401902117,1,7.2
104,6.7580945044277305,10,2016,0,0,0,1,0,0,0,0,0,0,5.825804151307706,6,5.764806038265753,1,5.784405535076941,2,5.726072201743608,2,4.3
127,2.6390573296152584,37,1989,0,0,0,0,0,0,1,0,0,0,5.8375333109930265,1,5.8375333109930265,1,5.8375333109930265,1,5.6177388684102745,2,5.1
149,5.978885764901122,63,1963,0,0,1,1,0,0,0,1,0,0,6.629184115282062,11,6.603274868014205,55,6.471382787771719,21,6.261825912273516,8,7.4
122,2.1972245773362196,16,2010,0,0,1,0,0,0,0,0,0,0,5.5920787655384805,1,5.559405535076941,2,5.5920787655384805,1,5.659405535076941,2,2.4
138,3.970291913552122,25,2001,1,0,0,0,0,0,1,1,0,0,5.732054151307706,6,5.855715129174845,1,5.855715129174845,1,5.855715129174845,1,5.3
120,5.497168225293202,15,2011,1,0,1,1,0,0,0,0,0,0,5.855715129174845,1,6.0266463661271,13,5.747143570840253,3,5.855715129174845,1,5.3
175,5.4116460518550396,55,1971,1,0,1,0,0,0,0,0,0,0,6.629184115282062,11,6.603274868014205,55,6.354935346088585,23,6.028442401902117,1,7.2
146,6.182084906716632,30,1996,1,1,0,1,0,0,0,0,0,0,5.984405535076941,2,5.800989724686407,3,5.943469829567776,11,5.937533310993026,1,6.2
130,8.323851131338817,14,2012,1,0,1,1,0,0,0,0,0,0,5.90116967462939,1,5.612521554171957,7,6.000857761394886,5,6.008690733914536,26,5.8
103,2.0794415416798357,48,1978,0,0,0,0,0,0,0,1,0,0,5.910260583720299,1,5.3923579264167305,93,5.910260583720299,1,5.989603690051293,8,5.9
132,6.380122536899765,17,2009,1,0,1,0,0,0,0,0,0,0,5.388036100871804,14,5.900989724686407,3,5.937533310993026,1,6.065643321046164,10,6.2
120,3.1354942159291497,42,1984,0,0,1,0,0,0,0,0,0,0,5.595643321046164,10,5.95940553507694,2,5.928442401902117,1,5.700804151307706,6,6.1
125,4.836281906951478,8,2018,0,1,0,1,0,0,0,0,0,0,5.655715129174845,1,5.647524428061553,5,5.792738868410274,2,5.308682032378714,3,3.1
73,2.3978952727983707,12,2014,1,0,0,0,0,0,0,0,0,0,6.010260583720299,1,6.010260583720299,1,6.010260583720299,1,6.010260583720299,1,7.0
68,3.1780538303479458,6,2020,0,0,1,0,0,0,0,0,0,1,5.851072201743608,2,5.89207876553848,1,5.89207876553848,1,5.89207876553848,1,5.7
195,3.8918202981106265,44,1982,0,0,1,0,0,0,0,0,0,0,6.147143570840253,3,5.8152047443516635,4,5.94664870849705,16,6.086633315780235,4,6.7
155,2.4849066497880004,44,1982,0,0,0,0,0,0,1,0,0,0,6.321888086461547,18,6.285643321046164,10,5.743469829567776,11,5.964221200951059,12,5.0
140,5.4680601411351315,41,1985,1,1,0,0,1,0,0,0,0,0,5.588992142407252,7,5.333601383769235,38,5.94664870849705,16,5.964221200951059,12,5.4
117,8.262042843966942,14,2012,1,0,1,1,0,0,0,0,0,0,5.675804151307705,6,5.813762214030776,20,5.3349264283077,19,5.700989724686408,3,4.7
120,3.6109179126442243,33,1993,1,0,1,0,0,0,0,0,0,0,5.855715129174845,1,4.990967175706513,55,5.7380361008718035,14,5.855715129174845,1,5.3
130,4.276666119016055,10,2016,0,1,0,0,1,1,0,0,0,0,5.992078765538481,1,5.992078765538481,1,5.992078765538481,1,5.992078765538481,1,6.8
104,2.302585092994046,8,2018,0,1,0,0,0,0,0,0,0,0,5.95940553507694,2,5.970220493917177,3,5.676072201743608,2,5.937533310993026,1,6.2
157,8.011355109161286,11,2015,1,1,1,0,0,0,0,0,0,0,5.926072201743608,2,5.800804151307705,6,5.64603938276924,12,5.933946020043966,11,4.0
173,7.614312146452,38,1988,1,1,1,0,0,0,0,0,0,0,6.210643321046165,10,5.644648673347989,53,5.955253755513655,21,5.565784695424972,51,7.0
121,7.720905251936779,14,2012,1,1,0,0,1,0,0,0,0,0,6.1977658056647,29,5.644648673347989,53,5.338956400804742,16,5.728442401902117,1,3.9
120,8.00836557031292,7,2019,1,0,0,0,0,0,0,0,0,0,5.846624220083935,1,6.212033323881665,16,5.947815671819018,7,5.846624220083935,1,5.2
163,6.369900982828227,27,1999,1,1,0,0,1,0,0,0,0,0,6.605374591472538,11,5.396410830261542,70,5.8068666587394615,21,5.9531351783589805,26,5.9
162,7.3987862754199485,24,2002,1,1,0,0,0,0,0,0,0,0,5.89207876553848,1,5.514191094728219,5,5.3349264283077,19,5.854191094728219,5,5.7
151,5.910796644040527,36,1990,1,1,0,0,1,0,0,0,0,0,5.407883941515678,17,5.4725802696012575,88,5.231796183454951,25,5.648385496561882,13,5.6
141,4.61512051684126,43,1983,1,1,0,0,0,0,0,0,0,0,5.8932974169941,3,5.928442401902117,1,5.928442401902117,1,5.928442401902117,1,6.1
125,8.600430789986293,15,2011,0,0,0,1,0,0,0,0,0,0,5.578820279170578,13,5.528400721966557,82,5.695414022153858,9,5.250714801162405,8,4.7
120,6.54965074223381,17,2009,1,0,0,0,1,0,0,0,0,0,6.109405535076941,2,6.0920787655384805,1,6.0920787655384805,1,6.0920787655384805,1,7.9
142,9.620063070336988,6,2020,1,0,0,0,0,0,0,0,0,0,5.790643321046164,10,6.206639201230781,7,5.992078765538481,1,6.286633315780235,4,6.8
103,8.19118600464279,16,2010,1,0,0,0,1,0,0,0,1,0,6.709255061779273,13,6.243776172923092,4,5.982987856447571,1,6.400402075653853,22,6.7
165,4.61512051684126,25,2001,1,1,0,1,0,0,0,0,0,0,5.810260583720299,1,5.726072201743608,2,5.726072201743608,2,5.859405535076941,2,4.8
135,4.110873864173311,47,1979,1,1,0,0,0,0,0,0,0,0,5.825804151307706,6,6.514947961485934,31,5.992239632997927,27,5.963304151307705,6,6.3
112,8.759982494977281,7,2019,1,0,0,0,0,0,0,0,0,0,5.9193514928112085,1,5.888514656836931,15,5.9695541513077055,6,5.9193514928112085,1,6.0
110,6.054439346269371,21,2005,0,0,0,1,0,0,0,0,0,0,6.126072201743607,2,6.126072201743607,2,6.037533310993027,1,6.037533310993027,1,7.3
99,4.060443010546419,11,2015,0,1,0,1,0,0,0,0,0,0,6.126072201743607,2,6.126072201743607,2,6.019351492811208,1,6.019351492811208,1,7.1
149,4.406719247264253,37,1989,0,1,0,0,0,0,0,0,0,0,5.8092550617792735,13,5.921342085059831,89,5.756652075653853,22,5.89207876553848,1,5.7
94,4.941642422609304,12,2014,1,0,0,0,0,0,0,0,0,0,5.992078765538481,1,5.992078765538481,1,5.992078765538481,1,5.992078765538481,1,6.8
100,2.302585092994046,15,2011,0,0,0,0,0,1,0,0,0,0,5.955715129174845,1,5.955715129174845,1,5.955715129174845,1,6.927791280160949,120,6.4
116,8.46653127661401,13,2013,1,1,0,0,1,0,0,0,0,0,5.670066660951704,33,6.182602372175832,18,6.095414022153857,9,6.00116967462939,1,6.9
117,11.285309426981462,10,2016,0,0,0,0,0,0,1,0,0,1,5.955715129174845,1,5.955715129174845,1,5.955715129174845,1,5.955715129174845,1,6.4
153,9.35331454092729,5,2021,1,0,0,0,1,0,0,0,0,0,5.784405535076941,2,5.427417939266281,16,5.928442401902117,1,5.827524428061553,5,6.1
90,7.577121930876679,21,2005,1,0,0,1,0,0,1,0,0,0,6.505643321046165,10,6.430168612995487,7,6.0466242200839355,1,6.217738868410275,2,7.4
110,5.293304824724492,10,2016,0,1,0,0,0,1,0,0,0,0,5.967738868410275,2,5.8829878564475715,1,5.8829878564475715,1,5.8829878564475715,1,5.6
101,7.994969522697877,7,2019,0,0,0,0,0,1,0,0,1,0,5.864806038265754,1,5.543224754883523,25,6.244152075653853,22,5.9927388684102745,2,5.4
154,8.831711917821577,9,2017,1,1,0,0,0,0,0,0,0,0,6.709255061779273,13,6.226072201743608,2,5.796514656836931,15,6.20940553507694,2,8.0
90,4.844187086458591,13,2013,1,0,0,0,0,0,0,0,0,0,5.910260583720299,1,6.234048134495739,8,6.406639201230782,7,6.177227436524899,7,5.9
142,7.274479558773871,46,1980,0,1,0,0,0,1,0,0,0,0,5.995414022153857,9,5.921342085059831,89,5.858479561965267,21,5.905940337943331,9,6.8
137,3.912023005428146,29,1997,0,1,0,0,0,0,0,0,0,0,5.916374340071022,3,5.75483587853256,3,7.047450176569067,83,6.927791280160949,120,8.3
129,8.106816038947052,49,1977,1,0,0,1,0,0,0,0,0,0,6.167738868410274,2,6.471632800332116,53,6.031758955455637,3,6.277857564587422,12,7.6
134,6.293419278846481,50,1976,1,0,0,0,0,0,0,0,0,0,6.8068666587394615,21,6.280857761394886,5,6.184777075653853,22,6.400402075653853,22,7.7
96,4.59511985013459,10,2016,0,0,0,0,0,0,0,0,0,0,6.073896947356662,1,6.073896947356662,1,7.047450176569067,83,6.927791280160949,120,7.7
144,2.995732273553991,85,1941,1,0,0,0,0,0,0,0,0,0,6.059405535076941,2,6.059405535076941,2,5.955715129174845,1,5.955715129174845,1,6.4
91,12.128802756705507,19,2007,1,0,0,1,0,0,0,0,0,1,6.028442401902117,1,5.8677388684102745,2,6.028442401902117,1,6.028442401902117,1,7.2
125,6.171700597410915,8,2018,1,0,0,0,0,0,0,0,0,0,5.776072201743607,2,5.910260583720299,1,5.700989724686408,3,5.910260583720299,1,5.9
102,6.851184927493743,38,1988,1,0,0,0,1,0,0,0,0,1,5.928442401902117,1,5.928442401902117,1,6.031758955455637,3,6.1056433210461645,10,6.1
93,2.9444389791664403,12,2014,1,0,0,0,0,0,0,0,0,0,5.5920787655384805,1,5.5920787655384805,1,5.5920787655384805,1,5.5920787655384805,1,2.4
144,9.097395612960048,15,2011,1,0,0,1,0,0,0,0,0,0,5.842782443206489,9,6.3062703567179605,8,5.861825912273516,8,5.986633315780234,4,6.6
121,2.5649493574615367,13,2013,0,0,0,0,0,1,0,0,0,0,5.70116967462939,1,5.70116967462939,1,5.70116967462939,1,5.70116967462939,1,3.6
135,4.454347296253507,31,1995,1,0,0,0,1,0,0,0,0,0,5.715204744351664,4,5.3923579264167305,93,5.653698024760194,7,6.022347601494521,4,6.0
138,2.70805020110221,9,2017,1,0,0,0,0,0,0,0,0,0,5.9193514928112085,1,5.9193514928112085,1,5.9193514928112085,1,5.9193514928112085,1,6.0
125,7.443078374348516,7,2019,1,1,0,0,1,0,0,0,0,0,6.1177388684102745,2,6.055715129174845,1,6.017738868410274,2,6.055715129174845,1,7.5
87,5.583496308781699,17,2009,1,0,0,0,0,0,0,0,0,0,5.8375333109930265,1,6.083109789466075,7,6.036633315780235,4,5.8375333109930265,1,5.1
151,4.927253685157205,73,1953,1,0,1,0,0,0,0,0,0,0,6.709675746405605,12,6.47834521208835,91,6.307340221411149,19,6.034405535076941,2,6.9
144,4.442651256490317,21,2005,1,0,0,0,1,0,0,0,1,0,5.955715129174845,1,5.739451263147946,3,6.12406664776333,3,5.724286260054311,7,6.4
87,5.676753802268282,16,2010,1,0,0,1,1,0,0,0,0,0,5.9193514928112085,1,6.172347601494521,4,6.132054151307706,6,5.825804151307706,6,6.0
92,2.833213344056216,16,2010,1,1,0,0,1,0,0,0,0,0,5.509405535076941,2,5.682987856447571,1,5.682987856447571,1,5.682987856447571,1,3.4
119,3.7376696182833684,9,2017,0,0,0,0,0,0,0,0,0,0,5.937533310993026,1,5.785605109301792,3,6.009405535076941,2,5.909405535076941,2,6.2
95,2.6390573296152584,18,2008,1,0,0,0,0,0,0,0,0,0,5.864806038265754,1,5.864806038265754,1,5.864806038265754,1,5.864806038265754,1,5.4
88,4.74493212836325,17,2009,1,0,0,0,0,1,0,0,0,0,5.909405535076941,2,5.828442401902118,1,5.7580618872088065,4,5.736633315780234,4,5.0
161,5.262690188904886,32,1994,1,1,0,0,0,0,0,0,0,0,5.785976865733128,39,6.135342018301013,13,5.843474236839166,34,5.570321660523082,30,5.2
116,9.422867770827203,9,2017,0,1,0,0,0,1,0,0,0,0,6.064806038265754,1,6.064806038265754,1,6.061825912273516,8,5.6570541513077055,6,7.6
120,8.89740886527095,5,2021,1,0,0,0,1,0,0,0,1,0,5.854835878532561,3,5.773896947356662,1,5.884405535076941,2,5.677912801609484,3,4.4
112,4.07753744390572,12,2014,0,1,1,0,1,0,0,0,0,0,6.019351492811208,1,5.912521554171958,7,5.740857761394887,5,6.019351492811208,1,7.1
92,6.278521424165844,13,2013,1,0,0,0,0,0,0,0,0,0,5.928442401902117,1,5.928442401902117,1,6.100756848289605,7,5.928442401902117,1,6.1
105,6.429719478039138,47,1979,0,1,1,0,1,0,0,0,0,0,6.466201509566438,34,6.128944742530841,101,6.313861254619549,27,6.206270356717961,8,6.5
110,5.19295685089021,19,2007,1,0,0,0,0,0,0,0,0,0,5.967738868410275,2,5.985605109301791,3,5.937533310993026,1,5.816374340071023,3,6.2
117,3.6888794541139363,7,2019,1,0,0,0,0,0,0,0,0,1,6.019351492811208,1,6.019351492811208,1,6.019351492811208,1,6.019351492811208,1,7.1
90,4.110873864173311,6,2020,1,0,0,0,0,0,0,0,1,0,5.964806038265754,1,5.964806038265754,1,5.964806038265754,1,5.964806038265754,1,6.5
77,6.270988431858299,12,2014,0,0,0,0,0,0,1,0,0,1,5.746624220083936,1,5.8677388684102745,2,5.746624220083936,1,5.746624220083936,1,4.1
160,7.665753431861699,23,2003,1,1,0,0,0,0,0,0,0,1,5.8092550617792735,13,5.219562361627795,52,5.645643321046164,10,5.558869434205136,14,5.3
100,3.7376696182833684,6,2020,0,0,0,0,0,0,0,0,0,0,5.7580618872088065,4,5.692078765538481,1,5.692078765538481,1,5.692078765538481,1,3.5
80,2.302585092994046,7,2019,0,0,1,1,0,0,0,0,0,0,6.10116967462939,1,6.10116967462939,1,6.10116967462939,1,6.10116967462939,1,8.0
89,2.833213344056216,9,2017,1,0,0,0,0,0,0,0,0,0,6.028442401902117,1,6.028442401902117,1,6.028442401902117,1,6.028442401902117,1,7.2
76,2.995732273553991,16,2010,0,0,0,0,0,0,0,0,0,0,6.10116967462939,1,7.100201037826927,54,7.047450176569067,83,6.927791280160949,120,8.0
137,7.668561108015897,9,2017,0,0,0,0,0,0,0,0,0,0,5.992078765538481,1,5.992078765538481,1,5.992078765538481,1,5.992078765538481,1,6.8
102,2.3978952727983707,6,2020,1,0,0,0,0,0,0,0,0,0,5.992078765538481,1,5.992078765538481,1,5.992078765538481,1,5.851072201743608,2,6.8
122,11.268826372009427,12,2014,1,0,0,1,0,0,0,0,0,0,6.037533310993027,1,6.037533310993027,1,5.909255061779273,13,6.092738868410275,2,7.3
100,6.796823718274855,9,2017,1,0,0,0,0,0,0,0,0,0,6.028442401902117,1,6.137978611715534,43,5.736633315780234,4,6.518403907113134,7,7.2
106,3.332204510175204,15,2011,1,0,0,1,0,0,0,0,0,0,5.955715129174845,1,5.955715129174845,1,5.955715129174845,1,5.955715129174845,1,6.4
82,3.5553480614894135,16,2010,0,0,0,0,0,0,0,0,1,0,5.955715129174845,1,5.955715129174845,1,5.955715129174845,1,5.955715129174845,1,6.4
105,2.1972245773362196,8,2018,1,0,0,0,0,0,0,0,0,0,5.7557151291748445,1,5.7557151291748445,1,5.7557151291748445,1,6.927791280160949,120,4.2
118,2.5649493574615367,9,2017,0,0,0,0,0,1,0,0,0,0,5.9193514928112085,1,5.9193514928112085,1,5.9193514928112085,1,5.9193514928112085,1,6.0
98,4.499809670330265,8,2018,1,0,0,0,0,0,0,0,0,0,5.973896947356663,1,5.62234760149452,4,5.973896947356663,1,5.973896947356663,1,6.6
122,2.0794415416798357,6,2020,0,0,0,0,0,1,0,0,0,0,5.928442401902117,1,5.928442401902117,1,5.928442401902117,1,5.928442401902117,1,6.1
83,5.135798437050262,10,2016,0,0,0,0,1,0,0,0,1,0,6.00116967462939,1,6.00116967462939,1,7.047450176569067,83,6.927791280160949,120,6.9
117,6.975413927455952,20,2006,1,1,0,0,1,0,0,0,0,0,5.420857761394886,5,5.539451263147945,3,5.850536100871803,14,5.787524428061553,5,4.7
90,6.658011045870748,7,2019,1,0,0,0,0,0,0,0,0,0,6.0920787655384805,1,6.0920787655384805,1,6.0920787655384805,1,6.0920787655384805,1,7.9
140,3.1354942159291497,10,2016,0,0,0,0,0,1,0,0,0,0,5.910260583720299,1,5.910260583720299,1,5.910260583720299,1,5.910260583720299,1,5.9
147,3.4011973816621555,12,2014,1,0,0,1,0,0,0,0,0,0,6.037533310993027,1,6.037533310993027,1,6.037533310993027,1,6.037533310993027,1,7.3
155,9.632400353656184,24,2002,1,1,0,0,0,0,0,0,0,0,6.400559409605361,13,5.396410830261542,70,6.110260583720299,1,6.110260583720299,1,8.1
138,7.8009820712577405,18,2008,0,1,0,0,0,0,0,0,0,1,5.401072201743607,2,5.555715129174844,1,5.555715129174844,1,5.105940337943331,9,2.0
107,7.773173680482536,7,2019,1,0,0,1,0,0,0,0,0,0,6.028442401902117,1,6.028442401902117,1,6.028442401902117,1,6.028442401902117,1,7.2
124,4.727387818712341,95,1931,1,0,0,0,0,0,0,0,0,0,5.937533310993026,1,5.937533310993026,1,5.937533310993026,1,5.639451263147945,3,6.2
117,2.3978952727983707,13,2013,0,0,0,0,0,0,0,0,0,0,6.082987856447573,1,6.082987856447573,1,6.082987856447573,1,6.082987856447573,1,7.8
97,3.6888794541139363,12,2014,1,0,0,0,0,0,0,0,1,1,6.0920787655384805,1,6.0760722017436075,2,5.9927388684102745,2,6.0920787655384805,1,7.9
109,8.041091003708633,11,2015,0,1,1,0,0,0,0,0,0,1,5.792078765538481,1,5.792078765538481,1,5.081565067663014,11,5.792078765538481,1,4.6
104,10.861323217547433,13,2013,1,0,1,0,0,0,0,0,0,0,6.151072201743607,2,6.693069126700863,17,6.2427388684102745,2,5.965204744351664,4,7.8
132,5.53338948872752,32,1994,0,0,0,1,0,0,0,0,0,0,5.593762214030777,20,5.8264024600341955,17,5.667738868410274,2,5.614191094728219,5,4.4
89,5.497168225293202,31,1995,1,0,0,0,0,0,0,0,0,0,6.225804151307706,6,6.010260583720299,1,6.010260583720299,1,6.010260583720299,1,7.0
108,2.3978952727983707,15,2011,0,1,0,0,0,0,0,0,1,0,5.407883941515678,17,5.708682032378714,3,5.507054151307706,6,5.5700868612400996,23,4.0
117,6.0867747269123065,25,2001,1,0,0,1,0,0,0,0,0,0,6.001072201743607,2,6.272514656836932,15,5.90116967462939,1,5.90116967462939,1,5.8
141,2.8903717578961645,46,1980,1,0,0,0,0,0,0,0,0,0,6.270124626996664,13,5.916374340071022,3,5.955715129174845,1,5.955715129174845,1,6.4
107,3.091042453358316,13,2013,0,0,0,1,0,0,0,0,0,0,5.992078765538481,1,5.992078765538481,1,7.047450176569067,83,6.927791280160949,120,6.8
106,8.677439540558334,19,2007,1,0,0,1,0,0,1,0,0,0,5.937533310993026,1,5.937533310993026,1,5.937533310993026,1,5.565784695424972,51,6.2
96,9.760655903428585,10,2016,0,0,0,0,0,0,0,0,0,0,5.855715129174845,1,5.855715129174845,1,5.855715129174845,1,5.855715129174845,1,5.3
120,5.10594547390058,8,2018,1,0,0,0,0,0,0,0,0,0,5.734405535076941,2,5.767738868410274,2,5.892738868410274,2,5.692078765538481,1,3.5
97,4.820281565605037,11,2015,0,0,1,0,0,0,0,0,0,0,5.89207876553848,1,5.89207876553848,1,5.785605109301792,3,5.89207876553848,1,5.7
111,4.454347296253507,7,2019,0,0,0,0,1,1,0,0,1,0,6.164806038265753,1,6.164806038265753,1,6.164806038265753,1,6.164806038265753,1,8.7
154,7.3427791893318455,5,2021,1,1,0,0,1,0,0,0,0,0,5.871888086461546,18,5.95958037770137,7,5.9927388684102745,2,5.89207876553848,1,5.7
90,6.46302945692067,17,2009,0,0,0,1,0,0,0,0,0,0,5.992078765538481,1,6.106639201230782,7,5.992078765538481,1,6.017738868410274,2,6.8
97,4.442651256490317,26,2000,1,0,0,0,0,0,0,0,0,1,5.992078765538481,1,5.992078765538481,1,5.992078765538481,1,5.992078765538481,1,6.8
164,3.1354942159291497,91,1935,0,1,0,0,0,0,0,0,0,1,5.700643321046165,10,5.90091903006595,4,5.782987856447572,1,5.782987856447572,1,4.5
115,2.70805020110221,6,2020,1,0,0,0,0,0,0,0,0,0,6.155715129174845,1,6.155715129174845,1,6.326072201743607,2,6.155715129174845,1,8.6
130,5.521460917862246,9,2017,1,1,1,0,0,0,0,0,0,0,5.77419109472822,5,6.037533310993027,1,6.037533310993027,1,6.037533310993027,1,7.3
113,2.833213344056216,6,2020,1,0,0,0,0,0,0,0,0,0,6.228442401902117,1,6.228442401902117,1,6.228442401902117,1,6.228442401902117,1,9.4
108,2.772588722239781,26,2000,0,1,0,0,0,0,0,0,0,0,5.75483587853256,3,5.921342085059831,89,5.637533310993026,1,5.377912801609484,3,2.9
68,2.70805020110221,14,2012,0,0,0,0,0,0,0,0,0,0,5.727524428061553,5,7.100201037826927,54,7.047450176569067,83,6.927791280160949,120,5.2
110,6.677083461247136,12,2014,0,0,0,0,0,1,0,0,0,0,6.042738868410274,2,5.976072201743608,2,6.00116967462939,1,6.00116967462939,1,6.9
101,5.638354669333745,74,1952,1,1,0,0,0,0,0,0,0,1,6.483168105257534,13,6.759304267203161,29,6.328492578940182,8,6.292202767538471,14,7.0
122,10.373741150537072,11,2015,1,0,1,1,0,0,0,0,0,0,5.973896947356663,1,5.973896947356663,1,5.973896947356663,1,5.973896947356663,1,6.6
130,6.703188113240863,34,1992,1,0,1,0,0,0,0,0,0,0,6.8068666587394615,21,6.160857761394885,5,5.9675244280615525,5,6.10116967462939,1,8.0
72,4.430816798843313,13,2013,0,0,0,0,0,0,0,0,0,0,6.12406664776333,3,7.100201037826927,54,7.047450176569067,83,6.927791280160949,120,7.0
124,7.9748769005588755,12,2014,0,0,0,1,0,0,0,0,0,0,5.825804151307706,6,5.528400721966557,82,5.819351492811208,1,5.565784695424972,51,4.9
96,4.477336814478207,6,2020,1,0,0,0,0,0,0,0,0,0,5.982987856447571,1,5.982987856447571,1,5.982987856447571,1,5.982987856447571,1,6.7
106,4.532599493153256,7,2019,1,1,0,0,0,0,0,0,0,0,6.059405535076941,2,5.877912801609484,3,6.073896947356662,1,6.073896947356662,1,7.7
91,5.683579767338681,11,2015,1,0,0,0,0,0,0,0,0,0,6.265204744351664,4,6.042738868410274,2,6.037533310993027,1,6.037533310993027,1,7.3
115,4.174387269895637,11,2015,1,0,0,0,0,0,1,0,0,1,5.785976865733128,39,5.955715129174845,1,5.955715129174845,1,5.955715129174845,1,6.4
160,5.062595033026967,58,1968,0,0,1,1,0,0,0,0,0,0,6.2954140221538575,9,6.306652075653853,22,6.364745229318689,18,6.261825912273516,8,6.8
143,8.946895523888447,7,2019,1,0,1,0,0,0,0,0,0,0,6.247143570840253,3,5.90627035671796,8,6.408061887208807,4,6.064806038265754,1,7.6
119,5.68697535633982,9,2017,1,0,0,0,0,0,0,0,0,0,5.910260583720299,1,5.910260583720299,1,5.850536100871803,14,6.013304151307706,6,5.9
128,2.995732273553991,11,2015,1,0,0,1,1,0,0,0,0,0,5.89207876553848,1,5.89207876553848,1,5.89207876553848,1,5.89207876553848,1,5.7
107,4.290459441148391,30,1996,1,0,1,0,0,0,0,0,0,0,6.154191094728219,5,6.028442401902117,1,6.100756848289605,7,6.028442401902117,1,7.2
95,7.940583827104244,17,2009,1,0,0,0,1,0,0,0,1,0,5.87234760149452,4,6.416514656836931,15,6.036633315780235,4,6.109405535076941,2,7.4
90,3.091042453358316,9,2017,0,0,0,0,0,0,0,0,0,0,6.019351492811208,1,6.019351492811208,1,6.019351492811208,1,6.019351492811208,1,7.1
134,9.167432870964907,7,2019,1,0,0,0,0,1,0,0,1,0,5.724286260054311,7,6.082987856447573,1,5.576869498317517,37,6.400402075653853,22,7.8
87,4.02535169073515,11,2015,1,0,0,0,0,0,0,0,0,0,6.037533310993027,1,5.908682032378715,3,6.080857761394886,5,6.037533310993027,1,7.3
145,6.628041376179533,46,1980,1,0,1,0,0,0,0,0,0,0,6.432054151307705,6,6.6328884004548545,36,6.387511820029784,21,6.110260583720299,1,8.1
138,5.049856007249537,56,1970,0,1,0,0,1,0,0,0,1,0,5.968316657890118,18,6.491721282179798,73,6.378254311886048,17,5.9815650676630145,11,6.4
133,4.897839799950911,15,2011,1,0,0,0,0,0,0,0,0,0,5.8260722017436075,2,6.043776172923093,4,5.773896947356662,1,5.773896947356662,1,4.4
134,6.9874902470009905,19,2007,1,0,0,0,1,1,0,0,0,0,5.420857761394886,5,5.539451263147945,3,5.861825912273516,8,5.5760722017436075,2,4.3
99,4.406719247264253,9,2017,1,0,0,0,0,0,0,0,0,0,5.89207876553848,1,5.89207876553848,1,6.288118693193251,31,5.917738868410274,2,5.7
105,3.2188758248682006,13,2013,0,0,0,0,0,1,0,0,0,0,5.792078765538481,1,5.516374340071023,3,5.792078765538481,1,5.792078765538481,1,4.6
75,4.143134726391533,16,2010,1,0,0,0,0,0,0,0,1,0,5.876072201743607,2,5.6366333157802355,4,5.89207876553848,1,5.89207876553848,1,5.7
129,9.75091895389152,12,2014,1,1,0,0,1,0,0,0,0,0,6.032403019132877,12,5.877227436524898,7,5.932256127417015,9,5.470124626996665,13,6.5
72,5.8971538676367405,11,2015,1,0,0,0,0,0,0,0,0,0,6.00116967462939,1,6.111825912273516,8,6.00116967462939,1,6.00116967462939,1,6.9
90,4.605170185988092,16,2010,1,0,0,0,1,0,0,0,1,0,5.9193514928112085,1,6.034405535076941,2,6.034405535076941,2,6.165204744351663,4,6.0
86,7.8407064517494,25,2001,1,0,0,0,0,0,0,0,0,1,5.982987856447571,1,6.693069126700863,17,5.982987856447571,1,5.982987856447571,1,6.7
90,7.489970898834801,24,2002,0,0,0,1,0,0,1,0,0,0,6.505643321046165,10,6.6328884004548545,36,6.293776172923093,4,6.113304151307705,6,7.4
115,2.8903717578961645,17,2009,0,0,0,0,0,0,0,0,1,0,6.02406664776333,3,6.1294904586373775,4,6.100989724686406,3,5.892738868410274,2,5.2
125,10.817335302759144,5,2021,1,0,0,0,1,0,0,0,0,0,6.019351492811208,1,6.019351492811208,1,6.071345083583723,7,5.558869434205136,14,7.1
106,5.4638318050256105,5,2021,0,0,1,0,1,0,0,0,0,0,5.782987856447572,1,5.462528186224868,3,5.782987856447572,1,5.782987856447572,1,4.5
118,3.5263605246161616,8,2018,1,0,0,0,0,0,0,0,1,0,6.010260583720299,1,6.010260583720299,1,6.010260583720299,1,6.010260583720299,1,7.0
120,1.9459101490553132,13,2013,1,0,0,0,0,1,0,0,0,0,5.917738868410274,2,5.992078765538481,1,5.992078765538481,1,5.992078765538481,1,6.8
107,2.772588722239781,11,2015,0,0,0,0,1,0,0,0,1,0,5.809405535076941,2,5.910260583720299,1,5.976072201743608,2,5.95940553507694,2,5.9
113,7.3833681469923835,12,2014,0,0,0,0,0,1,0,0,1,0,5.750584837314696,12,4.64193331887784,7,5.6738969473566625,1,6.0796245484696465,9,3.3
125,6.742880635791903,59,1967,1,0,0,0,1,0,0,0,1,0,6.167738868410274,2,6.236633315780234,4,6.037533310993027,1,6.037533310993027,1,7.3
134,7.659171367666058,7,2019,1,0,1,1,0,0,0,0,0,0,5.825804151307706,6,5.854191094728219,5,5.909405535076941,2,5.387524428061552,5,4.2
160,4.875197323201151,45,1981,1,1,0,0,1,0,0,0,0,0,5.973896947356663,1,6.032731365321274,24,5.973896947356663,1,5.973896947356663,1,6.6
138,4.343805421853684,39,1987,1,0,0,0,1,0,0,0,0,0,5.785976865733128,39,6.206639201230781,7,5.532731365321274,24,5.54664870849705,16,5.5
140,4.997212273764115,10,2016,0,1,0,1,0,0,0,0,0,0,5.773896947356662,1,5.773896947356662,1,5.7427388684102745,2,5.773896947356662,1,4.4
140,2.70805020110221,34,1992,1,0,0,0,0,0,0,0,0,0,5.773896947356662,1,5.773896947356662,1,5.773896947356662,1,5.8260722017436075,2,4.4
145,7.779466967458324,18,2008,1,0,0,1,0,0,1,0,0,0,5.675804151307705,6,5.644496071203626,24,5.966027075653853,22,5.61709554736411,20,4.9
160,5.241747015059643,36,1990,1,0,0,1,0,0,0,1,0,0,6.154191094728219,5,6.101072201743608,2,6.324514656836932,15,6.010260583720299,1,7.0
135,3.6635616461296463,9,2017,1,0,1,0,0,0,0,0,0,0,6.059405535076941,2,5.910260583720299,1,5.892738868410274,2,5.910260583720299,1,5.9
150,4.624972813284271,46,1980,1,0,0,0,0,0,0,0,0,0,5.728492578940183,8,6.491721282179798,73,6.288118693193251,31,6.092738868410275,2,5.9
140,2.6390573296152584,73,1953,1,0,0,0,0,0,1,0,0,0,6.4101364962344425,11,6.6843833277482565,34,6.118766655496514,12,6.051072201743608,2,7.3
142,2.772588722239781,22,2004,1,1,0,0,0,0,0,0,0,0,6.055715129174845,1,7.100201037826927,54,7.047450176569067,83,6.927791280160949,120,7.5
137,4.6913478822291435,43,1983,1,0,0,0,0,0,0,0,0,0,6.090643321046164,10,6.514947961485934,31,6.022347601494521,4,5.8260722017436075,2,6.4
121,5.43372200355424,8,2018,1,0,0,0,0,0,0,0,0,0,6.092738868410275,2,5.973896947356663,1,5.973896947356663,1,5.973896947356663,1,6.6
124,2.0794415416798357,11,2015,0,0,0,1,0,0,0,0,0,0,5.910260583720299,1,5.910260583720299,1,5.910260583720299,1,5.910260583720299,1,5.9
121,4.23410650459726,17,2009,1,0,0,0,0,1,0,0,1,0,5.434191094728219,5,5.90116967462939,1,5.90116967462939,1,5.90116967462939,1,5.8
135,5.937536205082426,48,1978,1,0,1,0,0,0,1,0,0,0,6.030168612995488,7,6.320857761394886,5,5.8460393827692405,12,6.047815671819016,7,7.1
164,9.810275170813949,8,2018,0,1,0,0,0,0,0,0,0,1,5.577912801609484,3,6.578877771926745,32,6.342024067247869,26,5.686633315780235,4,4.1
130,3.828641396489095,10,2016,0,1,0,0,0,0,0,0,0,0,5.955715129174845,1,5.955715129174845,1,5.955715129174845,1,5.955715129174845,1,6.4
161,10.155529493892987,9,2017,0,1,0,0,0,1,0,0,0,1,5.6741910947282195,5,5.346112564277431,51,5.811173800747261,18,5.801072201743608,2,5.9
94,7.348587530927593,12,2014,1,0,0,0,0,0,0,0,0,0,6.037533310993027,1,5.543224754883523,25,6.3758041513077055,6,6.037533310993027,1,7.3
151,7.487733761436444,9,2017,1,0,0,0,0,0,0,0,0,0,6.339451263147946,3,6.0920787655384805,1,6.0920787655384805,1,6.0920787655384805,1,7.9
98,5.82600010738045,11,2015,1,0,0,0,0,0,1,0,0,0,5.910260583720299,1,5.910260583720299,1,5.910260583720299,1,5.910260583720299,1,5.9
88,3.58351893845611,21,2005,0,0,1,0,0,0,0,0,0,0,5.746624220083936,1,5.579490458637379,4,5.746624220083936,1,5.839451263147945,3,4.1
113,6.594413459749778,5,2021,0,0,1,0,0,0,0,1,0,0,5.537533310993026,1,5.439451263147945,3,5.537533310993026,1,5.537533310993026,1,1.8
113,2.995732273553991,7,2019,0,0,0,0,1,0,0,0,0,0,5.607524428061553,5,5.864806038265754,1,5.864806038265754,1,5.864806038265754,1,5.4
135,3.1354942159291497,49,1977,1,0,0,0,0,0,0,0,0,0,5.787515931344491,13,5.946624220083936,1,6.1419333188778396,7,6.061173800747261,18,6.3
168,7.536363938404511,34,1992,1,1,0,0,0,1,0,0,0,0,5.6136028878662305,13,5.971369434205137,14,6.324514656836932,15,6.00116967462939,1,6.9
144,3.9889840465642745,28,1998,1,0,0,1,0,0,0,1,0,0,5.828442401902118,1,5.792738868410274,2,5.818403907113134,7,5.667738868410274,2,5.0
136,3.332204510175204,8,2018,0,0,1,0,0,1,0,0,0,0,5.601072201743608,2,5.746624220083936,1,5.746624220083936,1,5.746624220083936,1,4.1
116,8.40827078419205,12,2014,1,1,0,0,1,0,0,0,0,0,6.064806038265754,1,6.034405535076941,2,5.930168612995487,7,6.064806038265754,1,7.6
111,4.61512051684126,12,2014,0,0,1,1,0,0,0,0,0,0,5.764806038265753,1,5.764806038265753,1,5.764806038265753,1,5.764806038265753,1,4.3
113,2.3978952727983707,10,2016,1,0,0,0,0,1,1,0,0,0,6.142738868410274,2,5.847524428061552,5,5.982987856447571,1,6.142738868410274,2,6.7
159,7.649692623711514,26,2000,1,0,0,1,0,0,0,1,0,0,5.190643321046164,10,5.717738868410275,2,5.44664870849705,16,5.668316657890117,18,4.4
75,4.77912349311153,8,2018,1,0,0,0,0,0,0,0,0,0,6.323312110041968,12,6.430168612995487,7,6.132054151307706,6,6.00116967462939,1,6.9
122,5.926926025970411,16,2010,1,0,0,1,0,0,0,0,0,0,5.8375333109930265,1,5.765462730642547,7,5.665204744351663,4,5.962528186224868,3,5.1
159,4.804021044733257,42,1984,1,0,1,0,0,0,0,0,0,0,5.735110246958588,16,5.4725802696012575,88,5.756652075653853,22,5.453698024760193,7,5.2
150,3.4339872044851463,38,1988,1,0,1,0,0,0,0,0,0,0,5.873896947356664,1,6.042738868410274,2,5.873896947356664,1,5.400536100871804,14,5.5
155,9.846387960495555,9,2017,1,0,0,1,0,0,0,0,0,0,5.962528186224868,3,5.888514656836931,15,5.711656055020984,34,6.028442401902117,1,7.2
137,6.324358962381311,20,2006,0,1,1,1,0,0,0,0,0,0,5.307054151307705,6,5.428492578940183,8,5.385605109301792,3,5.4675244280615525,5,3.2
80,4.394449154672439,12,2014,1,0,0,0,0,0,0,0,0,0,6.10116967462939,1,6.10116967462939,1,7.047450176569067,83,6.927791280160949,120,8.0
124,6.186208623900494,8,2018,0,0,0,0,0,1,0,0,0,0,6.0920787655384805,1,6.0920787655384805,1,6.0920787655384805,1,6.0920787655384805,1,7.9
174,6.579251212010101,37,1989,0,1,0,0,1,0,0,0,0,0,5.770220493917176,3,6.128944742530841,101,5.7380361008718035,14,5.54664870849705,16,4.9
138,3.5553480614894135,51,1975,0,1,0,0,0,0,0,0,0,1,6.088304151307705,6,5.89207876553848,1,5.89207876553848,1,6.000989724686407,3,5.7
112,2.4849066497880004,89,1937,0,0,0,0,0,0,0,0,0,1,5.700643321046165,10,5.682987856447571,1,5.682987856447571,1,5.682987856447571,1,3.4
95,6.616065185132817,16,2010,0,1,0,0,0,0,0,0,0,1,6.001072201743607,2,5.396410830261542,70,6.129702767538471,14,5.7557151291748445,1,4.2
136,2.5649493574615367,48,1978,1,0,0,0,0,0,0,0,0,0,5.658061887208807,4,5.985605109301791,3,6.288118693193251,31,5.713304151307705,6,5.7
87,3.5553480614894135,10,2016,1,0,0,0,0,0,0,0,0,0,5.972347601494521,4,5.864806038265754,1,5.864806038265754,1,5.8677388684102745,2,5.4
112,2.4849066497880004,21,2005,1,0,1,0,0,0,0,0,0,0,5.58440553507694,2,5.610260583720299,1,5.610260583720299,1,5.610260583720299,1,2.6
133,8.573573524852344,6,2020,1,1,0,0,0,0,0,0,0,0,6.051072201743608,2,5.356708208998889,59,6.127524428061552,5,5.575804151307706,6,6.8
130,8.639410824140487,7,2019,0,1,0,1,0,0,0,0,0,1,5.542202767538471,14,5.396410830261542,70,5.532731365321274,24,5.586948473678333,12,4.2
108,7.966239776559467,12,2014,1,0,1,1,0,0,0,0,0,0,5.838304151307705,6,5.8866333157802355,4,5.9437761729230925,4,5.565784695424972,51,5.0
107,7.216709486709457,7,2019,1,0,0,0,0,0,0,0,0,0,6.339451263147946,3,6.20940553507694,2,6.20940553507694,2,6.064806038265754,1,7.6
135,2.302585092994046,37,1989,1,0,0,0,0,0,1,0,0,0,5.946624220083936,1,5.80709554736411,20,5.565084306497744,24,5.784887706364383,9,6.3
104,7.8156105320351905,10,2016,1,0,0,0,0,1,0,0,0,1,5.982987856447571,1,6.32036761202638,25,5.796514656836931,15,5.745159245606849,8,6.7
130,7.3427791893318455,19,2007,1,0,0,0,0,0,0,0,0,0,6.052733322648839,13,6.060857761394886,5,6.02406664776333,3,5.776072201743607,2,6.5
97,4.976733742420574,11,2015,1,0,0,0,1,0,0,0,1,0,5.8829878564475715,1,5.8829878564475715,1,5.8829878564475715,1,5.8829878564475715,1,5.6
111,5.5053315359323625,28,1998,1,0,0,0,0,0,0,0,0,0,5.982987856447571,1,6.234048134495739,8,6.1177388684102745,2,6.177227436524899,7,6.7
105,9.325185763645223,10,2016,1,0,0,0,0,1,0,0,0,0,6.440857761394886,5,6.495850781948728,11,6.3758041513077055,6,6.064806038265754,1,7.6
107,4.499809670330265,15,2011,1,0,0,0,1,1,0,0,0,0,5.693297416994099,3,5.894191094728219,5,5.927524428061553,5,5.855715129174845,1,5.3
95,7.827639546366422,5,2021,1,0,0,0,0,0,1,0,0,0,5.928442401902117,1,5.788992142407252,7,6.0471435708402534,3,6.067738868410274,2,6.1
173,7.535830462798367,37,1989,1,1,0,0,1,0,0,0,0,0,5.988304151307705,6,5.219562361627795,52,6.387511820029784,21,5.668316657890117,18,6.3
137,5.545177444479562,41,1985,1,0,0,0,0,0,0,0,0,0,6.8068666587394615,21,6.010260583720299,1,6.100989724686406,3,6.010260583720299,1,7.0
187,7.830822995135316,31,1995,1,1,0,0,0,0,0,0,0,0,6.000714801162405,8,5.333601383769235,38,5.532731365321274,24,6.069554151307706,6,4.8
157,4.330733340286331,35,1991,0,1,0,0,0,0,0,0,0,0,5.376803162901108,11,5.665204744351663,4,5.575804151307706,6,5.6301686129954875,7,5.1
113,5.58724865840025,12,2014,0,0,0,0,0,1,0,0,0,0,5.5920787655384805,1,5.542738868410274,2,5.509405535076941,2,5.5920787655384805,1,2.4
114,4.1588830833596715,38,1988,1,0,0,0,0,0,0,0,0,0,6.037533310993027,1,6.182602372175832,18,6.167738868410274,2,5.858061887208806,4,7.3
127,3.8918202981106265,48,1978,1,0,0,0,0,0,0,0,0,0,6.1309941922140565,13,6.249591938691465,81,6.453319600615392,24,6.486326972424918,11,7.2
117,8.013674142832684,15,2011,1,0,0,0,0,0,0,0,0,0,5.9193514928112085,1,5.9193514928112085,1,5.9193514928112085,1,6.247524428061553,5,6.0
167,7.643482907077201,48,1978,1,1,0,0,0,0,0,1,0,0,6.641027075653853,22,6.128944742530841,101,6.453319600615392,24,6.1056433210461645,10,7.7
131,1.9459101490553132,41,1985,1,0,0,0,1,0,0,0,1,0,5.846624220083935,1,5.695643321046164,10,5.500459515032975,18,5.713304151307705,6,5.2
120,4.30406509320417,32,1994,1,0,0,0,0,0,0,0,0,0,6.488268679421918,23,6.159405535076941,2,6.037533310993027,1,6.037533310993027,1,7.3
96,2.6390573296152584,6,2020,1,0,0,0,0,0,0,0,0,0,6.147143570840253,3,6.10116967462939,1,6.10116967462939,1,5.82406664776333,3,8.0
153,7.176254532017144,30,1996,1,1,0,1,0,0,0,0,0,0,5.278820279170577,13,5.528400721966557,82,5.926221497449138,21,5.884514656836932,15,5.2
136,9.785548254671442,9,2017,1,0,0,0,0,0,0,0,0,0,5.994554151307705,6,5.346112564277431,51,5.52406664776333,3,6.008690733914536,26,3.8
106,6.354370040797351,5,2021,0,0,1,1,0,0,0,1,0,0,5.782987856447572,1,5.782987856447572,1,5.782987856447572,1,5.782987856447572,1,4.5
155,5.916202062607435,23,2003,0,0,1,0,0,0,0,0,0,0,5.955715129174845,1,5.612521554171957,7,6.000857761394886,5,5.5700868612400996,23,6.4
88,2.4849066497880004,11,2015,1,0,1,0,0,0,0,0,0,0,5.937533310993026,1,5.937533310993026,1,5.937533310993026,1,5.937533310993026,1,6.2
162,2.9444389791664403,55,1971,0,0,0,0,0,0,0,0,0,1,6.025804151307705,6,6.450714801162405,8,5.939451263147945,3,5.973896947356663,1,6.6
134,4.430816798843313,18,2008,1,0,0,0,0,0,0,0,0,0,5.9193514928112085,1,5.326992969522278,9,5.850536100871803,14,5.342782443206489,9,6.0
147,7.080026499922591,10,2016,1,0,1,0,0,0,0,0,0,0,5.790643321046164,10,5.810260583720299,1,5.620857761394886,5,5.851072201743608,2,4.8
158,8.089482474360754,25,2001,1,0,1,0,0,0,0,0,0,0,5.790643321046164,10,6.075804151307706,6,6.055715129174845,1,6.055715129174845,1,7.5
148,4.477336814478207,56,1970,0,0,1,1,0,0,0,0,0,0,6.214898400996348,11,5.921342085059831,89,6.244872614659345,46,6.261825912273516,8,7.0
135,3.2188758248682006,15,2011,1,0,0,0,0,0,0,0,0,0,5.728442401902117,1,5.728442401902117,1,5.728442401902117,1,5.767738868410274,2,3.9
129,6.779921907472252,36,1990,0,0,1,0,0,0,0,0,0,0,5.80116967462939,1,6.578877771926745,32,5.843474236839166,34,5.80116967462939,1,4.7
140,7.333676395657684,17,2009,1,0,1,0,0,0,0,0,0,0,5.950919030065949,4,5.543224754883523,25,5.995159245606849,8,5.828442401902118,1,5.0
128,6.139884552226255,16,2010,1,0,0,1,0,0,0,0,0,0,5.647143570840253,3,6.182602372175832,18,5.565084306497744,24,5.8910888771868235,11,5.6
150,5.303304908059076,24,2002,1,0,1,0,0,0,0,1,0,0,5.77419109472822,5,5.792078765538481,1,5.724066647763331,3,5.654835878532561,3,4.6
150,5.209486152841421,22,2004,1,0,1,0,0,1,0,0,0,0,5.654835878532561,3,5.326992969522278,9,5.5920787655384805,1,6.065643321046164,10,2.4
104,10.401866031000361,8,2018,1,0,0,0,0,0,0,0,0,0,6.1284424019021175,1,6.1284424019021175,1,6.1284424019021175,1,6.042738868410274,2,8.3
139,2.4849066497880004,44,1982,1,0,0,0,0,0,1,0,0,0,6.459735793367529,17,5.917738868410274,2,6.009405535076941,2,5.8829878564475715,1,5.6
136,2.995732273553991,48,1978,0,0,1,0,0,0,0,0,0,0,5.995414022153857,9,5.4725802696012575,88,6.007524428061553,5,6.100584837314695,12,6.1
150,8.468423027046809,9,2017,1,0,0,1,0,0,0,0,0,0,6.010260583720299,1,6.3062703567179605,8,5.9675244280615525,5,5.248045601101226,9,7.0
160,7.933079771880415,24,2002,0,1,1,0,0,1,0,0,0,0,5.870643321046164,10,5.700989724686408,3,6.036633315780235,4,5.77680316290111,11,5.6
156,4.804021044733257,69,1957,0,0,1,0,0,0,0,1,0,0,6.390643321046165,10,6.6843833277482565,34,6.0320541513077055,6,6.3628786032973625,57,7.0
128,6.576469569048224,22,2004,0,0,1,0,0,0,0,1,0,0,6.090643321046164,10,5.543224754883523,25,5.39015086425912,9,5.565784695424972,51,4.5
108,4.394449154672439,57,1969,1,0,1,1,0,0,0,0,0,0,6.212514656836931,15,6.6843833277482565,34,6.048045601101225,9,6.269725631573973,16,6.5
120,2.833213344056216,30,1996,1,0,0,1,0,0,0,0,0,0,6.059405535076941,2,5.910260583720299,1,6.009405535076941,2,5.854835878532561,3,5.9
121,5.91350300563827,15,2011,1,0,1,1,0,0,0,0,0,0,5.877912801609484,3,5.585605109301792,3,5.972347601494521,4,5.8375333109930265,1,5.1
142,3.044522437723423,8,2018,1,1,0,0,0,0,0,1,0,0,5.937533310993026,1,7.100201037826927,54,7.047450176569067,83,6.927791280160949,120,6.2
72,3.784189633918261,9,2017,1,0,0,0,0,0,0,0,0,0,6.110260583720299,1,6.110260583720299,1,6.110260583720299,1,6.110260583720299,1,8.1
138,6.61338421837956,10,2016,0,0,0,1,0,0,0,0,0,0,5.873896947356664,1,5.708061887208807,4,5.873896947356664,1,5.873896947356664,1,5.5
127,3.5553480614894135,14,2012,0,0,1,0,0,0,0,0,0,0,5.808682032378714,3,5.828442401902118,1,5.828442401902118,1,5.70940553507694,2,5.0
92,4.330733340286331,13,2013,0,0,0,1,0,0,0,0,0,0,6.00116967462939,1,6.00116967462939,1,6.00116967462939,1,5.984405535076941,2,6.9
145,4.060443010546419,34,1992,1,0,0,0,0,0,0,0,0,0,4.896369434205138,14,6.032731365321274,24,5.756652075653853,22,5.810260583720299,1,4.8
100,3.828641396489095,9,2017,0,0,0,1,0,0,0,0,0,0,5.8866333157802355,4,5.992078765538481,1,5.992078765538481,1,5.992078765538481,1,6.8
156,7.8013913202914855,18,2008,1,0,1,0,0,0,0,0,0,0,5.934405535076941,2,5.396410830261542,70,6.129702767538471,14,5.910260583720299,1,5.9
140,4.564348191467836,15,2011,0,0,1,0,0,0,0,0,0,0,5.90116967462939,1,5.90116967462939,1,5.90116967462939,1,5.90116967462939,1,5.8
90,4.04305126783455,9,2017,0,0,1,0,0,0,0,0,0,0,5.973896947356663,1,5.973896947356663,1,5.917738868410274,2,5.973896947356663,1,6.6
128,4.962844630259907,29,1997,1,1,0,0,1,0,0,0,0,0,5.808061887208806,4,5.630428880697443,20,5.926221497449138,21,5.615204744351664,4,4.5
134,10.673595774232203,16,2010,1,0,0,0,0,0,0,0,0,0,6.440857761394886,5,6.110260583720299,1,6.267738868410274,2,6.110260583720299,1,8.1
123,3.784189633918261,8,2018,0,0,0,1,0,0,0,0,0,0,5.692078765538481,1,5.476072201743608,2,5.686633315780235,4,5.686633315780235,4,3.5
136,3.091042453358316,50,1976,1,0,1,0,0,0,0,0,0,0,5.847143570840253,3,5.4725802696012575,88,5.983224754883523,25,5.976072201743608,2,5.0
148,10.240352569152035,10,2016,1,1,0,0,1,0,0,0,0,0,6.3866333157802355,4,5.813762214030776,20,5.783109789466075,7,5.8043410161893565,16,7.8
128,9.93837195438963,13,2013,1,0,0,0,1,0,0,0,1,0,6.709255061779273,13,6.2010722017436075,2,6.267738868410274,2,6.10116967462939,1,8.0
117,6.566672429803241,18,2008,1,0,0,1,0,0,0,0,0,0,5.7102605837202995,1,5.114191094728219,5,5.930168612995487,7,5.7102605837202995,1,3.7
120,2.1972245773362196,10,2016,1,0,0,0,0,0,0,0,0,0,5.928442401902117,1,5.928442401902117,1,5.928442401902117,1,6.927791280160949,120,6.1
109,4.127134385045092,67,1959,1,0,1,0,1,0,0,0,0,0,6.158061887208807,4,6.346888086461546,18,6.189603690051293,8,6.1937761729230925,4,6.8
124,2.3978952727983707,52,1974,1,0,0,0,0,0,1,0,0,0,5.8152047443516635,4,5.826992969522278,9,5.753698024760193,7,6.014191094728219,5,6.2
120,8.506132244056813,7,2019,0,0,0,1,0,0,0,0,0,0,6.00116967462939,1,6.00116967462939,1,6.00116967462939,1,5.932054151307705,6,6.9
137,4.465908118654584,51,1975,0,0,0,0,0,0,0,0,1,0,6.142782443206489,9,6.47834521208835,91,6.453319600615392,24,5.847143570840253,3,6.5
120,3.912023005428146,7,2019,1,0,0,1,0,0,0,0,0,0,6.010260583720299,1,6.010260583720299,1,6.010260583720299,1,6.010260583720299,1,7.0
134,2.0794415416798357,56,1970,1,0,0,0,0,0,1,0,0,0,5.833946020043966,11,5.773896947356662,1,5.773896947356662,1,5.773896947356662,1,4.4
135,4.23410650459726,20,2006,1,0,0,0,1,0,0,1,0,0,5.37234760149452,4,5.593762214030777,20,5.593297416994099,3,5.469725631573973,16,5.5
151,3.8066624897703196,34,1992,1,0,1,1,0,0,0,0,0,0,5.676072201743608,2,5.7557151291748445,1,5.676072201743608,2,5.7557151291748445,1,4.2
151,4.859812404361672,44,1982,1,0,0,0,0,0,0,0,0,0,6.059405535076941,2,6.206639201230781,7,6.082054151307705,6,5.973896947356663,1,6.6
126,2.3978952727983707,12,2014,1,0,0,0,0,0,1,0,0,0,5.873896947356664,1,5.873896947356664,1,5.873896947356664,1,5.873896947356664,1,5.5
188,7.527793987721444,20,2006,1,0,1,0,0,0,0,0,0,0,6.071345083583723,7,5.950919030065949,4,6.288118693193251,31,5.8910888771868235,11,5.5
98,7.192182058713246,11,2015,1,0,0,1,0,0,0,0,0,0,6.147143570840253,3,5.973896947356663,1,5.973896947356663,1,5.973896947356663,1,6.6
93,3.044522437723423,11,2015,1,0,0,0,0,0,0,0,0,0,6.119351492811208,1,6.119351492811208,1,6.119351492811208,1,6.119351492811208,1,8.2
142,5.493061443340548,19,2007,1,0,0,0,1,0,0,0,0,0,5.973896947356663,1,5.85958037770137,7,5.654835878532561,3,6.205191863924958,31,6.6
125,2.8903717578961645,46,1980,1,0,0,0,0,0,0,0,0,0,5.388992142407253,7,5.870220493917175,3,5.8460393827692405,12,5.795201703100598,29,5.8
102,7.542213463193403,12,2014,1,0,1,0,1,0,0,0,0,0,5.8375333109930265,1,6.232256127417014,9,6.001072201743607,2,5.8375333109930265,1,5.1
114,8.20631072579402,12,2014,1,0,0,0,1,1,0,0,0,0,5.876072201743607,2,5.930643321046165,10,5.861825912273516,8,5.634191094728219,5,5.7
90,2.995732273553991,30,1996,1,0,0,0,0,0,0,0,0,0,5.7557151291748445,1,5.7557151291748445,1,5.7557151291748445,1,5.7557151291748445,1,4.2
106,6.543911845564792,9,2017,1,0,0,0,0,0,0,0,0,0,6.037533310993027,1,6.2010722017436075,2,6.151072201743607,2,6.037533310993027,1,7.3
106,2.995732273553991,7,2019,0,1,0,0,0,0,0,0,0,0,5.964806038265754,1,5.964806038265754,1,5.964806038265754,1,5.964806038265754,1,6.5
145,3.6888794541139363,20,2006,1,0,1,0,0,0,0,1,0,0,5.6738969473566625,1,5.6738969473566625,1,5.6738969473566625,1,5.387524428061552,5,3.3
113,7.629489916393995,6,2020,1,0,1,0,0,0,0,0,0,0,5.900677180048595,9,6.010260583720299,1,6.294191094728219,5,6.010260583720299,1,7.0
137,2.302585092994046,7,2019,0,0,0,0,0,0,1,0,0,0,5.939451263147945,3,6.082987856447573,1,5.842738868410275,2,6.082987856447573,1,7.8
122,4.3694478524670215,55,1971,0,0,0,0,0,0,1,0,0,0,6.139451263147945,3,6.028442401902117,1,6.6445146568369315,15,5.916374340071022,3,7.2
175,6.311734809152915,59,1967,1,0,1,0,0,0,0,0,0,0,6.100804151307706,6,6.404907235692317,13,6.500584837314696,12,6.205191863924958,31,7.5
112,6.602587892189336,7,2019,1,0,0,0,0,0,0,0,0,0,5.982987856447571,1,5.982987856447571,1,5.982987856447571,1,5.982987856447571,1,6.7
151,4.174387269895637,71,1955,0,0,0,1,0,0,0,1,0,0,6.293776172923093,4,6.759304267203161,29,6.328492578940182,8,6.0466242200839355,1,7.4
138,10.736005294543881,8,2018,1,1,0,0,0,0,0,0,0,0,6.119351492811208,1,6.143776172923092,4,6.1570541513077055,6,6.009405535076941,2,8.2
110,6.042632833682381,56,1970,1,0,0,0,0,0,0,0,0,0,6.479624548469647,9,6.00116967462939,1,6.00116967462939,1,6.00116967462939,1,6.9
150,3.367295829986474,66,1960,1,0,1,0,0,0,0,0,0,0,6.050919030065949,4,6.229837873202802,34,6.378254311886048,17,6.2772274365249,7,6.8
153,2.6390573296152584,37,1989,1,0,0,0,0,0,0,0,0,0,5.667381467829071,8,5.790996893509845,33,6.438036100871805,14,5.648385496561882,13,5.2
134,3.5553480614894135,44,1982,1,1,0,0,1,0,0,0,0,0,5.174472453083621,13,5.3923579264167305,93,5.8460393827692405,12,6.061173800747261,18,3.8
144,3.58351893845611,63,1963,1,1,0,0,1,0,0,0,0,0,6.3910888771868235,11,6.47834521208835,91,6.416514656836931,15,5.920857761394886,5,7.4
139,3.6888794541139363,28,1998,1,1,0,0,0,0,0,0,0,0,5.032514656836931,15,5.3923579264167305,93,5.83440553507694,2,5.505940337943332,9,4.4
85,4.624972813284271,11,2015,1,0,0,0,0,0,0,0,0,0,5.8829878564475715,1,5.8829878564475715,1,5.8829878564475715,1,5.8829878564475715,1,5.6
145,5.8916442118257715,42,1984,1,0,1,0,0,0,0,0,0,0,6.126072201743607,2,5.630428880697443,20,6.00116967462939,1,6.000756848289605,7,6.9
120,5.726847747587197,15,2011,1,0,0,1,0,0,0,0,0,0,5.9193514928112085,1,6.0266463661271,13,5.907524428061553,5,5.9932974169941,3,6.0
155,4.624972813284271,39,1987,1,1,0,0,0,0,0,0,0,0,5.7557151291748445,1,6.032731365321274,24,5.217024067247869,26,5.977912801609484,3,4.2
180,3.4965075614664802,20,2006,1,0,1,0,0,1,0,0,0,0,5.626072201743607,2,6.075804151307706,6,6.036050965936664,7,5.608682032378715,3,4.1
134,3.7612001156935624,22,2004,0,0,1,1,0,0,0,0,0,0,5.776072201743607,2,5.377912801609484,3,5.810260583720299,1,5.908682032378715,3,4.8
138,5.0238805208462765,11,2015,1,0,0,1,0,0,0,0,0,0,5.892738868410274,2,6.272514656836932,15,6.080857761394886,5,5.819351492811208,1,4.9
140,8.818630229100354,6,2020,0,1,0,0,1,1,0,0,0,0,6.00116967462939,1,6.00116967462939,1,6.00116967462939,1,6.009405535076941,2,6.9
122,6.717804695023691,21,2005,1,0,0,0,1,0,0,0,1,0,5.388036100871804,14,5.563439497071233,17,5.508682032378715,3,5.230168612995488,7,5.6
101,5.981414211254481,17,2009,1,0,0,0,0,0,0,0,0,0,5.582054151307705,6,5.189745229318689,18,5.810260583720299,1,5.57419109472822,5,4.8
153,7.738052297689316,21,2005,1,0,0,1,0,0,1,0,0,0,5.871888086461546,18,5.813762214030776,20,5.947815671819018,7,5.500514656836932,15,4.5
150,2.3978952727983707,58,1968,1,1,0,0,1,0,0,0,0,0,6.291088877186824,11,5.971369434205137,14,6.217381467829071,8,6.0471435708402534,3,5.8
145,9.47247384058159,27,1999,1,1,0,0,1,0,0,0,0,0,5.871888086461546,18,5.356708208998889,59,5.694554151307706,6,5.9317589554556385,3,8.0
106,6.461468176353717,22,2004,0,0,0,0,0,0,0,0,1,0,5.828442401902118,1,5.5080618872088065,4,5.828442401902118,1,5.477912801609484,3,5.0
118,2.9444389791664403,71,1955,1,0,0,0,0,0,0,0,0,0,5.95940553507694,2,6.029490458637378,4,5.855715129174845,1,5.836633315780235,4,5.3
121,3.044522437723423,52,1974,1,0,1,0,0,0,0,0,0,0,5.711203495838068,9,6.249591938691465,81,5.916374340071022,3,6.205191863924958,31,6.8
164,9.481969279105716,8,2018,1,1,0,0,1,0,0,0,0,0,6.146624220083936,1,6.031758955455638,3,6.146624220083936,1,6.267738868410274,2,8.5
133,5.924255797414532,38,1988,1,0,1,0,0,0,0,1,0,0,6.073896947356662,1,6.073896947356662,1,6.073896947356662,1,6.073896947356662,1,7.7
150,4.454347296253507,44,1982,1,0,0,0,0,0,0,0,1,0,6.456270356717961,8,5.9815650676630145,11,6.772514656836932,15,6.1056433210461645,10,7.3
135,3.871201010907891,64,1962,1,1,0,0,1,0,0,0,0,0,5.926072201743608,2,6.6843833277482565,34,6.015204744351664,4,6.036633315780235,4,5.5
155,7.484368643286131,20,2006,1,0,0,0,0,0,0,0,0,1,6.286633315780235,4,6.0471435708402534,3,6.010260583720299,1,6.400402075653853,22,7.0
98,2.9444389791664403,80,1946,1,0,0,0,0,0,0,0,0,0,6.2010722017436075,2,5.870220493917175,3,6.034405535076941,2,6.010260583720299,1,7.0
145,6.561030665896573,26,2000,0,1,0,0,0,0,0,0,0,0,5.836050965936664,7,5.731758955455637,3,5.80116967462939,1,5.80116967462939,1,4.7
93,3.4965075614664802,5,2021,1,0,0,0,0,0,0,0,0,0,6.009405535076941,2,6.119351492811208,1,6.251072201743607,2,6.172937023384628,8,8.2
135,4.3694478524670215,34,1992,1,1,0,0,1,0,0,0,0,0,5.842738868410275,2,5.9193514928112085,1,5.650804151307705,6,5.565784695424972,51,6.0
136,2.0794415416798357,51,1975,1,0,0,0,0,0,0,0,0,0,5.9932974169941,3,5.826992969522278,9,5.983224754883523,25,6.0466242200839355,1,7.4
161,5.0689042022202315,37,1989,1,1,0,0,1,0,0,0,0,0,5.595643321046164,10,5.219562361627795,52,5.217024067247869,26,5.700919030065949,4,4.5
158,2.302585092994046,25,2001,0,0,0,0,0,1,0,0,0,0,5.917738868410274,2,5.608061887208806,4,5.650804151307705,6,5.8375333109930265,1,5.1
132,5.7430031878094825,15,2011,0,1,0,0,0,1,0,0,0,0,5.140643321046165,10,5.7102605837202995,1,5.7102605837202995,1,5.7102605837202995,1,3.7
169,8.935771938669784,16,2010,1,1,0,0,0,0,0,0,0,1,5.8092550617792735,13,5.346112564277431,51,5.217024067247869,26,5.795201703100598,29,4.5
130,2.1972245773362196,56,1970,1,1,0,0,0,0,0,0,0,0,6.136050965936664,7,6.010260583720299,1,6.010260583720299,1,5.9675244280615525,5,7.0
165,4.7535901911063645,25,2001,1,0,0,0,0,0,0,0,0,0,5.976072201743608,2,5.992078765538481,1,5.842738868410275,2,6.0760722017436075,2,6.8
85,3.5553480614894135,18,2008,1,1,0,0,0,0,0,0,0,0,6.028442401902117,1,6.028442401902117,1,5.801072201743608,2,6.028442401902117,1,7.2
175,5.552959584921617,17,2009,0,1,0,0,0,0,0,0,0,0,5.964806038265754,1,5.90627035671796,8,5.964806038265754,1,5.964806038265754,1,6.5
100,5.407171771460119,9,2017,1,1,0,0,0,0,0,0,0,0,5.8260722017436075,2,6.0772274365248995,7,5.955715129174845,1,5.955715129174845,1,6.4
135,6.577861357721047,38,1988,1,1,0,0,0,0,0,0,0,0,5.593762214030777,20,5.8264024600341955,17,5.876072201743607,2,5.686633315780235,4,6.6
125,6.568077911411976,10,2016,0,1,0,0,1,0,0,0,0,0,5.670066660951704,33,5.670220493917176,3,5.855715129174845,1,5.855715129174845,1,5.3
135,9.392745258631441,8,2018,0,0,0,1,0,0,0,0,0,0,5.843776172923092,4,5.521729811627541,9,5.695414022153858,9,5.829490458637379,4,3.2
131,6.212606095751519,8,2018,0,0,1,1,0,0,0,0,0,0,5.325804151307706,6,5.432054151307706,6,5.796514656836931,15,5.628442401902117,1,2.8
166,7.335633981927201,31,1995,1,1,0,0,0,0,0,0,0,0,5.89207876553848,1,5.346112564277431,51,5.6937761729230925,4,5.9510722017436075,2,5.7
129,4.442651256490317,33,1993,0,1,0,0,0,0,0,0,0,0,5.581264093112434,16,5.219562361627795,52,5.756652075653853,22,5.5700868612400996,23,5.8
127,1.791759469228055,51,1975,1,0,0,0,0,0,0,0,0,0,5.828442401902118,1,5.9548358785325615,3,5.237519285311752,9,6.034405535076941,2,5.0
192,10.821816206435848,22,2004,1,0,0,0,0,0,1,1,0,0,6.641027075653853,22,6.437236226541811,36,5.645643321046164,10,6.0375192853117525,9,7.8
95,5.111987788356544,15,2011,1,0,0,0,0,0,1,0,0,0,6.009405535076941,2,5.982987856447571,1,5.982987856447571,1,5.982987856447571,1,6.7
144,3.295836866004329,15,2011,0,1,0,0,0,0,0,0,0,0,5.9193514928112085,1,5.9193514928112085,1,5.9193514928112085,1,5.9193514928112085,1,6.0
78,2.4849066497880004,7,2019,0,0,0,0,0,0,0,0,1,0,5.80116967462939,1,5.80116967462939,1,7.047450176569067,83,6.927791280160949,120,4.7
142,5.703782474656201,37,1989,1,1,0,0,0,0,0,0,1,0,6.051072201743608,2,6.514947961485934,31,6.0760722017436075,2,5.916374340071022,3,6.7
104,5.075173815233827,18,2008,1,0,0,0,0,1,0,0,1,0,5.864806038265754,1,6.416514656836931,15,6.100756848289605,7,5.883109789466076,7,5.4
106,8.870382066070137,9,2017,1,0,0,0,0,0,0,0,0,0,6.001072201743607,2,5.982987856447571,1,5.982987856447571,1,6.092738868410275,2,6.7
122,4.060443010546419,37,1989,0,1,0,0,1,0,0,0,0,0,6.093297416994099,3,6.095643321046164,10,5.843474236839166,34,6.08440553507694,2,6.9
126,10.611277009832943,14,2012,0,0,1,1,0,0,0,0,0,0,6.463304151307705,6,6.57970276753847,14,5.9437761729230925,4,6.3536980247601935,7,7.8
100,5.2574953720277815,54,1972,0,1,0,1,1,0,0,0,0,0,6.3910888771868235,11,6.47834521208835,91,6.108682032378715,3,5.700804151307706,6,7.1
78,3.5553480614894135,9,2017,1,0,0,1,0,1,0,0,0,0,5.855715129174845,1,5.855715129174845,1,5.855715129174845,1,5.855715129174845,1,5.3
160,6.1779441140506,17,2009,1,0,0,0,0,0,0,0,0,0,5.7193514928112075,1,5.5941910947282185,5,5.7193514928112075,1,5.7193514928112075,1,3.8
168,5.8888779583328805,44,1982,1,1,0,0,0,0,0,0,0,0,6.089745229318689,18,5.780643321046165,10,5.842738868410275,2,5.8007568482896055,7,7.2
135,2.5649493574615367,36,1990,0,1,0,0,0,0,0,0,0,0,5.700415045836235,21,5.846624220083935,1,5.94664870849705,16,6.044554151307706,6,5.2
148,4.060443010546419,40,1986,0,1,0,0,0,0,0,0,0,0,5.964806038265754,1,6.0760722017436075,2,5.729184115282061,11,5.876072201743607,2,6.5
108,3.58351893845611,8,2018,0,0,0,0,0,0,0,0,0,0,6.142738868410274,2,6.210260583720299,1,6.210260583720299,1,6.927791280160949,120,9.2
118,6.192362489474872,21,2005,1,0,0,0,0,0,0,0,0,0,6.338304151307705,6,5.333601383769235,38,6.1428025546508955,16,6.1177388684102745,2,7.1
120,5.541263545158426,17,2009,1,0,0,0,0,0,0,0,0,0,6.028442401902117,1,6.234048134495739,8,6.192738868410274,2,6.028442401902117,1,7.2
172,5.393627546352362,38,1988,1,1,1,0,0,0,0,0,0,0,6.641027075653853,22,5.644648673347989,53,6.1419333188778396,7,5.61709554736411,20,5.6
163,6.47543271670409,32,1994,1,1,1,0,0,0,0,0,0,0,5.715204744351664,4,5.396410830261542,70,5.8068666587394615,21,5.5577555438534905,11,5.0
151,5.62040086571715,44,1982,1,0,0,0,0,0,0,0,0,0,6.605374591472538,11,6.249591938691465,81,5.837304297111666,52,6.300919030065949,4,7.3
130,2.772588722239781,15,2011,1,0,0,0,1,0,0,0,1,0,6.016374340071023,3,5.947143570840253,3,5.928442401902117,1,5.928442401902117,1,6.1
136,6.22455842927536,40,1986,0,1,0,0,0,0,0,0,0,1,6.126072201743607,2,6.514947961485934,31,6.037533310993027,1,6.085605109301792,3,7.3
146,8.2482674474469,17,2009,0,1,0,0,0,1,0,0,0,0,5.140643321046165,10,5.514191094728219,5,5.700857761394886,5,5.544554151307706,6,3.7
82,4.04305126783455,6,2020,1,0,0,0,0,0,0,0,0,0,5.937533310993026,1,5.937533310993026,1,5.937533310993026,1,5.937533310993026,1,6.2
159,5.541263545158426,28,1998,1,1,0,0,1,0,0,0,0,0,5.855715129174845,1,4.91827862617752,29,5.371391221603244,28,5.900378424144803,24,5.3
110,3.6109179126442243,9,2017,1,0,0,0,0,0,0,0,0,0,5.8829878564475715,1,5.8829878564475715,1,5.8829878564475715,1,5.8829878564475715,1,5.6
150,5.68697535633982,5,2021,0,0,0,0,1,0,0,0,0,0,6.359405535076941,2,6.182987856447571,1,6.182987856447571,1,6.182987856447571,1,8.9
165,7.837554360881084,29,1997,1,0,0,0,0,0,1,1,0,0,6.1977658056647,29,5.644648673347989,53,5.8068666587394615,21,5.672347601494521,4,7.5
111,7.001245622069476,6,2020,1,0,0,1,0,0,0,0,0,0,5.637533310993026,1,5.300989724686407,3,5.637533310993026,1,5.626072201743607,2,2.9
143,4.110873864173311,34,1992,1,0,0,0,0,0,0,0,0,0,5.465643321046164,10,5.608682032378715,3,5.764806038265753,1,5.4861738007472605,18,4.3
132,7.62608275807238,21,2005,1,0,0,0,0,0,1,0,0,0,5.871888086461546,18,6.128944742530841,101,6.724115867164841,32,5.785605109301792,3,7.1
99,4.204692619390966,18,2008,1,1,0,0,1,0,0,0,0,0,5.819351492811208,1,5.819351492811208,1,5.819351492811208,1,5.819351492811208,1,4.9
152,4.189654742026425,35,1991,1,1,0,0,1,0,0,0,0,0,5.747143570840253,3,5.219562361627795,52,5.5562703567179605,8,5.612521554171957,7,5.1
169,6.456769655572163,15,2011,0,1,0,1,0,1,0,0,0,0,6.028442401902117,1,5.90627035671796,8,6.028442401902117,1,6.028442401902117,1,7.2
148,10.57385217019883,13,2013,0,1,0,0,0,1,0,0,0,0,6.3152047443516635,4,6.110260583720299,1,6.110260583720299,1,6.159405535076941,2,8.1
145,7.747164966520335,8,2018,0,1,0,0,0,1,0,0,0,0,6.3152047443516635,4,6.514947961485934,31,5.939603690051293,8,5.917738868410274,2,5.9
128,4.30406509320417,30,1996,0,1,0,0,0,0,0,0,0,0,5.801072201743608,2,4.91827862617752,29,5.751072201743607,2,5.565784695424972,51,5.3
174,7.103322062526113,34,1992,1,1,0,0,0,1,0,0,0,0,5.988304151307705,6,6.137978611715534,43,5.5565146568369315,15,5.350714801162405,8,6.5
160,9.136586183387521,20,2006,1,0,1,0,0,0,0,1,0,0,5.847524428061552,5,5.813762214030776,20,5.947815671819018,7,5.565784695424972,51,6.6
120,7.160845906664299,8,2018,0,0,0,0,0,1,0,0,1,0,5.8829878564475715,1,6.416514656836931,15,6.000919030065949,4,5.884405535076941,2,5.6
130,3.4339872044851463,16,2010,0,1,0,1,1,0,0,0,0,0,5.864806038265754,1,5.864806038265754,1,5.864806038265754,1,5.864806038265754,1,5.4
137,3.871201010907891,12,2014,0,0,0,0,1,1,0,1,0,0,5.973896947356663,1,5.973896947356663,1,5.973896947356663,1,5.973896947356663,1,6.6
100,5.552959584921617,24,2002,0,1,0,1,1,0,0,0,0,0,5.676072201743608,2,4.990967175706513,55,5.371391221603244,28,5.551072201743608,2,3.7
150,4.962844630259907,38,1988,1,0,0,0,0,0,0,0,0,0,5.831758955455637,3,6.206639201230781,7,5.759580377701369,7,5.744496071203626,24,6.7
110,2.4849066497880004,54,1972,1,1,0,0,1,0,0,0,0,0,5.676072201743608,2,5.838304151307705,6,5.9937622140307765,20,5.842738868410275,2,3.8
120,4.356708826689592,18,2008,1,0,1,0,0,0,0,0,1,0,5.9510722017436075,2,6.491721282179798,73,5.792738868410274,2,5.7102605837202995,1,3.7
190,3.4657359027997265,41,1985,1,0,0,1,0,0,0,0,0,0,5.714898400996347,11,5.782987856447572,1,5.729184115282061,11,5.784887706364383,9,4.5
125,4.77912349311153,10,2016,1,0,0,0,0,0,0,0,0,0,5.864806038265754,1,5.611203495838068,9,5.984405535076941,2,6.367143200774937,17,5.4
130,3.5263605246161616,59,1967,1,1,0,0,0,0,0,0,0,1,5.947143570840253,3,5.918403907113135,7,6.356032089663826,17,5.759405535076941,2,5.5
92,7.438383530044307,11,2015,1,0,0,1,0,0,0,0,0,0,6.008682032378715,3,6.137978611715534,43,5.9437761729230925,4,6.028442401902117,1,7.2
136,7.050989447068045,10,2016,1,0,1,0,0,0,0,0,1,0,5.434191094728219,5,5.325643321046165,10,5.773896947356662,1,5.773896947356662,1,4.4
180,6.371611847231857,28,1998,1,1,0,0,1,0,0,0,0,0,6.210643321046165,10,6.182602372175832,18,5.955253755513655,21,5.700989724686408,3,6.9
130,2.70805020110221,13,2013,1,0,0,0,0,0,0,0,0,0,5.982987856447571,1,5.982987856447571,1,5.700677180048594,9,5.850804151307706,6,6.7
138,10.280827496918445,17,2009,1,0,1,1,0,0,0,0,0,0,6.151072201743607,2,6.296369434205137,14,6.384048134495738,8,6.300919030065949,4,7.6
79,3.367295829986474,9,2017,1,0,0,0,0,0,0,0,0,0,5.942738868410274,2,5.973896947356663,1,5.973896947356663,1,5.973896947356663,1,6.6
147,10.006675710332297,17,2009,0,1,0,0,1,1,0,0,0,0,5.140643321046165,10,5.346112564277431,51,5.778492578940183,8,5.980514656836932,15,6.6
145,3.6109179126442243,42,1984,1,1,0,0,1,0,0,0,0,0,5.682054151307705,6,5.3923579264167305,93,5.948045601101225,9,5.911468511692314,26,6.5
90,4.8283137373023015,6,2020,0,0,0,0,1,1,0,0,0,0,5.984405535076941,2,5.782987856447572,1,5.782987856447572,1,5.782987856447572,1,4.5
178,7.126890808898808,61,1965,1,0,1,0,0,0,0,0,0,0,6.641027075653853,22,6.229837873202802,34,6.565643321046164,10,6.1937761729230925,4,7.8
148,7.2991214627108,33,1993,0,1,1,1,0,0,0,0,0,0,5.829490458637379,4,5.528400721966557,82,5.316563957322251,27,5.950919030065949,4,6.0
156,4.584967478670572,38,1988,1,1,0,0,1,0,0,0,0,0,5.619152075653853,22,5.661825912273516,8,5.700677180048594,9,5.795201703100598,29,6.3
156,3.332204510175204,45,1981,1,1,0,0,1,0,0,0,0,0,6.355130291860149,12,6.471632800332116,53,5.704030943604403,18,6.084549116340087,28,5.9
153,9.156834104453042,21,2005,1,0,0,1,0,0,1,0,0,0,5.757054151307706,6,6.128944742530841,101,5.711656055020984,34,5.558869434205136,14,6.8
154,9.947265174882016,7,2019,0,1,0,0,0,1,0,0,0,1,5.932054151307705,6,6.114236773135286,19,5.901072201743607,2,5.964806038265754,1,6.5
148,4.867534450455582,24,2002,0,0,0,0,0,0,0,0,0,0,6.740857761394887,5,6.10116967462939,1,7.047450176569067,83,6.927791280160949,120,8.0
119,6.842683282238422,13,2013,0,0,0,1,0,0,0,0,0,0,5.8677388684102745,2,5.325643321046165,10,5.995159245606849,8,5.436948473678331,12,5.4
133,3.9512437185814275,45,1981,0,1,0,0,0,1,0,0,0,0,5.968316657890118,18,5.3923579264167305,93,5.726072201743608,2,5.5700868612400996,23,6.8
122,2.302585092994046,72,1954,1,0,0,0,0,0,1,0,0,0,6.236050965936664,7,6.043776172923093,4,6.236050965936664,7,6.154191094728219,5,6.4
109,5.4680601411351315,13,2013,0,0,0,0,0,1,0,0,0,1,5.662528186224869,3,5.792078765538481,1,5.792078765538481,1,5.792078765538481,1,4.6
95,4.584967478670572,51,1975,0,1,0,0,0,1,0,0,0,0,6.212514656836931,15,6.603274868014205,55,6.313861254619549,27,6.3628786032973625,57,7.1
136,5.68697535633982,10,2016,0,1,0,0,0,1,0,0,0,0,5.859405535076941,2,5.746624220083936,1,5.746624220083936,1,6.008690733914536,26,4.1
149,4.6913478822291435,39,1987,1,1,0,0,0,1,0,0,0,0,5.527662618815857,23,6.229837873202802,34,6.208601383769235,38,5.795201703100598,29,5.7
117,9.579279798734897,21,2005,1,0,0,0,0,0,0,0,0,0,6.220857761394885,5,6.073896947356662,1,5.732403019132877,12,6.041933318877841,7,7.7
103,9.787515376283707,10,2016,1,1,0,0,1,0,0,0,0,0,6.222347601494521,4,6.128944742530841,101,6.408061887208807,4,5.95940553507694,2,7.1
115,7.998335395952982,16,2010,1,0,0,1,0,0,1,0,0,0,6.017738868410274,2,5.521729811627541,9,6.129702767538471,14,6.044554151307706,6,5.6
110,2.6390573296152584,20,2006,1,0,0,0,0,0,0,0,0,0,5.810260583720299,1,5.810260583720299,1,5.810260583720299,1,5.810260583720299,1,4.8
108,4.418840607796598,9,2017,1,0,0,0,0,0,0,0,0,0,6.051072201743608,2,6.182602372175832,18,5.900584837314695,12,5.536633315780235,4,4.9
124,5.225746673713202,11,2015,0,0,1,1,0,0,0,0,0,0,5.7193514928112075,1,5.7193514928112075,1,5.7193514928112075,1,5.662528186224869,3,3.8
159,9.879604612072796,19,2007,0,0,1,1,0,0,0,0,0,0,5.578820279170578,13,5.528400721966557,82,5.811173800747261,18,6.169098232680173,9,6.9
131,7.024649030453636,11,2015,0,1,0,1,0,0,0,0,0,0,5.642738868410274,2,5.430994192214055,13,5.764806038265753,1,5.764806038265753,1,4.3
152,8.640648995343156,11,2015,0,1,0,1,1,0,0,0,0,0,5.578820279170578,13,6.131652075653853,22,5.532731365321274,24,6.169098232680173,9,4.2
126,7.789040401657477,6,2020,1,0,0,0,1,0,0,0,0,0,6.055715129174845,1,6.055715129174845,1,6.055715129174845,1,6.055715129174845,1,7.5
117,2.4849066497880004,8,2018,0,0,0,0,1,1,0,0,1,0,5.9193514928112085,1,5.9193514928112085,1,5.9193514928112085,1,5.751072201743607,2,6.0
78,2.302585092994046,6,2020,1,0,0,0,0,0,0,0,0,0,6.0920787655384805,1,6.0920787655384805,1,6.0920787655384805,1,6.0920787655384805,1,7.9
109,4.897839799950911,14,2012,1,0,1,0,0,1,0,0,0,0,5.846624220083935,1,5.846624220083935,1,5.846624220083935,1,5.846624220083935,1,5.2
118,6.652863029353347,8,2018,1,0,0,1,0,0,0,0,0,0,5.351072201743608,2,5.519351492811208,1,5.519351492811208,1,5.147524428061553,5,1.6
133,8.038189179973203,18,2008,1,0,0,1,0,0,0,0,0,0,6.8068666587394615,21,5.611203495838068,9,5.947815671819018,7,5.825804151307706,6,6.9
144,7.466227556215481,17,2009,0,0,0,1,0,0,0,0,0,0,6.8068666587394615,21,5.767738868410274,2,6.147143570840253,3,5.908682032378715,3,7.3
92,6.393590753950631,7,2019,1,0,0,0,0,0,0,0,0,0,5.864806038265754,1,5.864806038265754,1,5.864806038265754,1,6.059405535076941,2,5.4
115,6.513230110912307,20,2006,1,0,0,0,0,0,0,0,0,0,5.964806038265754,1,6.314898400996348,11,5.850536100871803,14,6.177227436524899,7,6.5
98,5.2574953720277815,13,2013,1,0,0,1,0,0,0,0,0,1,5.662528186224869,3,5.859405535076941,2,5.828442401902118,1,5.990643321046164,10,5.0
195,7.873978379604501,17,2009,1,0,1,1,0,0,0,0,0,0,5.888992142407253,7,5.5941910947282185,5,5.3349264283077,19,5.792078765538481,1,4.6
75,5.1298987149230735,13,2013,0,0,0,0,0,0,1,0,0,0,6.010260583720299,1,6.010260583720299,1,7.047450176569067,83,6.927791280160949,120,7.0
101,4.477336814478207,18,2008,1,0,1,0,0,0,0,0,0,0,5.819351492811208,1,5.819351492811208,1,5.819351492811208,1,5.819351492811208,1,4.9
192,9.348971240145405,37,1989,1,0,1,0,0,0,0,1,0,0,5.847524428061552,5,5.346112564277431,51,6.037533310993027,1,5.858061887208806,4,7.3
116,3.5553480614894135,8,2018,0,0,0,1,0,0,0,0,0,0,5.851072201743608,2,5.819351492811208,1,5.900804151307705,6,5.819351492811208,1,4.9
154,7.859413154693583,28,1998,1,0,1,1,0,0,0,0,0,0,5.739451263147946,3,5.346112564277431,51,5.275643321046164,10,5.87234760149452,4,5.8
112,4.430816798843313,9,2017,1,0,0,0,0,0,0,0,0,0,6.052733322648839,13,5.873896947356664,1,5.873896947356664,1,5.873896947356664,1,5.5
83,3.4657359027997265,10,2016,0,0,0,0,0,0,1,0,0,0,6.055715129174845,1,7.100201037826927,54,7.047450176569067,83,6.927791280160949,120,7.5
94,4.68213122712422,22,2004,1,0,0,0,0,0,0,0,0,0,5.992078765538481,1,5.992078765538481,1,5.992078765538481,1,6.008682032378715,3,6.8
153,5.564520407322694,8,2018,0,0,0,0,0,0,0,0,1,0,5.8375333109930265,1,5.8375333109930265,1,5.8375333109930265,1,5.614191094728219,5,5.1
130,2.772588722239781,15,2011,0,0,0,0,0,1,0,0,0,0,5.70940553507694,2,5.8260722017436075,2,5.728442401902117,1,5.728442401902117,1,3.9
121,7.8009820712577405,7,2019,1,0,0,0,1,0,0,0,0,0,5.808682032378714,3,5.543224754883523,25,5.9193514928112085,1,5.95940553507694,2,6.0
135,4.736198448394496,14,2012,0,0,0,1,0,0,0,0,0,0,5.620857761394886,5,5.611203495838068,9,5.901072201743607,2,5.839451263147946,3,4.5
94,4.2626798770413155,8,2018,1,0,0,0,0,0,0,0,0,0,6.192078765538482,1,6.192078765538482,1,6.192078765538482,1,6.192078765538482,1,9.0
145,5.739792912179234,23,2003,1,1,0,1,0,0,0,0,0,0,5.729490458637378,4,5.777912801609484,3,5.967738868410275,2,5.859405535076941,2,6.4
93,4.812184355372417,6,2020,1,0,0,0,0,0,0,0,0,0,5.827524428061553,5,5.810260583720299,1,5.810260583720299,1,5.810260583720299,1,4.8
120,3.1780538303479458,20,2006,1,0,1,0,0,0,0,0,0,0,5.95940553507694,2,5.947143570840253,3,5.937533310993026,1,5.937533310993026,1,6.2
139,7.044032897274685,43,1983,1,0,1,0,0,0,0,0,0,0,6.216466653732805,9,5.644648673347989,53,5.743469829567776,11,6.400402075653853,22,7.6
121,2.3978952727983707,43,1983,0,0,1,0,0,0,0,0,0,0,5.174472453083621,13,5.3923579264167305,93,5.8460393827692405,12,6.3628786032973625,57,4.6
140,6.8679744089702925,62,1964,1,0,1,0,0,0,0,0,1,0,6.321888086461547,18,6.208682032378714,3,6.500584837314696,12,6.154835878532561,3,7.6
156,7.176254532017144,20,2006,1,0,1,0,0,0,0,0,0,0,6.032403019132877,12,5.936948473678331,12,6.193297416994099,3,5.900989724686407,3,6.4
142,3.4339872044851463,52,1974,0,0,0,0,0,1,0,0,0,0,6.405130291860149,12,6.186326972424918,11,5.837304297111666,52,6.019351492811208,1,7.1
150,3.4965075614664802,22,2004,0,0,1,0,0,0,0,0,0,0,5.60627035671796,8,5.955715129174845,1,5.751072201743607,2,5.776072201743607,2,6.4
82,2.8903717578961645,37,1989,0,0,0,0,0,0,0,0,0,0,5.450919030065949,4,5.428492578940183,8,5.5471435708402534,3,5.6738969473566625,1,3.3
120,2.70805020110221,13,2013,1,0,0,0,0,0,1,0,0,0,6.064806038265754,1,6.064806038265754,1,6.064806038265754,1,6.064806038265754,1,7.6
92,4.672828834461906,5,2021,0,0,0,0,0,0,0,0,0,0,6.110260583720299,1,6.110260583720299,1,6.110260583720299,1,6.110260583720299,1,8.1
121,4.060443010546419,23,2003,0,0,0,0,0,1,0,0,1,0,5.728442401902117,1,5.747143570840253,3,5.728442401902117,1,5.728442401902117,1,3.9
93,3.713572066704308,7,2019,0,0,0,0,0,1,0,0,0,0,4.923312110041968,12,5.682987856447571,1,5.476072201743608,2,6.927791280160949,120,3.4
97,3.9318256327243257,6,2020,0,0,0,0,0,1,0,0,0,0,5.619351492811209,1,5.619351492811209,1,5.6856433210461645,10,5.619351492811209,1,2.7
105,6.448889394146858,11,2015,1,0,1,0,0,0,0,0,1,0,6.070220493917176,3,5.846624220083935,1,5.846624220083935,1,5.846624220083935,1,5.2
152,6.683360945766275,23,2003,0,0,0,1,0,0,0,0,0,0,6.210643321046165,10,5.325643321046165,10,5.885605109301792,3,5.89207876553848,1,5.7
137,6.80903930604298,18,2008,1,0,0,0,1,1,0,0,0,0,6.210643321046165,10,5.888514656836931,15,6.095414022153857,9,5.850804151307706,6,7.7
120,5.631211781821365,12,2014,1,1,0,0,1,0,0,0,0,0,5.420857761394886,5,5.910260583720299,1,5.910260583720299,1,5.910260583720299,1,5.9
153,4.672828834461906,34,1992,1,0,1,0,0,0,0,0,0,0,5.77419109472822,5,5.907524428061553,5,5.964806038265754,1,5.825804151307706,6,6.5
171,8.106816038947052,25,2001,1,0,1,0,0,0,0,1,0,0,6.089745229318689,18,6.114236773135286,19,5.217024067247869,26,5.8043410161893565,16,4.4
128,2.9444389791664403,42,1984,1,0,0,0,0,0,0,0,0,0,5.581264093112434,16,6.229837873202802,34,6.594801845025647,26,5.782602372175831,18,5.4
153,5.834810737062605,12,2014,0,1,0,0,0,1,0,0,0,0,5.692078765538481,1,5.692078765538481,1,5.692078765538481,1,5.854191094728219,5,3.5
155,4.795790545596741,32,1994,1,1,0,0,0,0,0,0,0,0,5.595643321046164,10,5.644496071203626,24,5.8677388684102745,2,5.554835878532561,3,3.7
138,2.3978952727983707,54,1972,1,1,1,0,0,0,0,0,0,0,5.833946020043966,11,5.4725802696012575,88,5.9937622140307765,20,6.0008041513077055,6,4.2
130,8.282988692742602,6,2020,1,1,0,0,1,0,0,0,0,0,6.195850781948728,11,5.95958037770137,7,6.062528186224868,3,5.946624220083936,1,6.3
108,5.480638923341991,11,2015,0,0,1,0,0,0,0,0,0,0,5.667738868410274,2,5.8829878564475715,1,5.9927388684102745,2,5.8829878564475715,1,5.6
138,7.424761761823209,45,1981,1,1,0,1,0,0,0,0,0,0,5.888992142407253,7,6.128944742530841,101,5.942802554650895,16,6.332403019132877,12,7.1
145,8.067149039910106,12,2014,1,0,1,0,0,0,0,0,0,0,5.417738868410274,2,5.42406664776333,3,5.619351492811209,1,5.619351492811209,1,2.7
150,2.302585092994046,49,1977,0,1,0,0,0,0,0,0,0,0,6.421369434205137,14,5.570966659438921,24,6.1657768009097085,13,6.292202767538471,14,7.0
137,3.4965075614664802,41,1985,0,1,0,0,0,0,0,0,0,0,5.785605109301792,3,5.3923579264167305,93,6.313861254619549,27,5.5700868612400996,23,6.0
151,6.22455842927536,11,2015,0,0,0,0,0,1,0,0,0,0,5.973896947356663,1,5.973896947356663,1,5.973896947356663,1,5.795201703100598,29,6.6
115,5.501258210544727,6,2020,0,0,0,1,0,0,0,0,0,0,5.8375333109930265,1,5.8375333109930265,1,5.8375333109930265,1,5.8375333109930265,1,5.1
170,5.37989735354046,68,1958,1,1,1,0,0,0,0,0,0,0,6.709675746405605,12,6.1937761729230925,4,6.487515931344491,13,6.12406664776333,3,7.2
138,4.454347296253507,57,1969,0,1,1,0,1,0,0,0,0,0,6.3910888771868235,11,5.921342085059831,89,6.724115867164841,32,6.271345083583723,7,7.0
116,6.54965074223381,21,2005,1,0,0,0,0,1,0,0,0,0,5.767738868410274,2,5.563439497071233,17,5.3349264283077,19,5.654835878532561,3,5.1
90,3.4011973816621555,14,2012,0,0,1,0,0,0,0,0,0,0,5.6738969473566625,1,5.6738969473566625,1,5.6738969473566625,1,5.447143570840253,3,3.3
192,6.040254711277414,34,1992,1,1,0,0,0,1,0,0,0,0,5.684048134495738,8,5.89396343293301,21,5.231796183454951,25,5.521729811627541,9,5.4
77,2.772588722239781,12,2014,1,0,0,0,0,0,0,0,0,0,5.982987856447571,1,5.982987856447571,1,5.982987856447571,1,5.982987856447571,1,6.7
120,2.4849066497880004,25,2001,1,0,0,0,1,0,0,0,0,0,5.664806038265754,1,5.285605109301792,3,5.664806038265754,1,5.793297416994099,3,3.2
154,7.507141079727608,13,2013,0,1,0,1,0,0,0,0,0,0,5.3007568482896055,7,5.921342085059831,89,5.5565146568369315,15,5.250714801162405,8,3.4
145,7.00397413672268,8,2018,1,1,0,1,0,0,0,0,0,0,5.793776172923093,4,5.921342085059831,89,5.5565146568369315,15,5.250714801162405,8,4.5
125,5.84354441703136,31,1995,1,1,0,0,0,0,0,1,0,0,5.361036596488693,41,5.939515471802202,46,5.955253755513655,21,5.744496071203626,24,4.7
132,2.6390573296152584,30,1996,0,0,0,0,0,0,0,1,0,0,5.759405535076941,2,5.759405535076941,2,5.909405535076941,2,6.10091903006595,4,5.4
117,2.70805020110221,11,2015,0,0,0,1,0,0,0,0,0,0,5.928442401902117,1,5.928442401902117,1,5.928442401902117,1,5.928442401902117,1,6.1
175,2.3978952727983707,51,1975,1,0,0,0,0,0,1,0,0,0,5.773896947356662,1,5.773896947356662,1,5.773896947356662,1,5.453698024760193,7,4.4
173,5.288267030694535,38,1988,1,1,0,0,0,0,0,0,0,0,6.071345083583723,7,5.219562361627795,52,5.532256127417016,9,5.900378424144803,24,6.3
129,4.890349128221754,20,2006,1,0,0,0,0,0,0,0,0,0,6.400804151307705,6,5.630428880697443,20,6.324514656836932,15,5.9695541513077055,6,6.4
106,2.3978952727983707,15,2011,0,0,1,0,0,0,0,0,0,0,5.792078765538481,1,5.792078765538481,1,5.792078765538481,1,5.792078765538481,1,4.6
126,4.7535901911063645,10,2016,1,1,0,1,0,0,0,0,0,0,5.601072201743608,2,5.593762214030777,20,5.682987856447571,1,5.458571916890699,9,3.4
117,7.027314514039777,6,2020,1,0,0,0,0,0,0,0,0,0,6.064806038265754,1,6.064806038265754,1,6.064806038265754,1,5.83440553507694,2,7.6
150,3.6635616461296463,42,1984,1,1,0,0,0,0,0,0,0,0,5.527662618815857,23,5.4725802696012575,88,5.9932974169941,3,6.2266463661271,13,5.8
147,5.303304908059076,23,2003,1,0,1,0,0,0,0,0,0,0,5.728442401902117,1,4.900514656836932,15,5.684405535076941,2,5.728442401902117,1,3.9
152,5.6131281063880705,24,2002,0,1,1,0,0,0,0,0,0,0,5.60627035671796,8,5.900989724686407,3,5.764806038265753,1,5.788613718262449,24,4.3
116,2.995732273553991,63,1963,1,0,1,0,0,0,0,0,0,0,5.864806038265754,1,6.249591938691465,81,5.979490458637378,4,6.350584837314695,12,5.4
98,2.3978952727983707,12,2014,1,1,0,0,1,0,0,0,0,0,5.955715129174845,1,5.955715129174845,1,5.955715129174845,1,5.892738868410274,2,6.4
155,8.37770121259764,32,1994,1,0,0,1,0,0,0,1,0,0,5.550919030065949,4,5.788992142407252,7,5.711656055020984,34,5.875643321046164,10,6.0
107,4.465908118654584,15,2011,1,0,1,0,0,0,0,0,0,0,5.80116967462939,1,5.80116967462939,1,5.80116967462939,1,5.80116967462939,1,4.7
134,3.4011973816621555,54,1972,1,1,0,0,0,0,0,0,0,0,5.833946020043966,11,6.603274868014205,55,6.724115867164841,32,6.3628786032973625,57,6.8
95,5.455321115357702,12,2014,1,0,0,1,0,0,0,0,0,0,5.70116967462939,1,5.767738868410274,2,5.70116967462939,1,5.70116967462939,1,3.6
90,2.302585092994046,23,2003,0,0,0,0,0,0,0,0,0,1,6.093776172923092,4,5.780643321046165,10,5.784405535076941,2,5.973896947356663,1,6.6
128,5.170483995038151,9,2017,1,1,0,0,0,0,0,0,0,1,5.846624220083935,1,5.559405535076941,2,5.842738868410275,2,5.505940337943332,9,5.2
165,7.8013913202914855,24,2002,1,0,1,1,0,0,0,0,0,0,5.361036596488693,41,5.939515471802202,46,5.44664870849705,16,5.230168612995488,7,4.7
82,4.2626798770413155,17,2009,0,0,0,1,0,0,1,0,0,0,6.055715129174845,1,7.100201037826927,54,7.047450176569067,83,6.927791280160949,120,7.5
148,5.575949103146316,27,1999,0,1,1,1,0,0,0,0,0,0,5.785976865733128,39,5.644496071203626,24,5.275643321046164,10,5.350714801162405,8,4.4
108,2.4849066497880004,25,2001,0,0,0,0,1,0,0,0,0,0,5.6738969473566625,1,5.6738969473566625,1,5.542738868410274,2,5.6738969473566625,1,3.3
160,10.593228939961241,13,2013,1,0,1,0,0,0,0,1,0,0,6.151072201743607,2,6.296369434205137,14,6.025536100871804,14,5.8677388684102745,2,7.1
147,4.343805421853684,14,2012,1,0,0,0,0,0,0,0,0,0,5.962528186224868,3,5.695643321046164,10,5.750919030065949,4,5.759405535076941,2,5.2
140,2.772588722239781,46,1980,1,0,0,0,0,0,0,0,0,0,5.714898400996347,11,5.826992969522278,9,6.288118693193251,31,5.826992969522278,9,4.4
133,2.3978952727983707,8,2018,1,0,0,0,0,0,0,0,0,0,5.928442401902117,1,5.888304151307706,6,5.928442401902117,1,5.962528186224868,3,6.1
160,3.4965075614664802,24,2002,1,0,1,0,0,0,0,1,0,0,5.7193514928112075,1,5.522347601494521,4,5.7193514928112075,1,5.7193514928112075,1,3.8
135,7.400620577371135,22,2004,1,0,1,0,0,0,0,0,1,0,5.700989724686408,3,5.7102605837202995,1,6.144037670474925,13,5.673571785420127,16,3.7
139,7.102499355774649,30,1996,1,0,1,0,0,0,0,0,0,0,5.728492578940183,8,5.346112564277431,51,5.340428880697443,20,5.450919030065949,4,4.9
149,6.530877627725885,25,2001,1,1,1,0,0,0,0,0,0,0,5.095159245606849,8,5.396410830261542,70,5.955253755513655,21,6.006639201230782,7,4.1
117,2.8903717578961645,34,1992,0,0,0,0,0,0,0,0,0,0,5.682987856447571,1,5.4725802696012575,88,5.7380361008718035,14,5.342782443206489,9,3.4
150,3.912023005428146,63,1963,1,0,1,0,1,0,0,0,0,0,6.0080618872088065,4,6.47834521208835,91,6.24603938276924,12,5.9193514928112085,1,6.0
137,8.09132127353041,7,2019,1,0,1,0,0,1,0,0,0,0,6.10116967462939,1,6.10116967462939,1,6.20940553507694,2,6.10116967462939,1,8.0
130,8.4096079807363,15,2011,1,0,0,0,1,1,0,0,0,0,6.314221200951058,12,6.693069126700863,17,5.939451263147945,3,6.067738868410274,2,7.5
92,6.2166061010848646,7,2019,0,0,0,1,0,0,0,0,0,0,5.901072201743607,2,6.155715129174845,1,6.155715129174845,1,6.155715129174845,1,8.6
136,3.5553480614894135,44,1982,1,1,0,1,0,0,0,0,0,0,5.527662618815857,23,6.514947961485934,31,5.94664870849705,16,5.463835074785436,9,6.5
138,5.7430031878094825,44,1982,1,0,1,0,0,0,0,1,0,0,5.901072201743607,2,5.939515471802202,46,5.948045601101225,9,5.9356433210461645,10,7.2
146,4.990432586778736,25,2001,1,0,1,0,0,0,0,0,0,0,5.900804151307705,6,5.646624220083935,1,5.796514656836931,15,5.646624220083935,1,3.0
159,2.302585092994046,60,1966,1,0,1,0,0,1,0,0,0,0,6.0080618872088065,4,5.963304151307705,6,5.900989724686407,3,5.955643321046165,10,5.2
132,2.70805020110221,21,2005,0,0,0,0,0,1,0,0,0,0,5.810260583720299,1,5.810260583720299,1,5.82406664776333,3,5.244554151307705,6,4.8
133,4.7535901911063645,49,1977,1,0,0,1,0,0,0,0,0,0,6.016374340071023,3,6.471632800332116,53,6.208061887208806,4,6.271345083583723,7,6.4
163,9.45053767785622,29,1997,1,0,0,1,0,0,0,1,0,0,6.0475244280615525,5,6.437236226541811,36,5.843474236839166,34,5.190643321046164,10,6.8
145,6.96979066990159,29,1997,1,1,0,0,1,0,0,0,0,0,5.747143570840253,3,6.182602372175832,18,5.920857761394886,5,6.029490458637378,4,7.2
142,5.093750200806762,35,1991,1,1,0,0,0,0,0,0,0,0,5.552514656836931,15,5.219562361627795,52,5.231796183454951,25,5.729490458637378,4,4.6
119,7.286191714702382,10,2016,1,0,0,1,0,0,0,0,0,0,6.082987856447573,1,6.093776172923092,4,5.970220493917177,3,6.082987856447573,1,7.8
133,7.519692404116539,12,2014,1,0,1,0,0,0,0,0,0,0,6.031758955455638,3,5.600857761394886,5,5.620857761394886,5,5.90091903006595,4,5.1
175,6.6895992691789665,25,2001,1,0,0,1,0,0,0,0,0,0,6.1977658056647,29,4.91827862617752,29,5.2269929695222785,9,5.570321660523082,30,5.7
84,4.634728988229636,8,2018,1,0,0,0,0,0,0,0,0,0,6.017738868410274,2,5.910260583720299,1,5.910260583720299,1,6.200989724686408,3,5.9
124,2.772588722239781,10,2016,1,0,0,0,0,0,0,0,0,0,6.010260583720299,1,6.010260583720299,1,5.9510722017436075,2,6.010260583720299,1,7.0
155,5.1647859739235145,41,1985,1,1,0,0,1,0,0,0,0,0,5.988304151307705,6,5.333601383769235,38,5.532731365321274,24,5.99419109472822,5,6.2
75,2.3978952727983707,5,2021,1,1,0,0,1,0,0,0,0,0,6.073896947356662,1,6.073896947356662,1,6.487515931344491,13,6.073896947356662,1,7.7
161,9.058237593766226,22,2004,1,1,0,0,0,1,0,0,0,0,6.229490458637378,4,5.396410830261542,70,6.1428025546508955,16,6.0375192853117525,9,7.4
154,3.9318256327243257,47,1979,1,1,0,0,0,0,0,0,0,1,5.810260583720299,1,5.790996893509845,33,5.942802554650895,16,5.521729811627541,9,4.8
151,8.330381569349418,18,2008,1,0,0,1,0,0,0,1,0,0,6.089745229318689,18,5.346112564277431,51,5.532731365321274,24,5.329490458637379,4,4.1
131,6.331501849893691,32,1994,1,1,0,0,0,0,0,0,0,0,5.2951592456068495,8,5.528400721966557,82,5.920857761394886,5,5.876072201743607,2,4.9
159,4.624972813284271,41,1985,1,1,0,0,0,0,0,0,0,0,6.390643321046165,10,6.471632800332116,53,5.5565146568369315,15,5.777912801609484,3,5.3
163,4.634728988229636,36,1990,1,1,0,0,0,0,0,0,0,0,5.667738868410274,2,5.4725802696012575,88,5.82406664776333,3,5.500514656836932,15,4.6
125,8.00903068506973,28,1998,1,0,0,0,0,0,0,0,0,0,5.785976865733128,39,5.396410830261542,70,5.8788202791705775,13,6.070220493917176,3,7.9
132,4.0943445622221,38,1988,1,0,0,0,0,1,0,0,0,0,5.937533310993026,1,5.854191094728219,5,5.500459515032975,18,5.565784695424972,51,6.2
151,6.118097198041348,32,1994,1,1,1,0,0,0,0,0,0,0,5.737533310993026,1,5.528400721966557,82,5.747143570840253,3,5.825804151307706,6,4.0
125,2.833213344056216,33,1993,0,0,0,0,0,0,0,0,0,0,5.828442401902118,1,5.828442401902118,1,5.7580618872088065,4,5.964221200951059,12,5.0
131,3.4965075614664802,33,1993,1,1,0,0,1,0,0,0,0,0,5.80116967462939,1,4.990967175706513,55,5.532256127417016,9,5.469098232680173,9,4.7
120,2.302585092994046,46,1980,0,1,0,0,0,0,0,0,1,0,5.605374591472538,11,5.934405535076941,2,5.858479561965267,21,6.3628786032973625,57,5.6
169,4.3694478524670215,38,1988,0,1,0,0,0,0,0,0,0,1,5.877912801609484,3,5.921342085059831,89,5.9193514928112085,1,6.084549116340087,28,6.0
162,7.563200592358071,31,1995,1,1,0,1,0,0,0,0,0,0,6.090643321046164,10,5.4725802696012575,88,5.819266660024954,27,6.069554151307706,6,4.9
127,2.302585092994046,49,1977,1,1,0,0,0,1,0,0,0,0,5.8152047443516635,4,5.4725802696012575,88,5.983224754883523,25,5.463835074785436,9,3.8
175,4.990432586778736,45,1981,0,0,1,0,0,1,0,0,0,0,6.390643321046165,10,5.939515471802202,46,5.743469829567776,11,5.720514656836932,15,6.8
154,3.871201010907891,41,1985,1,1,0,0,1,0,0,0,0,0,6.1258041513077055,6,6.491721282179798,73,6.244152075653853,22,5.9356433210461645,10,6.3
172,4.204692619390966,32,1994,1,1,1,0,0,0,0,0,0,0,5.684405535076941,2,5.356708208998889,59,5.371391221603244,28,5.858061887208806,4,5.5
154,7.292337176173877,23,2003,0,1,0,0,0,1,0,0,0,1,5.8092550617792735,13,5.396410830261542,70,6.1428025546508955,16,5.705374591472538,11,5.3
134,2.9444389791664403,54,1972,1,1,0,0,1,0,0,0,0,0,5.9193514928112085,1,6.47834521208835,91,6.24603938276924,12,6.121888086461546,18,6.0
133,3.8066624897703196,42,1984,1,0,0,0,0,0,1,0,0,0,5.829490458637379,4,6.249591938691465,81,5.9937622140307765,20,6.121888086461546,18,5.5
136,5.8377304471659395,51,1975,1,1,0,0,0,0,0,0,0,0,5.995414022153857,9,6.6843833277482565,34,6.364745229318689,18,6.367143200774937,17,6.2
137,5.799092654460526,21,2005,1,0,1,0,0,0,0,0,0,0,5.646624220083935,1,5.396410830261542,70,4.709255061779273,13,5.526992969522278,9,3.0
166,1.9459101490553132,83,1943,0,0,0,0,0,0,0,0,1,0,5.82406664776333,3,5.870220493917175,3,5.6738969473566625,1,5.762528186224869,3,3.3
145,8.224163512637862,53,1973,1,1,0,0,1,0,0,0,0,0,6.069725631573973,16,6.128944742530841,101,6.6445146568369315,15,6.3628786032973625,57,7.6
137,7.790282380703483,13,2013,1,1,0,0,1,0,0,0,0,0,5.420857761394886,5,5.664806038265754,1,5.3349264283077,19,5.500514656836932,15,3.2
168,6.368187186350492,33,1993,1,0,0,1,0,0,0,0,0,0,6.042738868410274,2,5.877912801609483,3,6.101072201743608,2,6.064806038265754,1,7.6
115,2.0794415416798357,13,2013,1,0,0,0,0,0,0,0,0,0,5.946624220083936,1,5.946624220083936,1,5.946624220083936,1,5.946624220083936,1,6.3
149,4.543294782270004,43,1983,1,0,1,0,0,0,1,0,0,0,6.382054151307706,6,6.514947961485934,31,5.563835074785437,9,6.073896947356662,1,7.7
140,2.70805020110221,54,1972,1,0,0,0,0,0,0,0,0,0,5.826992969522278,9,5.876072201743607,2,6.009405535076941,2,5.900378424144803,24,6.4
141,6.1092475827643655,12,2014,0,0,0,1,0,0,0,0,0,0,6.177912801609484,3,5.8677388684102745,2,5.955715129174845,1,6.37234760149452,4,6.4
132,7.569411792450712,21,2005,1,0,0,0,1,0,0,0,1,0,6.032403019132877,12,5.543224754883523,25,5.864806038265754,1,5.809405535076941,2,5.4
131,4.406719247264253,52,1974,1,0,1,0,0,0,0,0,0,0,6.019351492811208,1,5.939515471802202,46,6.1718880864615455,18,6.206270356717961,8,7.1
164,10.117993910454674,8,2018,1,0,1,1,0,0,0,0,0,0,6.0941910947282185,5,6.437236226541811,36,6.10627035671796,8,5.686633315780235,4,5.4
129,2.9444389791664403,32,1994,1,0,1,0,0,0,0,0,0,0,5.728492578940183,8,5.901072201743607,2,5.80116967462939,1,6.228492578940183,8,4.7
126,7.00850518208228,12,2014,0,0,1,0,1,1,0,0,0,0,5.724286260054311,7,5.773896947356662,1,5.884405535076941,2,5.773896947356662,1,4.4
150,3.8066624897703196,62,1964,0,0,1,0,0,0,0,1,0,0,6.212514656836931,15,5.85958037770137,7,6.438036100871805,14,6.269725631573973,16,6.9
170,7.347299700743164,29,1997,1,1,0,0,0,0,0,0,0,0,5.278820279170577,13,5.219562361627795,52,5.371391221603244,28,5.565784695424972,51,5.8
142,7.171656822768514,13,2013,0,1,0,0,1,1,0,0,0,0,5.559405535076941,2,5.70116967462939,1,5.529184115282062,11,5.70116967462939,1,3.6
142,2.302585092994046,68,1958,1,0,0,0,0,1,0,0,0,1,5.700643321046165,10,5.731758955455637,3,5.85091903006595,4,5.810260583720299,1,4.8
136,1.9459101490553132,66,1960,1,0,0,0,0,0,0,0,0,0,5.984048134495739,8,5.731758955455637,3,5.85091903006595,4,5.870220493917175,3,5.3
116,8.106212902619962,20,2006,1,1,0,0,0,0,0,0,1,0,5.743469829567776,11,5.356708208998889,59,5.732403019132877,12,5.594191094728219,5,4.9
125,3.9512437185814275,51,1975,0,1,1,0,0,0,0,0,0,0,6.100989724686406,3,5.939515471802202,46,5.942802554650895,16,5.967738868410275,2,7.1
112,2.302585092994046,40,1986,1,0,0,0,0,0,0,0,0,0,5.728442401902117,1,5.728442401902117,1,5.728442401902117,1,5.8007568482896055,7,3.9
131,3.332204510175204,40,1986,1,0,0,0,0,0,0,0,0,0,6.019351492811208,1,6.023907835909508,24,5.576869498317517,37,5.6831097894660765,7,7.1
157,3.9318256327243257,62,1964,1,0,0,0,0,0,1,1,0,0,6.187524428061552,5,6.306652075653853,22,6.390643321046165,10,6.322347601494521,4,6.5
120,2.5649493574615367,86,1940,1,0,0,0,0,0,0,0,0,0,6.147143570840253,3,6.138304151307706,6,6.010260583720299,1,6.010260583720299,1,7.0
139,3.295836866004329,50,1976,1,0,1,0,0,0,0,0,0,0,6.355130291860149,12,6.346888086461546,18,6.453319600615392,24,6.061173800747261,18,6.8
118,2.1972245773362196,26,2000,0,0,1,0,0,0,0,0,0,0,5.711203495838068,9,5.628442401902117,1,5.676072201743608,2,5.628442401902117,1,2.8
130,5.393627546352362,13,2013,1,0,0,1,0,0,0,0,0,0,4.923312110041968,12,5.619351492811209,1,5.747143570840253,3,5.619351492811209,1,2.7
134,1.791759469228055,61,1965,1,0,0,0,0,0,0,0,0,0,5.947143570840253,3,5.984405535076941,2,5.9193514928112085,1,5.970220493917177,3,6.0
120,3.5263605246161616,38,1988,0,0,0,0,0,0,0,1,0,0,6.2427388684102745,2,6.409201953556568,24,6.342024067247869,26,6.119351492811208,1,8.2
117,1.9459101490553132,13,2013,0,0,0,1,0,0,0,0,0,0,5.685605109301791,3,5.7102605837202995,1,5.900804151307705,6,5.7102605837202995,1,3.7
126,3.9512437185814275,24,2002,1,0,0,0,0,0,1,0,0,0,5.873896947356664,1,5.873896947356664,1,5.873896947356664,1,5.884514656836932,15,5.5
155,11.161166986811313,15,2011,1,0,0,1,0,0,0,0,0,0,6.2772274365249,7,6.114236773135286,19,6.408061887208807,4,6.059405535076941,2,8.2
120,3.5263605246161616,14,2012,0,0,1,0,0,0,0,0,0,0,5.325804151307706,6,5.3923579264167305,93,5.8460393827692405,12,5.773896947356662,1,4.4
120,2.6390573296152584,7,2019,0,0,0,0,0,0,1,0,0,0,5.9193514928112085,1,5.9193514928112085,1,5.9193514928112085,1,5.9193514928112085,1,6.0
140,2.0794415416798357,26,2000,1,0,0,0,0,0,0,0,0,0,5.89207876553848,1,5.89207876553848,1,5.984405535076941,2,5.850804151307706,6,5.7
109,5.863631175598097,15,2011,0,1,0,0,0,0,1,0,0,1,5.976072201743608,2,5.737533310993026,1,5.640643321046165,10,5.731758955455637,3,4.0
100,4.3694478524670215,8,2018,1,0,0,0,0,0,0,0,0,0,5.934405535076941,2,6.034405535076941,2,5.89207876553848,1,5.89207876553848,1,5.7
157,5.594711379601839,28,1998,1,1,0,0,0,1,0,0,0,0,5.3007568482896055,7,5.219562361627795,52,5.448045601101226,9,5.850804151307706,6,4.3
150,3.5263605246161616,51,1975,0,1,0,1,0,0,0,0,0,1,5.581264093112434,16,6.186326972424918,11,5.837304297111666,52,5.713304151307705,6,5.6
115,6.013715156042802,11,2015,1,0,0,0,0,0,0,0,0,0,5.928442401902117,1,6.143776172923092,4,5.928442401902117,1,5.901072201743607,2,6.1
153,7.311218384419629,25,2001,1,0,0,0,0,0,0,0,0,0,6.8068666587394615,21,5.188992142407252,7,5.837304297111666,52,5.933946020043966,11,6.2
125,3.8066624897703196,37,1989,1,1,0,0,1,0,0,0,0,0,6.090643321046164,10,6.135342018301013,13,5.90116967462939,1,5.963304151307705,6,5.8
129,6.486160788944089,27,1999,1,1,0,0,0,0,0,0,0,0,5.60627035671796,8,5.528400721966557,82,5.275643321046164,10,5.788613718262449,24,4.5
130,3.044522437723423,28,1998,1,1,0,0,0,0,0,0,0,0,4.896369434205138,14,5.921342085059831,89,5.756652075653853,22,5.901072201743607,2,6.2
